query_id,query_text,site,tool,rank,url,cosine_score,is_hit,url_match_pattern,normalized_url,page_rank_after_collapse
react-dev:0,How do I manage state in a React component?,react-dev,markcrawl,1,https://react.dev/learn/reacting-to-input-with-state,0.68067108732551,true,state,https://react.dev/learn/reacting-to-input-with-state,1
react-dev:0,How do I manage state in a React component?,react-dev,markcrawl,2,https://react.dev/learn/managing-state,0.6674719138975854,true,state,https://react.dev/learn/managing-state,2
react-dev:0,How do I manage state in a React component?,react-dev,markcrawl,3,https://react.dev/learn/preserving-and-resetting-state,0.650772460554015,true,state,https://react.dev/learn/preserving-and-resetting-state,3
react-dev:0,How do I manage state in a React component?,react-dev,markcrawl,4,https://react.dev/learn/managing-state,0.646968068285578,true,state,https://react.dev/learn/managing-state,2
react-dev:0,How do I manage state in a React component?,react-dev,markcrawl,5,https://react.dev/learn/state-a-components-memory,0.6401288555032604,true,state,https://react.dev/learn/state-a-components-memory,4
react-dev:1,How does the useEffect hook work in React?,react-dev,markcrawl,1,https://react.dev/learn/reusing-logic-with-custom-hooks,0.6056818503529294,false,useEffect,https://react.dev/learn/reusing-logic-with-custom-hooks,1
react-dev:1,How does the useEffect hook work in React?,react-dev,markcrawl,2,https://react.dev/learn/reusing-logic-with-custom-hooks,0.588087899760268,false,useEffect,https://react.dev/learn/reusing-logic-with-custom-hooks,1
react-dev:1,How does the useEffect hook work in React?,react-dev,markcrawl,3,https://react.dev/learn/you-might-not-need-an-effect,0.5879817858553621,false,useEffect,https://react.dev/learn/you-might-not-need-an-effect,2
react-dev:1,How does the useEffect hook work in React?,react-dev,markcrawl,4,https://react.dev/learn/reusing-logic-with-custom-hooks,0.587874061976062,false,useEffect,https://react.dev/learn/reusing-logic-with-custom-hooks,1
react-dev:1,How does the useEffect hook work in React?,react-dev,markcrawl,5,https://react.dev/learn/synchronizing-with-effects,0.586654972824182,false,useEffect,https://react.dev/learn/synchronizing-with-effects,3
react-dev:2,How do I create and use context in React?,react-dev,markcrawl,1,https://react.dev/learn/passing-data-deeply-with-context,0.6853724182900549,true,useContext,https://react.dev/learn/passing-data-deeply-with-context,1
react-dev:2,How do I create and use context in React?,react-dev,markcrawl,2,https://react.dev/learn/passing-data-deeply-with-context,0.6668233297222811,true,useContext,https://react.dev/learn/passing-data-deeply-with-context,1
react-dev:2,How do I create and use context in React?,react-dev,markcrawl,3,https://react.dev/learn/passing-data-deeply-with-context,0.6511439459857346,true,useContext,https://react.dev/learn/passing-data-deeply-with-context,1
react-dev:2,How do I create and use context in React?,react-dev,markcrawl,4,https://react.dev/learn/passing-data-deeply-with-context,0.6485094676410486,true,useContext,https://react.dev/learn/passing-data-deeply-with-context,1
react-dev:2,How do I create and use context in React?,react-dev,markcrawl,5,https://react.dev/learn/passing-data-deeply-with-context,0.6458804926993712,true,useContext,https://react.dev/learn/passing-data-deeply-with-context,1
react-dev:3,What is JSX and how does React use it?,react-dev,markcrawl,1,https://react.dev/learn/writing-markup-with-jsx,0.6751760318424075,true,writing-markup-with-jsx,https://react.dev/learn/writing-markup-with-jsx,1
react-dev:3,What is JSX and how does React use it?,react-dev,markcrawl,2,https://react.dev/learn/writing-markup-with-jsx,0.6344681880085963,true,writing-markup-with-jsx,https://react.dev/learn/writing-markup-with-jsx,1
react-dev:3,What is JSX and how does React use it?,react-dev,markcrawl,3,https://react.dev/learn,0.633313095913954,false,writing-markup-with-jsx,https://react.dev/learn,2
react-dev:3,What is JSX and how does React use it?,react-dev,markcrawl,4,https://react.dev/learn/writing-markup-with-jsx,0.6260329057321614,true,writing-markup-with-jsx,https://react.dev/learn/writing-markup-with-jsx,1
react-dev:3,What is JSX and how does React use it?,react-dev,markcrawl,5,https://react.dev/learn/javascript-in-jsx-with-curly-braces,0.6223953007645928,true,writing-markup-with-jsx,https://react.dev/learn/javascript-in-jsx-with-curly-braces,3
react-dev:4,How do I render lists and use keys in React?,react-dev,markcrawl,1,https://react.dev/learn/rendering-lists,0.6613770788438257,true,rendering-lists,https://react.dev/learn/rendering-lists,1
react-dev:4,How do I render lists and use keys in React?,react-dev,markcrawl,2,https://react.dev/learn/tutorial-tic-tac-toe,0.6377620305647406,false,rendering-lists,https://react.dev/learn/tutorial-tic-tac-toe,2
react-dev:4,How do I render lists and use keys in React?,react-dev,markcrawl,3,https://react.dev/learn/rendering-lists,0.6266726144324452,true,rendering-lists,https://react.dev/learn/rendering-lists,1
react-dev:4,How do I render lists and use keys in React?,react-dev,markcrawl,4,https://react.dev/learn/describing-the-ui,0.6192247431077582,false,rendering-lists,https://react.dev/learn/describing-the-ui,3
react-dev:4,How do I render lists and use keys in React?,react-dev,markcrawl,5,https://react.dev/learn/tutorial-tic-tac-toe,0.6113829421657292,false,rendering-lists,https://react.dev/learn/tutorial-tic-tac-toe,2
react-dev:5,How do I use the useRef hook in React?,react-dev,markcrawl,1,https://react.dev/learn/manipulating-the-dom-with-refs,0.7114894171871896,false,useRef,https://react.dev/learn/manipulating-the-dom-with-refs,1
react-dev:5,How do I use the useRef hook in React?,react-dev,markcrawl,2,https://react.dev/learn/referencing-values-with-refs,0.633566876003584,false,useRef,https://react.dev/learn/referencing-values-with-refs,2
react-dev:5,How do I use the useRef hook in React?,react-dev,markcrawl,3,https://react.dev/learn/referencing-values-with-refs,0.629080517682017,false,useRef,https://react.dev/learn/referencing-values-with-refs,2
react-dev:5,How do I use the useRef hook in React?,react-dev,markcrawl,4,https://react.dev/learn/escape-hatches,0.6199332446195536,false,useRef,https://react.dev/learn/escape-hatches,3
react-dev:5,How do I use the useRef hook in React?,react-dev,markcrawl,5,https://react.dev/learn/referencing-values-with-refs,0.6195280205498989,false,useRef,https://react.dev/learn/referencing-values-with-refs,2
react-dev:6,How do I pass props between React components?,react-dev,markcrawl,1,https://react.dev/learn/passing-props-to-a-component,0.6339387300806061,true,passing-props,https://react.dev/learn/passing-props-to-a-component,1
react-dev:6,How do I pass props between React components?,react-dev,markcrawl,2,https://react.dev/learn/passing-data-deeply-with-context,0.6185797598436088,false,passing-props,https://react.dev/learn/passing-data-deeply-with-context,2
react-dev:6,How do I pass props between React components?,react-dev,markcrawl,3,https://react.dev/learn/passing-props-to-a-component,0.5976144339660121,true,passing-props,https://react.dev/learn/passing-props-to-a-component,1
react-dev:6,How do I pass props between React components?,react-dev,markcrawl,4,https://react.dev/learn/passing-props-to-a-component,0.5872028206517869,true,passing-props,https://react.dev/learn/passing-props-to-a-component,1
react-dev:6,How do I pass props between React components?,react-dev,markcrawl,5,https://react.dev/learn/sharing-state-between-components,0.5858162363753536,false,passing-props,https://react.dev/learn/sharing-state-between-components,3
react-dev:7,How do I conditionally render content in React?,react-dev,markcrawl,1,https://react.dev/learn/describing-the-ui,0.5950009451626088,false,conditional-rendering,https://react.dev/learn/describing-the-ui,1
react-dev:7,How do I conditionally render content in React?,react-dev,markcrawl,2,https://react.dev/learn/conditional-rendering,0.5946561093493268,true,conditional-rendering,https://react.dev/learn/conditional-rendering,2
react-dev:7,How do I conditionally render content in React?,react-dev,markcrawl,3,https://react.dev/learn/conditional-rendering,0.5607646504664656,true,conditional-rendering,https://react.dev/learn/conditional-rendering,2
react-dev:7,How do I conditionally render content in React?,react-dev,markcrawl,4,https://react.dev/learn/conditional-rendering,0.5374342859210876,true,conditional-rendering,https://react.dev/learn/conditional-rendering,2
react-dev:7,How do I conditionally render content in React?,react-dev,markcrawl,5,https://react.dev/learn/understanding-your-ui-as-a-tree,0.536653734760467,false,conditional-rendering,https://react.dev/learn/understanding-your-ui-as-a-tree,3
react-dev:8,What is the useMemo hook for in React?,react-dev,markcrawl,1,https://react.dev/learn/typescript,0.6022204641979104,false,useMemo,https://react.dev/learn/typescript,1
react-dev:8,What is the useMemo hook for in React?,react-dev,markcrawl,2,https://react.dev/learn/you-might-not-need-an-effect,0.6019079291045436,false,useMemo,https://react.dev/learn/you-might-not-need-an-effect,2
react-dev:8,What is the useMemo hook for in React?,react-dev,markcrawl,3,https://react.dev/learn/react-compiler/introduction,0.5414104285650174,false,useMemo,https://react.dev/learn/react-compiler/introduction,3
react-dev:8,What is the useMemo hook for in React?,react-dev,markcrawl,4,https://react.dev/learn/react-compiler/introduction,0.5398826809328879,false,useMemo,https://react.dev/learn/react-compiler/introduction,3
react-dev:8,What is the useMemo hook for in React?,react-dev,markcrawl,5,https://react.dev/learn/you-might-not-need-an-effect,0.5293766650322235,false,useMemo,https://react.dev/learn/you-might-not-need-an-effect,2
react-dev:9,How do I use the useState hook in React?,react-dev,markcrawl,1,https://react.dev/learn/state-a-components-memory,0.6542277458609297,false,useState,https://react.dev/learn/state-a-components-memory,1
react-dev:9,How do I use the useState hook in React?,react-dev,markcrawl,2,https://react.dev/learn,0.6479241912455003,false,useState,https://react.dev/learn,2
react-dev:9,How do I use the useState hook in React?,react-dev,markcrawl,3,https://react.dev/learn/state-a-components-memory,0.6415751828374874,false,useState,https://react.dev/learn/state-a-components-memory,1
react-dev:9,How do I use the useState hook in React?,react-dev,markcrawl,4,https://react.dev/learn/state-a-components-memory,0.638407052988884,false,useState,https://react.dev/learn/state-a-components-memory,1
react-dev:9,How do I use the useState hook in React?,react-dev,markcrawl,5,https://react.dev/learn/reusing-logic-with-custom-hooks,0.5622855123889932,false,useState,https://react.dev/learn/reusing-logic-with-custom-hooks,3
react-dev:10,How do I use the useCallback hook in React?,react-dev,markcrawl,1,https://react.dev/learn/typescript,0.6361474863767566,false,useCallback,https://react.dev/learn/typescript,1
react-dev:10,How do I use the useCallback hook in React?,react-dev,markcrawl,2,https://react.dev/learn/manipulating-the-dom-with-refs,0.5411753875219933,false,useCallback,https://react.dev/learn/manipulating-the-dom-with-refs,2
react-dev:10,How do I use the useCallback hook in React?,react-dev,markcrawl,3,https://react.dev/learn/reusing-logic-with-custom-hooks,0.5360733716651107,false,useCallback,https://react.dev/learn/reusing-logic-with-custom-hooks,3
react-dev:10,How do I use the useCallback hook in React?,react-dev,markcrawl,4,https://react.dev/learn/reusing-logic-with-custom-hooks,0.5329117407202302,false,useCallback,https://react.dev/learn/reusing-logic-with-custom-hooks,3
react-dev:10,How do I use the useCallback hook in React?,react-dev,markcrawl,5,https://react.dev/learn/reusing-logic-with-custom-hooks,0.5278267610367535,false,useCallback,https://react.dev/learn/reusing-logic-with-custom-hooks,3
react-dev:11,How do I use the useReducer hook in React?,react-dev,markcrawl,1,https://react.dev/learn/typescript,0.6538182188991588,false,useReducer,https://react.dev/learn/typescript,1
react-dev:11,How do I use the useReducer hook in React?,react-dev,markcrawl,2,https://react.dev/learn/extracting-state-logic-into-a-reducer,0.6214271252067077,false,useReducer,https://react.dev/learn/extracting-state-logic-into-a-reducer,2
react-dev:11,How do I use the useReducer hook in React?,react-dev,markcrawl,3,https://react.dev/learn/extracting-state-logic-into-a-reducer,0.6097789489695163,false,useReducer,https://react.dev/learn/extracting-state-logic-into-a-reducer,2
react-dev:11,How do I use the useReducer hook in React?,react-dev,markcrawl,4,https://react.dev/learn/extracting-state-logic-into-a-reducer,0.609478840500207,false,useReducer,https://react.dev/learn/extracting-state-logic-into-a-reducer,2
react-dev:11,How do I use the useReducer hook in React?,react-dev,markcrawl,5,https://react.dev/learn/extracting-state-logic-into-a-reducer,0.6036131566494827,false,useReducer,https://react.dev/learn/extracting-state-logic-into-a-reducer,2
react-dev:12,How do I handle events like clicks in React?,react-dev,markcrawl,1,https://react.dev/learn/responding-to-events,0.6268808389803204,true,responding-to-events,https://react.dev/learn/responding-to-events,1
react-dev:12,How do I handle events like clicks in React?,react-dev,markcrawl,2,https://react.dev/learn,0.6071604100962618,false,responding-to-events,https://react.dev/learn,2
react-dev:12,How do I handle events like clicks in React?,react-dev,markcrawl,3,https://react.dev/learn/responding-to-events,0.5898258039312566,true,responding-to-events,https://react.dev/learn/responding-to-events,1
react-dev:12,How do I handle events like clicks in React?,react-dev,markcrawl,4,https://react.dev/learn/tutorial-tic-tac-toe,0.587047463410906,false,responding-to-events,https://react.dev/learn/tutorial-tic-tac-toe,3
react-dev:12,How do I handle events like clicks in React?,react-dev,markcrawl,5,https://react.dev/learn/manipulating-the-dom-with-refs,0.5836707401996506,false,responding-to-events,https://react.dev/learn/manipulating-the-dom-with-refs,4
react-dev:13,What is the Suspense component in React?,react-dev,markcrawl,1,https://react.dev/learn/creating-a-react-app,0.5683412530696521,false,Suspense,https://react.dev/learn/creating-a-react-app,1
react-dev:13,What is the Suspense component in React?,react-dev,markcrawl,2,https://react.dev/learn/synchronizing-with-effects,0.5369808801739417,false,Suspense,https://react.dev/learn/synchronizing-with-effects,2
react-dev:13,What is the Suspense component in React?,react-dev,markcrawl,3,https://react.dev/learn/reacting-to-input-with-state,0.5328282389604451,false,Suspense,https://react.dev/learn/reacting-to-input-with-state,3
react-dev:13,What is the Suspense component in React?,react-dev,markcrawl,4,https://react.dev/learn/managing-state,0.5209470348851329,false,Suspense,https://react.dev/learn/managing-state,4
react-dev:13,What is the Suspense component in React?,react-dev,markcrawl,5,https://react.dev/learn/adding-interactivity,0.5203590274629339,false,Suspense,https://react.dev/learn/adding-interactivity,5
react-dev:14,How do I add interactivity to React components?,react-dev,markcrawl,1,https://react.dev/learn/adding-interactivity,0.6332828256291826,true,adding-interactivity,https://react.dev/learn/adding-interactivity,1
react-dev:14,How do I add interactivity to React components?,react-dev,markcrawl,2,https://react.dev/learn/responding-to-events,0.6063736080191415,false,adding-interactivity,https://react.dev/learn/responding-to-events,2
react-dev:14,How do I add interactivity to React components?,react-dev,markcrawl,3,https://react.dev/learn/render-and-commit,0.5940452272025828,false,adding-interactivity,https://react.dev/learn/render-and-commit,3
react-dev:14,How do I add interactivity to React components?,react-dev,markcrawl,4,https://react.dev/learn/reacting-to-input-with-state,0.5834682307763429,false,adding-interactivity,https://react.dev/learn/reacting-to-input-with-state,4
react-dev:14,How do I add interactivity to React components?,react-dev,markcrawl,5,https://react.dev/learn/adding-interactivity,0.5795414533273527,true,adding-interactivity,https://react.dev/learn/adding-interactivity,1
react-dev:15,How do I install and set up a new React project?,react-dev,markcrawl,1,https://react.dev/learn/build-a-react-app-from-scratch,0.6565648973627525,false,installation,https://react.dev/learn/build-a-react-app-from-scratch,1
react-dev:15,How do I install and set up a new React project?,react-dev,markcrawl,2,https://react.dev/learn/setup,0.6387375379947828,false,installation,https://react.dev/learn/setup,2
react-dev:15,How do I install and set up a new React project?,react-dev,markcrawl,3,https://react.dev/learn/add-react-to-an-existing-project,0.6181099165301213,false,installation,https://react.dev/learn/add-react-to-an-existing-project,3
react-dev:15,How do I install and set up a new React project?,react-dev,markcrawl,4,https://react.dev/learn/installation,0.6062923912736021,true,installation,https://react.dev/learn/installation,4
react-dev:15,How do I install and set up a new React project?,react-dev,markcrawl,5,https://react.dev/learn/react-compiler/installation,0.6006068757739011,true,installation,https://react.dev/learn/react-compiler/installation,5
react-dev:0,How do I manage state in a React component?,react-dev,crawl4ai,1,https://he.react.dev/learn/managing-state,0.6798713593778736,true,state,https://react.dev/learn/managing-state,1
react-dev:0,How do I manage state in a React component?,react-dev,crawl4ai,2,https://az.react.dev/learn/managing-state,0.6786537009568117,true,state,https://react.dev/learn/managing-state,1
react-dev:0,How do I manage state in a React component?,react-dev,crawl4ai,3,https://de.react.dev/learn/managing-state,0.6782814924117886,true,state,https://react.dev/learn/managing-state,1
react-dev:0,How do I manage state in a React component?,react-dev,crawl4ai,4,https://18.react.dev/learn/managing-state,0.6771397606726827,true,state,https://18.react.dev/learn/managing-state,2
react-dev:0,How do I manage state in a React component?,react-dev,crawl4ai,5,https://react.dev/learn/managing-state,0.6753397657284719,true,state,https://react.dev/learn/managing-state,1
react-dev:1,How does the useEffect hook work in React?,react-dev,crawl4ai,1,https://react.dev/reference/react/useEffect,0.6163933901436179,true,useEffect,https://react.dev/reference/react/useeffect,1
react-dev:1,How does the useEffect hook work in React?,react-dev,crawl4ai,2,https://react.dev/reference/react/useEffect,0.614704249713039,true,useEffect,https://react.dev/reference/react/useeffect,1
react-dev:1,How does the useEffect hook work in React?,react-dev,crawl4ai,3,https://react.dev/reference/eslint-plugin-react-hooks/lints/rules-of-hooks,0.6099858993196265,false,useEffect,https://react.dev/reference/eslint-plugin-react-hooks/lints/rules-of-hooks,2
react-dev:1,How does the useEffect hook work in React?,react-dev,crawl4ai,4,https://react.dev/reference/react/useEffect,0.6099851337162828,true,useEffect,https://react.dev/reference/react/useeffect,1
react-dev:1,How does the useEffect hook work in React?,react-dev,crawl4ai,5,https://react.dev/learn/reusing-logic-with-custom-hooks,0.6088246741157208,false,useEffect,https://react.dev/learn/reusing-logic-with-custom-hooks,3
react-dev:2,How do I create and use context in React?,react-dev,crawl4ai,1,https://react.dev/reference/react/createContext,0.7365940575489499,true,useContext,https://react.dev/reference/react/createcontext,1
react-dev:2,How do I create and use context in React?,react-dev,crawl4ai,2,https://react.dev/learn/passing-data-deeply-with-context,0.7187748954587393,true,useContext,https://react.dev/learn/passing-data-deeply-with-context,2
react-dev:2,How do I create and use context in React?,react-dev,crawl4ai,3,https://react.dev/reference/react/createContext,0.7182476035955484,true,useContext,https://react.dev/reference/react/createcontext,1
react-dev:2,How do I create and use context in React?,react-dev,crawl4ai,4,https://react.dev/reference/react/useContext,0.7149640360713957,true,useContext,https://react.dev/reference/react/usecontext,3
react-dev:2,How do I create and use context in React?,react-dev,crawl4ai,5,https://react.dev/learn/passing-data-deeply-with-context,0.7081115604846705,true,useContext,https://react.dev/learn/passing-data-deeply-with-context,2
react-dev:3,What is JSX and how does React use it?,react-dev,crawl4ai,1,https://react.dev/learn/writing-markup-with-jsx,0.684517765810503,true,writing-markup-with-jsx,https://react.dev/learn/writing-markup-with-jsx,1
react-dev:3,What is JSX and how does React use it?,react-dev,crawl4ai,2,https://react.dev/learn/writing-markup-with-jsx,0.6604631818133664,true,writing-markup-with-jsx,https://react.dev/learn/writing-markup-with-jsx,1
react-dev:3,What is JSX and how does React use it?,react-dev,crawl4ai,3,https://react.dev/learn/javascript-in-jsx-with-curly-braces,0.6474576290083376,true,writing-markup-with-jsx,https://react.dev/learn/javascript-in-jsx-with-curly-braces,2
react-dev:3,What is JSX and how does React use it?,react-dev,crawl4ai,4,https://react.dev/learn/writing-markup-with-jsx,0.6392969988426876,true,writing-markup-with-jsx,https://react.dev/learn/writing-markup-with-jsx,1
react-dev:3,What is JSX and how does React use it?,react-dev,crawl4ai,5,https://react.dev/learn/conditional-rendering,0.6308265928824481,false,writing-markup-with-jsx,https://react.dev/learn/conditional-rendering,3
react-dev:4,How do I render lists and use keys in React?,react-dev,crawl4ai,1,https://react.dev/learn/tutorial-tic-tac-toe,0.6999046767927485,false,rendering-lists,https://react.dev/learn/tutorial-tic-tac-toe,1
react-dev:4,How do I render lists and use keys in React?,react-dev,crawl4ai,2,https://react.dev/learn/rendering-lists,0.6936309172350811,true,rendering-lists,https://react.dev/learn/rendering-lists,2
react-dev:4,How do I render lists and use keys in React?,react-dev,crawl4ai,3,https://react.dev/learn/rendering-lists,0.6694196217093775,true,rendering-lists,https://react.dev/learn/rendering-lists,2
react-dev:4,How do I render lists and use keys in React?,react-dev,crawl4ai,4,https://react.dev/learn/rendering-lists,0.6640435562915523,true,rendering-lists,https://react.dev/learn/rendering-lists,2
react-dev:4,How do I render lists and use keys in React?,react-dev,crawl4ai,5,https://react.dev/learn/rendering-lists,0.6587010116833567,true,rendering-lists,https://react.dev/learn/rendering-lists,2
react-dev:5,How do I use the useRef hook in React?,react-dev,crawl4ai,1,https://react.dev/reference/react/useRef,0.6660380212593757,true,useRef,https://react.dev/reference/react/useref,1
react-dev:5,How do I use the useRef hook in React?,react-dev,crawl4ai,2,https://react.dev/learn/referencing-values-with-refs,0.6603147430180577,false,useRef,https://react.dev/learn/referencing-values-with-refs,2
react-dev:5,How do I use the useRef hook in React?,react-dev,crawl4ai,3,https://react.dev/learn/referencing-values-with-refs,0.6568816886818766,false,useRef,https://react.dev/learn/referencing-values-with-refs,2
react-dev:5,How do I use the useRef hook in React?,react-dev,crawl4ai,4,https://react.dev/reference/react/useRef,0.6546793357733862,true,useRef,https://react.dev/reference/react/useref,1
react-dev:5,How do I use the useRef hook in React?,react-dev,crawl4ai,5,https://react.dev/learn/manipulating-the-dom-with-refs,0.6531128039808309,false,useRef,https://react.dev/learn/manipulating-the-dom-with-refs,3
react-dev:6,How do I pass props between React components?,react-dev,crawl4ai,1,https://react.dev/learn/passing-props-to-a-component,0.6980460647661881,true,passing-props,https://react.dev/learn/passing-props-to-a-component,1
react-dev:6,How do I pass props between React components?,react-dev,crawl4ai,2,https://react.dev/learn/passing-data-deeply-with-context,0.6638570268317358,false,passing-props,https://react.dev/learn/passing-data-deeply-with-context,2
react-dev:6,How do I pass props between React components?,react-dev,crawl4ai,3,https://react.dev/learn/passing-props-to-a-component,0.6589638344068737,true,passing-props,https://react.dev/learn/passing-props-to-a-component,1
react-dev:6,How do I pass props between React components?,react-dev,crawl4ai,4,https://react.dev/learn/passing-data-deeply-with-context,0.6486369057199359,false,passing-props,https://react.dev/learn/passing-data-deeply-with-context,2
react-dev:6,How do I pass props between React components?,react-dev,crawl4ai,5,https://react.dev/learn/passing-data-deeply-with-context,0.6324253570673861,false,passing-props,https://react.dev/learn/passing-data-deeply-with-context,2
react-dev:7,How do I conditionally render content in React?,react-dev,crawl4ai,1,https://react.dev/learn/conditional-rendering,0.6188339606255143,true,conditional-rendering,https://react.dev/learn/conditional-rendering,1
react-dev:7,How do I conditionally render content in React?,react-dev,crawl4ai,2,https://de.react.dev/learn/describing-the-ui,0.5990054311489438,false,conditional-rendering,https://react.dev/learn/describing-the-ui,2
react-dev:7,How do I conditionally render content in React?,react-dev,crawl4ai,3,https://react.dev/learn/conditional-rendering,0.597109284009339,true,conditional-rendering,https://react.dev/learn/conditional-rendering,1
react-dev:7,How do I conditionally render content in React?,react-dev,crawl4ai,4,https://react.dev/learn/describing-the-ui,0.595584370660173,false,conditional-rendering,https://react.dev/learn/describing-the-ui,2
react-dev:7,How do I conditionally render content in React?,react-dev,crawl4ai,5,https://react.dev/learn/conditional-rendering,0.5866140074259272,true,conditional-rendering,https://react.dev/learn/conditional-rendering,1
react-dev:8,What is the useMemo hook for in React?,react-dev,crawl4ai,1,https://react.dev/reference/react/useMemo,0.6661416550897461,true,useMemo,https://react.dev/reference/react/usememo,1
react-dev:8,What is the useMemo hook for in React?,react-dev,crawl4ai,2,https://react.dev/reference/react/useMemo,0.6623485365293537,true,useMemo,https://react.dev/reference/react/usememo,1
react-dev:8,What is the useMemo hook for in React?,react-dev,crawl4ai,3,https://react.dev/reference/react/useMemo,0.6514064322350269,true,useMemo,https://react.dev/reference/react/usememo,1
react-dev:8,What is the useMemo hook for in React?,react-dev,crawl4ai,4,https://react.dev/reference/react/useMemo,0.6409301629021057,true,useMemo,https://react.dev/reference/react/usememo,1
react-dev:8,What is the useMemo hook for in React?,react-dev,crawl4ai,5,https://react.dev/reference/react/useMemo,0.6266106511284218,true,useMemo,https://react.dev/reference/react/usememo,1
react-dev:9,How do I use the useState hook in React?,react-dev,crawl4ai,1,https://react.dev/learn/state-a-components-memory,0.6647068471742231,false,useState,https://react.dev/learn/state-a-components-memory,1
react-dev:9,How do I use the useState hook in React?,react-dev,crawl4ai,2,https://react.dev/learn/state-a-components-memory,0.663110158840035,false,useState,https://react.dev/learn/state-a-components-memory,1
react-dev:9,How do I use the useState hook in React?,react-dev,crawl4ai,3,https://react.dev/learn/state-a-components-memory,0.6608913797461843,false,useState,https://react.dev/learn/state-a-components-memory,1
react-dev:9,How do I use the useState hook in React?,react-dev,crawl4ai,4,https://18.react.dev/learn,0.6301222912670803,false,useState,https://18.react.dev/learn,2
react-dev:9,How do I use the useState hook in React?,react-dev,crawl4ai,5,https://he.react.dev/learn,0.6289249811954793,false,useState,https://react.dev/learn,3
react-dev:10,How do I use the useCallback hook in React?,react-dev,crawl4ai,1,https://react.dev/reference/react/useCallback,0.6677683785080895,true,useCallback,https://react.dev/reference/react/usecallback,1
react-dev:10,How do I use the useCallback hook in React?,react-dev,crawl4ai,2,https://react.dev/reference/react/useCallback,0.6431910203243192,true,useCallback,https://react.dev/reference/react/usecallback,1
react-dev:10,How do I use the useCallback hook in React?,react-dev,crawl4ai,3,https://react.dev/reference/react/useCallback,0.6288765047034272,true,useCallback,https://react.dev/reference/react/usecallback,1
react-dev:10,How do I use the useCallback hook in React?,react-dev,crawl4ai,4,https://react.dev/learn/typescript,0.6275831581906687,false,useCallback,https://react.dev/learn/typescript,2
react-dev:10,How do I use the useCallback hook in React?,react-dev,crawl4ai,5,https://react.dev/reference/react/useCallback,0.6221388920401913,true,useCallback,https://react.dev/reference/react/usecallback,1
react-dev:11,How do I use the useReducer hook in React?,react-dev,crawl4ai,1,https://react.dev/reference/react/useReducer,0.7143212685899909,true,useReducer,https://react.dev/reference/react/usereducer,1
react-dev:11,How do I use the useReducer hook in React?,react-dev,crawl4ai,2,https://react.dev/reference/react/useReducer,0.6992981275683693,true,useReducer,https://react.dev/reference/react/usereducer,1
react-dev:11,How do I use the useReducer hook in React?,react-dev,crawl4ai,3,https://react.dev/reference/react/useReducer,0.6949308669505829,true,useReducer,https://react.dev/reference/react/usereducer,1
react-dev:11,How do I use the useReducer hook in React?,react-dev,crawl4ai,4,https://react.dev/reference/react/useReducer,0.6749356064093951,true,useReducer,https://react.dev/reference/react/usereducer,1
react-dev:11,How do I use the useReducer hook in React?,react-dev,crawl4ai,5,https://react.dev/reference/react/useReducer,0.6651218139869742,true,useReducer,https://react.dev/reference/react/usereducer,1
react-dev:12,How do I handle events like clicks in React?,react-dev,crawl4ai,1,https://react.dev/learn/responding-to-events,0.6582821916255207,true,responding-to-events,https://react.dev/learn/responding-to-events,1
react-dev:12,How do I handle events like clicks in React?,react-dev,crawl4ai,2,https://az.react.dev/learn,0.6236972632011556,false,responding-to-events,https://react.dev/learn,2
react-dev:12,How do I handle events like clicks in React?,react-dev,crawl4ai,3,https://18.react.dev/learn,0.6222051807839019,false,responding-to-events,https://18.react.dev/learn,3
react-dev:12,How do I handle events like clicks in React?,react-dev,crawl4ai,4,https://de.react.dev/learn/adding-interactivity,0.62051126105408,false,responding-to-events,https://react.dev/learn/adding-interactivity,4
react-dev:12,How do I handle events like clicks in React?,react-dev,crawl4ai,5,https://he.react.dev/learn,0.6204690702139729,false,responding-to-events,https://react.dev/learn,2
react-dev:13,What is the Suspense component in React?,react-dev,crawl4ai,1,https://react.dev/reference/react/Suspense,0.6931639557697092,true,Suspense,https://react.dev/reference/react/suspense,1
react-dev:13,What is the Suspense component in React?,react-dev,crawl4ai,2,https://react.dev/reference/react/Suspense,0.6860080838413742,true,Suspense,https://react.dev/reference/react/suspense,1
react-dev:13,What is the Suspense component in React?,react-dev,crawl4ai,3,https://react.dev/reference/react/Suspense,0.6727775752448705,true,Suspense,https://react.dev/reference/react/suspense,1
react-dev:13,What is the Suspense component in React?,react-dev,crawl4ai,4,https://react.dev/reference/react/Suspense,0.668235000246114,true,Suspense,https://react.dev/reference/react/suspense,1
react-dev:13,What is the Suspense component in React?,react-dev,crawl4ai,5,https://react.dev/reference/react/Suspense,0.6560948168866684,true,Suspense,https://react.dev/reference/react/suspense,1
react-dev:14,How do I add interactivity to React components?,react-dev,crawl4ai,1,https://de.react.dev/learn/adding-interactivity,0.6828650040067324,true,adding-interactivity,https://react.dev/learn/adding-interactivity,1
react-dev:14,How do I add interactivity to React components?,react-dev,crawl4ai,2,https://react.dev/learn/adding-interactivity,0.6745566379380327,true,adding-interactivity,https://react.dev/learn/adding-interactivity,1
react-dev:14,How do I add interactivity to React components?,react-dev,crawl4ai,3,https://he.react.dev/learn/adding-interactivity,0.662894913967161,true,adding-interactivity,https://react.dev/learn/adding-interactivity,1
react-dev:14,How do I add interactivity to React components?,react-dev,crawl4ai,4,https://az.react.dev/learn/adding-interactivity,0.659884382523061,true,adding-interactivity,https://react.dev/learn/adding-interactivity,1
react-dev:14,How do I add interactivity to React components?,react-dev,crawl4ai,5,https://18.react.dev/learn/adding-interactivity,0.659534636530048,true,adding-interactivity,https://18.react.dev/learn/adding-interactivity,2
react-dev:15,How do I install and set up a new React project?,react-dev,crawl4ai,1,https://az.react.dev/learn/add-react-to-an-existing-project,0.700566955794288,false,installation,https://react.dev/learn/add-react-to-an-existing-project,1
react-dev:15,How do I install and set up a new React project?,react-dev,crawl4ai,2,https://18.react.dev/learn/add-react-to-an-existing-project,0.6979617264418406,false,installation,https://18.react.dev/learn/add-react-to-an-existing-project,2
react-dev:15,How do I install and set up a new React project?,react-dev,crawl4ai,3,https://he.react.dev/learn/add-react-to-an-existing-project,0.6979059743503966,false,installation,https://react.dev/learn/add-react-to-an-existing-project,1
react-dev:15,How do I install and set up a new React project?,react-dev,crawl4ai,4,https://react.dev/learn/add-react-to-an-existing-project,0.6950949681834631,false,installation,https://react.dev/learn/add-react-to-an-existing-project,1
react-dev:15,How do I install and set up a new React project?,react-dev,crawl4ai,5,https://18.react.dev/learn/installation,0.6772676108599185,true,installation,https://18.react.dev/learn/installation,3
react-dev:0,How do I manage state in a React component?,react-dev,crawl4ai-raw,1,https://he.react.dev/learn/managing-state,0.6798713593778736,true,state,https://react.dev/learn/managing-state,1
react-dev:0,How do I manage state in a React component?,react-dev,crawl4ai-raw,2,https://az.react.dev/learn/managing-state,0.6785000933702591,true,state,https://react.dev/learn/managing-state,1
react-dev:0,How do I manage state in a React component?,react-dev,crawl4ai-raw,3,https://de.react.dev/learn/managing-state,0.6782814924117886,true,state,https://react.dev/learn/managing-state,1
react-dev:0,How do I manage state in a React component?,react-dev,crawl4ai-raw,4,https://18.react.dev/learn/managing-state,0.6771397606726827,true,state,https://18.react.dev/learn/managing-state,2
react-dev:0,How do I manage state in a React component?,react-dev,crawl4ai-raw,5,https://react.dev/learn/managing-state,0.6753397657284719,true,state,https://react.dev/learn/managing-state,1
react-dev:1,How does the useEffect hook work in React?,react-dev,crawl4ai-raw,1,https://react.dev/reference/react/useEffect,0.6163933901436179,true,useEffect,https://react.dev/reference/react/useeffect,1
react-dev:1,How does the useEffect hook work in React?,react-dev,crawl4ai-raw,2,https://react.dev/reference/react/useEffect,0.614704249713039,true,useEffect,https://react.dev/reference/react/useeffect,1
react-dev:1,How does the useEffect hook work in React?,react-dev,crawl4ai-raw,3,https://react.dev/reference/eslint-plugin-react-hooks/lints/rules-of-hooks,0.6099858993196265,false,useEffect,https://react.dev/reference/eslint-plugin-react-hooks/lints/rules-of-hooks,2
react-dev:1,How does the useEffect hook work in React?,react-dev,crawl4ai-raw,4,https://react.dev/reference/react/useEffect,0.6099851337162828,true,useEffect,https://react.dev/reference/react/useeffect,1
react-dev:1,How does the useEffect hook work in React?,react-dev,crawl4ai-raw,5,https://react.dev/learn/reusing-logic-with-custom-hooks,0.6088246741157208,false,useEffect,https://react.dev/learn/reusing-logic-with-custom-hooks,3
react-dev:2,How do I create and use context in React?,react-dev,crawl4ai-raw,1,https://react.dev/reference/react/createContext,0.7366169389738526,true,useContext,https://react.dev/reference/react/createcontext,1
react-dev:2,How do I create and use context in React?,react-dev,crawl4ai-raw,2,https://react.dev/learn/passing-data-deeply-with-context,0.7187788381830512,true,useContext,https://react.dev/learn/passing-data-deeply-with-context,2
react-dev:2,How do I create and use context in React?,react-dev,crawl4ai-raw,3,https://react.dev/reference/react/createContext,0.7182357020693686,true,useContext,https://react.dev/reference/react/createcontext,1
react-dev:2,How do I create and use context in React?,react-dev,crawl4ai-raw,4,https://react.dev/reference/react/useContext,0.7149640360713957,true,useContext,https://react.dev/reference/react/usecontext,3
react-dev:2,How do I create and use context in React?,react-dev,crawl4ai-raw,5,https://react.dev/learn/passing-data-deeply-with-context,0.7080483441680665,true,useContext,https://react.dev/learn/passing-data-deeply-with-context,2
react-dev:3,What is JSX and how does React use it?,react-dev,crawl4ai-raw,1,https://react.dev/learn/writing-markup-with-jsx,0.684517765810503,true,writing-markup-with-jsx,https://react.dev/learn/writing-markup-with-jsx,1
react-dev:3,What is JSX and how does React use it?,react-dev,crawl4ai-raw,2,https://react.dev/learn/writing-markup-with-jsx,0.6604631818133664,true,writing-markup-with-jsx,https://react.dev/learn/writing-markup-with-jsx,1
react-dev:3,What is JSX and how does React use it?,react-dev,crawl4ai-raw,3,https://react.dev/learn/javascript-in-jsx-with-curly-braces,0.6474576290083376,true,writing-markup-with-jsx,https://react.dev/learn/javascript-in-jsx-with-curly-braces,2
react-dev:3,What is JSX and how does React use it?,react-dev,crawl4ai-raw,4,https://react.dev/learn/writing-markup-with-jsx,0.6392969988426876,true,writing-markup-with-jsx,https://react.dev/learn/writing-markup-with-jsx,1
react-dev:3,What is JSX and how does React use it?,react-dev,crawl4ai-raw,5,https://react.dev/learn/conditional-rendering,0.6308265928824481,false,writing-markup-with-jsx,https://react.dev/learn/conditional-rendering,3
react-dev:4,How do I render lists and use keys in React?,react-dev,crawl4ai-raw,1,https://react.dev/learn/tutorial-tic-tac-toe,0.6999046767927485,false,rendering-lists,https://react.dev/learn/tutorial-tic-tac-toe,1
react-dev:4,How do I render lists and use keys in React?,react-dev,crawl4ai-raw,2,https://react.dev/learn/rendering-lists,0.6936309172350811,true,rendering-lists,https://react.dev/learn/rendering-lists,2
react-dev:4,How do I render lists and use keys in React?,react-dev,crawl4ai-raw,3,https://react.dev/learn/rendering-lists,0.6694196217093775,true,rendering-lists,https://react.dev/learn/rendering-lists,2
react-dev:4,How do I render lists and use keys in React?,react-dev,crawl4ai-raw,4,https://react.dev/learn/rendering-lists,0.6640435562915523,true,rendering-lists,https://react.dev/learn/rendering-lists,2
react-dev:4,How do I render lists and use keys in React?,react-dev,crawl4ai-raw,5,https://react.dev/learn/rendering-lists,0.6587010116833567,true,rendering-lists,https://react.dev/learn/rendering-lists,2
react-dev:5,How do I use the useRef hook in React?,react-dev,crawl4ai-raw,1,https://react.dev/reference/react/useRef,0.6660380212593757,true,useRef,https://react.dev/reference/react/useref,1
react-dev:5,How do I use the useRef hook in React?,react-dev,crawl4ai-raw,2,https://react.dev/learn/referencing-values-with-refs,0.6603147430180577,false,useRef,https://react.dev/learn/referencing-values-with-refs,2
react-dev:5,How do I use the useRef hook in React?,react-dev,crawl4ai-raw,3,https://react.dev/learn/referencing-values-with-refs,0.6568816886818766,false,useRef,https://react.dev/learn/referencing-values-with-refs,2
react-dev:5,How do I use the useRef hook in React?,react-dev,crawl4ai-raw,4,https://react.dev/reference/react/useRef,0.6546793357733862,true,useRef,https://react.dev/reference/react/useref,1
react-dev:5,How do I use the useRef hook in React?,react-dev,crawl4ai-raw,5,https://react.dev/learn/manipulating-the-dom-with-refs,0.6531128039808309,false,useRef,https://react.dev/learn/manipulating-the-dom-with-refs,3
react-dev:6,How do I pass props between React components?,react-dev,crawl4ai-raw,1,https://react.dev/learn/passing-props-to-a-component,0.6980460647661881,true,passing-props,https://react.dev/learn/passing-props-to-a-component,1
react-dev:6,How do I pass props between React components?,react-dev,crawl4ai-raw,2,https://react.dev/learn/passing-data-deeply-with-context,0.6639947780400682,false,passing-props,https://react.dev/learn/passing-data-deeply-with-context,2
react-dev:6,How do I pass props between React components?,react-dev,crawl4ai-raw,3,https://react.dev/learn/passing-props-to-a-component,0.6589638344068737,true,passing-props,https://react.dev/learn/passing-props-to-a-component,1
react-dev:6,How do I pass props between React components?,react-dev,crawl4ai-raw,4,https://react.dev/learn/passing-data-deeply-with-context,0.6474074089691356,false,passing-props,https://react.dev/learn/passing-data-deeply-with-context,2
react-dev:6,How do I pass props between React components?,react-dev,crawl4ai-raw,5,https://react.dev/learn/passing-data-deeply-with-context,0.6324544736493158,false,passing-props,https://react.dev/learn/passing-data-deeply-with-context,2
react-dev:7,How do I conditionally render content in React?,react-dev,crawl4ai-raw,1,https://react.dev/learn/conditional-rendering,0.6188339606255143,true,conditional-rendering,https://react.dev/learn/conditional-rendering,1
react-dev:7,How do I conditionally render content in React?,react-dev,crawl4ai-raw,2,https://de.react.dev/learn/describing-the-ui,0.5990054311489438,false,conditional-rendering,https://react.dev/learn/describing-the-ui,2
react-dev:7,How do I conditionally render content in React?,react-dev,crawl4ai-raw,3,https://react.dev/learn/conditional-rendering,0.597109284009339,true,conditional-rendering,https://react.dev/learn/conditional-rendering,1
react-dev:7,How do I conditionally render content in React?,react-dev,crawl4ai-raw,4,https://react.dev/learn/describing-the-ui,0.595584370660173,false,conditional-rendering,https://react.dev/learn/describing-the-ui,2
react-dev:7,How do I conditionally render content in React?,react-dev,crawl4ai-raw,5,https://react.dev/learn/conditional-rendering,0.5866140074259272,true,conditional-rendering,https://react.dev/learn/conditional-rendering,1
react-dev:8,What is the useMemo hook for in React?,react-dev,crawl4ai-raw,1,https://react.dev/reference/react/useMemo,0.6661416550897461,true,useMemo,https://react.dev/reference/react/usememo,1
react-dev:8,What is the useMemo hook for in React?,react-dev,crawl4ai-raw,2,https://react.dev/reference/react/useMemo,0.6623485365293537,true,useMemo,https://react.dev/reference/react/usememo,1
react-dev:8,What is the useMemo hook for in React?,react-dev,crawl4ai-raw,3,https://react.dev/reference/react/useMemo,0.6514064322350269,true,useMemo,https://react.dev/reference/react/usememo,1
react-dev:8,What is the useMemo hook for in React?,react-dev,crawl4ai-raw,4,https://react.dev/reference/react/useMemo,0.6409301629021057,true,useMemo,https://react.dev/reference/react/usememo,1
react-dev:8,What is the useMemo hook for in React?,react-dev,crawl4ai-raw,5,https://react.dev/reference/react/useMemo,0.6266106511284218,true,useMemo,https://react.dev/reference/react/usememo,1
react-dev:9,How do I use the useState hook in React?,react-dev,crawl4ai-raw,1,https://react.dev/learn/state-a-components-memory,0.6647068471742231,false,useState,https://react.dev/learn/state-a-components-memory,1
react-dev:9,How do I use the useState hook in React?,react-dev,crawl4ai-raw,2,https://react.dev/learn/state-a-components-memory,0.663110158840035,false,useState,https://react.dev/learn/state-a-components-memory,1
react-dev:9,How do I use the useState hook in React?,react-dev,crawl4ai-raw,3,https://react.dev/learn/state-a-components-memory,0.6608913797461843,false,useState,https://react.dev/learn/state-a-components-memory,1
react-dev:9,How do I use the useState hook in React?,react-dev,crawl4ai-raw,4,https://18.react.dev/learn,0.6301222912670803,false,useState,https://18.react.dev/learn,2
react-dev:9,How do I use the useState hook in React?,react-dev,crawl4ai-raw,5,https://he.react.dev/learn,0.6289249811954793,false,useState,https://react.dev/learn,3
react-dev:10,How do I use the useCallback hook in React?,react-dev,crawl4ai-raw,1,https://react.dev/reference/react/useCallback,0.6677683785080895,true,useCallback,https://react.dev/reference/react/usecallback,1
react-dev:10,How do I use the useCallback hook in React?,react-dev,crawl4ai-raw,2,https://react.dev/reference/react/useCallback,0.6431910203243192,true,useCallback,https://react.dev/reference/react/usecallback,1
react-dev:10,How do I use the useCallback hook in React?,react-dev,crawl4ai-raw,3,https://react.dev/reference/react/useCallback,0.6288765047034272,true,useCallback,https://react.dev/reference/react/usecallback,1
react-dev:10,How do I use the useCallback hook in React?,react-dev,crawl4ai-raw,4,https://react.dev/learn/typescript,0.6275831581906687,false,useCallback,https://react.dev/learn/typescript,2
react-dev:10,How do I use the useCallback hook in React?,react-dev,crawl4ai-raw,5,https://react.dev/reference/react/useCallback,0.6221388920401913,true,useCallback,https://react.dev/reference/react/usecallback,1
react-dev:11,How do I use the useReducer hook in React?,react-dev,crawl4ai-raw,1,https://react.dev/reference/react/useReducer,0.7143212685899909,true,useReducer,https://react.dev/reference/react/usereducer,1
react-dev:11,How do I use the useReducer hook in React?,react-dev,crawl4ai-raw,2,https://react.dev/reference/react/useReducer,0.6992981275683693,true,useReducer,https://react.dev/reference/react/usereducer,1
react-dev:11,How do I use the useReducer hook in React?,react-dev,crawl4ai-raw,3,https://react.dev/reference/react/useReducer,0.6949308669505829,true,useReducer,https://react.dev/reference/react/usereducer,1
react-dev:11,How do I use the useReducer hook in React?,react-dev,crawl4ai-raw,4,https://react.dev/reference/react/useReducer,0.6749356064093951,true,useReducer,https://react.dev/reference/react/usereducer,1
react-dev:11,How do I use the useReducer hook in React?,react-dev,crawl4ai-raw,5,https://react.dev/reference/react/useReducer,0.6651218139869742,true,useReducer,https://react.dev/reference/react/usereducer,1
react-dev:12,How do I handle events like clicks in React?,react-dev,crawl4ai-raw,1,https://react.dev/learn/responding-to-events,0.6582821916255207,true,responding-to-events,https://react.dev/learn/responding-to-events,1
react-dev:12,How do I handle events like clicks in React?,react-dev,crawl4ai-raw,2,https://az.react.dev/learn,0.6236972632011556,false,responding-to-events,https://react.dev/learn,2
react-dev:12,How do I handle events like clicks in React?,react-dev,crawl4ai-raw,3,https://18.react.dev/learn,0.6222051807839019,false,responding-to-events,https://18.react.dev/learn,3
react-dev:12,How do I handle events like clicks in React?,react-dev,crawl4ai-raw,4,https://de.react.dev/learn/adding-interactivity,0.62051126105408,false,responding-to-events,https://react.dev/learn/adding-interactivity,4
react-dev:12,How do I handle events like clicks in React?,react-dev,crawl4ai-raw,5,https://he.react.dev/learn,0.6204690702139729,false,responding-to-events,https://react.dev/learn,2
react-dev:13,What is the Suspense component in React?,react-dev,crawl4ai-raw,1,https://react.dev/reference/react/Suspense,0.6931639557697092,true,Suspense,https://react.dev/reference/react/suspense,1
react-dev:13,What is the Suspense component in React?,react-dev,crawl4ai-raw,2,https://react.dev/reference/react/Suspense,0.6860080838413742,true,Suspense,https://react.dev/reference/react/suspense,1
react-dev:13,What is the Suspense component in React?,react-dev,crawl4ai-raw,3,https://react.dev/reference/react/Suspense,0.6727775752448705,true,Suspense,https://react.dev/reference/react/suspense,1
react-dev:13,What is the Suspense component in React?,react-dev,crawl4ai-raw,4,https://react.dev/reference/react/Suspense,0.668235000246114,true,Suspense,https://react.dev/reference/react/suspense,1
react-dev:13,What is the Suspense component in React?,react-dev,crawl4ai-raw,5,https://react.dev/reference/react/Suspense,0.6560948168866684,true,Suspense,https://react.dev/reference/react/suspense,1
react-dev:14,How do I add interactivity to React components?,react-dev,crawl4ai-raw,1,https://de.react.dev/learn/adding-interactivity,0.6828650040067324,true,adding-interactivity,https://react.dev/learn/adding-interactivity,1
react-dev:14,How do I add interactivity to React components?,react-dev,crawl4ai-raw,2,https://react.dev/learn/adding-interactivity,0.6745566379380327,true,adding-interactivity,https://react.dev/learn/adding-interactivity,1
react-dev:14,How do I add interactivity to React components?,react-dev,crawl4ai-raw,3,https://he.react.dev/learn/adding-interactivity,0.662894913967161,true,adding-interactivity,https://react.dev/learn/adding-interactivity,1
react-dev:14,How do I add interactivity to React components?,react-dev,crawl4ai-raw,4,https://az.react.dev/learn/adding-interactivity,0.659884382523061,true,adding-interactivity,https://react.dev/learn/adding-interactivity,1
react-dev:14,How do I add interactivity to React components?,react-dev,crawl4ai-raw,5,https://18.react.dev/learn/adding-interactivity,0.659534636530048,true,adding-interactivity,https://18.react.dev/learn/adding-interactivity,2
react-dev:15,How do I install and set up a new React project?,react-dev,crawl4ai-raw,1,https://az.react.dev/learn/add-react-to-an-existing-project,0.700566955794288,false,installation,https://react.dev/learn/add-react-to-an-existing-project,1
react-dev:15,How do I install and set up a new React project?,react-dev,crawl4ai-raw,2,https://18.react.dev/learn/add-react-to-an-existing-project,0.6979617264418406,false,installation,https://18.react.dev/learn/add-react-to-an-existing-project,2
react-dev:15,How do I install and set up a new React project?,react-dev,crawl4ai-raw,3,https://he.react.dev/learn/add-react-to-an-existing-project,0.6979059743503966,false,installation,https://react.dev/learn/add-react-to-an-existing-project,1
react-dev:15,How do I install and set up a new React project?,react-dev,crawl4ai-raw,4,https://react.dev/learn/add-react-to-an-existing-project,0.6950266849169571,false,installation,https://react.dev/learn/add-react-to-an-existing-project,1
react-dev:15,How do I install and set up a new React project?,react-dev,crawl4ai-raw,5,https://18.react.dev/learn/installation,0.6772798780333116,true,installation,https://18.react.dev/learn/installation,3
react-dev:0,How do I manage state in a React component?,react-dev,scrapy+md,1,https://react.dev/learn/preserving-and-resetting-state,0.679162091719917,true,state,https://react.dev/learn/preserving-and-resetting-state,1
react-dev:0,How do I manage state in a React component?,react-dev,scrapy+md,2,https://react.dev/learn/choosing-the-state-structure,0.6782016562765817,true,state,https://react.dev/learn/choosing-the-state-structure,2
react-dev:0,How do I manage state in a React component?,react-dev,scrapy+md,3,https://react.dev/learn/managing-state,0.6741623654960406,true,state,https://react.dev/learn/managing-state,3
react-dev:0,How do I manage state in a React component?,react-dev,scrapy+md,4,https://react.dev/learn/reacting-to-input-with-state,0.6719134289352747,true,state,https://react.dev/learn/reacting-to-input-with-state,4
react-dev:0,How do I manage state in a React component?,react-dev,scrapy+md,5,https://react.dev/learn/reacting-to-input-with-state,0.6718258248816197,true,state,https://react.dev/learn/reacting-to-input-with-state,4
react-dev:1,How does the useEffect hook work in React?,react-dev,scrapy+md,1,https://react.dev/reference/react/useEffect,0.6302542615420174,true,useEffect,https://react.dev/reference/react/useeffect,1
react-dev:1,How does the useEffect hook work in React?,react-dev,scrapy+md,2,https://react.dev/reference/eslint-plugin-react-hooks/lints/rules-of-hooks,0.6078480065344499,false,useEffect,https://react.dev/reference/eslint-plugin-react-hooks/lints/rules-of-hooks,2
react-dev:1,How does the useEffect hook work in React?,react-dev,scrapy+md,3,https://react.dev/learn/reusing-logic-with-custom-hooks,0.6056818503529294,false,useEffect,https://react.dev/learn/reusing-logic-with-custom-hooks,3
react-dev:1,How does the useEffect hook work in React?,react-dev,scrapy+md,4,https://react.dev/reference/react/useEffect,0.598603538011439,true,useEffect,https://react.dev/reference/react/useeffect,1
react-dev:1,How does the useEffect hook work in React?,react-dev,scrapy+md,5,https://react.dev/reference/eslint-plugin-react-hooks/lints/exhaustive-deps,0.5913538244817883,false,useEffect,https://react.dev/reference/eslint-plugin-react-hooks/lints/exhaustive-deps,4
react-dev:2,How do I create and use context in React?,react-dev,scrapy+md,1,https://react.dev/reference/react/createContext,0.7097123985261622,true,useContext,https://react.dev/reference/react/createcontext,1
react-dev:2,How do I create and use context in React?,react-dev,scrapy+md,2,https://react.dev/learn/passing-data-deeply-with-context,0.6853724182900549,true,useContext,https://react.dev/learn/passing-data-deeply-with-context,2
react-dev:2,How do I create and use context in React?,react-dev,scrapy+md,3,https://react.dev/learn/passing-data-deeply-with-context,0.671578080945032,true,useContext,https://react.dev/learn/passing-data-deeply-with-context,2
react-dev:2,How do I create and use context in React?,react-dev,scrapy+md,4,https://react.dev/learn/passing-data-deeply-with-context,0.6668233297222811,true,useContext,https://react.dev/learn/passing-data-deeply-with-context,2
react-dev:2,How do I create and use context in React?,react-dev,scrapy+md,5,https://react.dev/reference/react/createContext,0.6496498541241152,true,useContext,https://react.dev/reference/react/createcontext,1
react-dev:3,What is JSX and how does React use it?,react-dev,scrapy+md,1,https://react.dev/learn/javascript-in-jsx-with-curly-braces,0.661936418012766,true,writing-markup-with-jsx,https://react.dev/learn/javascript-in-jsx-with-curly-braces,1
react-dev:3,What is JSX and how does React use it?,react-dev,scrapy+md,2,https://react.dev/learn/writing-markup-with-jsx,0.6510203316820788,true,writing-markup-with-jsx,https://react.dev/learn/writing-markup-with-jsx,2
react-dev:3,What is JSX and how does React use it?,react-dev,scrapy+md,3,https://react.dev/learn/writing-markup-with-jsx,0.6384892796538519,true,writing-markup-with-jsx,https://react.dev/learn/writing-markup-with-jsx,2
react-dev:3,What is JSX and how does React use it?,react-dev,scrapy+md,4,https://react.dev/learn,0.6329775284420692,false,writing-markup-with-jsx,https://react.dev/learn,3
react-dev:3,What is JSX and how does React use it?,react-dev,scrapy+md,5,https://react.dev/learn,0.6329775284420692,false,writing-markup-with-jsx,https://react.dev/learn,3
react-dev:4,How do I render lists and use keys in React?,react-dev,scrapy+md,1,https://react.dev/learn/rendering-lists,0.6583111626162442,true,rendering-lists,https://react.dev/learn/rendering-lists,1
react-dev:4,How do I render lists and use keys in React?,react-dev,scrapy+md,2,https://react.dev/learn/rendering-lists,0.649409858730449,true,rendering-lists,https://react.dev/learn/rendering-lists,1
react-dev:4,How do I render lists and use keys in React?,react-dev,scrapy+md,3,https://react.dev/learn/tutorial-tic-tac-toe,0.6377348589698758,false,rendering-lists,https://react.dev/learn/tutorial-tic-tac-toe,2
react-dev:4,How do I render lists and use keys in React?,react-dev,scrapy+md,4,https://react.dev/learn/rendering-lists,0.6247796787715066,true,rendering-lists,https://react.dev/learn/rendering-lists,1
react-dev:4,How do I render lists and use keys in React?,react-dev,scrapy+md,5,https://react.dev/learn/describing-the-ui,0.6192247431077582,false,rendering-lists,https://react.dev/learn/describing-the-ui,3
react-dev:5,How do I use the useRef hook in React?,react-dev,scrapy+md,1,https://react.dev/reference/react/useRef,0.704996597337026,true,useRef,https://react.dev/reference/react/useref,1
react-dev:5,How do I use the useRef hook in React?,react-dev,scrapy+md,2,https://react.dev/reference/react/useRef,0.6592512090021352,true,useRef,https://react.dev/reference/react/useref,1
react-dev:5,How do I use the useRef hook in React?,react-dev,scrapy+md,3,https://react.dev/learn/referencing-values-with-refs,0.6388110532830589,false,useRef,https://react.dev/learn/referencing-values-with-refs,2
react-dev:5,How do I use the useRef hook in React?,react-dev,scrapy+md,4,https://react.dev/learn/manipulating-the-dom-with-refs,0.6364298318534458,false,useRef,https://react.dev/learn/manipulating-the-dom-with-refs,3
react-dev:5,How do I use the useRef hook in React?,react-dev,scrapy+md,5,https://react.dev/reference/react/useRef,0.6279060029622259,true,useRef,https://react.dev/reference/react/useref,1
react-dev:6,How do I pass props between React components?,react-dev,scrapy+md,1,https://react.dev/learn/passing-props-to-a-component,0.6706832605457832,true,passing-props,https://react.dev/learn/passing-props-to-a-component,1
react-dev:6,How do I pass props between React components?,react-dev,scrapy+md,2,https://react.dev/learn/passing-data-deeply-with-context,0.622398714465448,false,passing-props,https://react.dev/learn/passing-data-deeply-with-context,2
react-dev:6,How do I pass props between React components?,react-dev,scrapy+md,3,https://react.dev/learn/sharing-state-between-components,0.5980466652397264,false,passing-props,https://react.dev/learn/sharing-state-between-components,3
react-dev:6,How do I pass props between React components?,react-dev,scrapy+md,4,https://react.dev/learn/passing-props-to-a-component,0.5929904013000049,true,passing-props,https://react.dev/learn/passing-props-to-a-component,1
react-dev:6,How do I pass props between React components?,react-dev,scrapy+md,5,https://react.dev/learn/sharing-state-between-components,0.5858093675953097,false,passing-props,https://react.dev/learn/sharing-state-between-components,3
react-dev:7,How do I conditionally render content in React?,react-dev,scrapy+md,1,https://react.dev/learn/conditional-rendering,0.6214043482221124,true,conditional-rendering,https://react.dev/learn/conditional-rendering,1
react-dev:7,How do I conditionally render content in React?,react-dev,scrapy+md,2,https://react.dev/learn/describing-the-ui,0.5950009451626088,false,conditional-rendering,https://react.dev/learn/describing-the-ui,2
react-dev:7,How do I conditionally render content in React?,react-dev,scrapy+md,3,https://react.dev/learn/conditional-rendering,0.5592259567680653,true,conditional-rendering,https://react.dev/learn/conditional-rendering,1
react-dev:7,How do I conditionally render content in React?,react-dev,scrapy+md,4,https://react.dev/reference/react/useEffect,0.5294726870959132,false,conditional-rendering,https://react.dev/reference/react/useeffect,3
react-dev:7,How do I conditionally render content in React?,react-dev,scrapy+md,5,https://react.dev/learn,0.528348178562684,false,conditional-rendering,https://react.dev/learn,4
react-dev:8,What is the useMemo hook for in React?,react-dev,scrapy+md,1,https://react.dev/reference/react/useMemo,0.6522356562776697,true,useMemo,https://react.dev/reference/react/usememo,1
react-dev:8,What is the useMemo hook for in React?,react-dev,scrapy+md,2,https://react.dev/reference/react/useMemo,0.6170784707546755,true,useMemo,https://react.dev/reference/react/usememo,1
react-dev:8,What is the useMemo hook for in React?,react-dev,scrapy+md,3,https://react.dev/reference/react/useMemo,0.6079846041817245,true,useMemo,https://react.dev/reference/react/usememo,1
react-dev:8,What is the useMemo hook for in React?,react-dev,scrapy+md,4,https://react.dev/learn/typescript,0.6033400851375501,false,useMemo,https://react.dev/learn/typescript,2
react-dev:8,What is the useMemo hook for in React?,react-dev,scrapy+md,5,https://react.dev/reference/react/useMemo,0.5983810378493286,true,useMemo,https://react.dev/reference/react/usememo,1
react-dev:9,How do I use the useState hook in React?,react-dev,scrapy+md,1,https://react.dev/learn/state-a-components-memory,0.6533505651439195,false,useState,https://react.dev/learn/state-a-components-memory,1
react-dev:9,How do I use the useState hook in React?,react-dev,scrapy+md,2,https://react.dev/learn,0.6479241912455003,false,useState,https://react.dev/learn,2
react-dev:9,How do I use the useState hook in React?,react-dev,scrapy+md,3,https://react.dev/learn,0.6479241912455003,false,useState,https://react.dev/learn,2
react-dev:9,How do I use the useState hook in React?,react-dev,scrapy+md,4,https://react.dev/reference/react/useState,0.6427399063020592,true,useState,https://react.dev/reference/react/usestate,3
react-dev:9,How do I use the useState hook in React?,react-dev,scrapy+md,5,https://react.dev/learn/state-a-components-memory,0.638407052988884,false,useState,https://react.dev/learn/state-a-components-memory,1
react-dev:10,How do I use the useCallback hook in React?,react-dev,scrapy+md,1,https://react.dev/reference/react/useCallback,0.6393496408758242,true,useCallback,https://react.dev/reference/react/usecallback,1
react-dev:10,How do I use the useCallback hook in React?,react-dev,scrapy+md,2,https://react.dev/learn/typescript,0.6334917374299041,false,useCallback,https://react.dev/learn/typescript,2
react-dev:10,How do I use the useCallback hook in React?,react-dev,scrapy+md,3,https://react.dev/reference/react/useCallback,0.6132032055353984,true,useCallback,https://react.dev/reference/react/usecallback,1
react-dev:10,How do I use the useCallback hook in React?,react-dev,scrapy+md,4,https://react.dev/reference/react/useCallback,0.5981326475680607,true,useCallback,https://react.dev/reference/react/usecallback,1
react-dev:10,How do I use the useCallback hook in React?,react-dev,scrapy+md,5,https://react.dev/reference/react/useCallback,0.5900008942606293,true,useCallback,https://react.dev/reference/react/usecallback,1
react-dev:11,How do I use the useReducer hook in React?,react-dev,scrapy+md,1,https://react.dev/reference/react/useReducer,0.6945924727963942,true,useReducer,https://react.dev/reference/react/usereducer,1
react-dev:11,How do I use the useReducer hook in React?,react-dev,scrapy+md,2,https://react.dev/reference/react/useReducer,0.6933710592931962,true,useReducer,https://react.dev/reference/react/usereducer,1
react-dev:11,How do I use the useReducer hook in React?,react-dev,scrapy+md,3,https://react.dev/reference/react/useReducer,0.663244139925556,true,useReducer,https://react.dev/reference/react/usereducer,1
react-dev:11,How do I use the useReducer hook in React?,react-dev,scrapy+md,4,https://react.dev/learn/typescript,0.6555775251474453,false,useReducer,https://react.dev/learn/typescript,2
react-dev:11,How do I use the useReducer hook in React?,react-dev,scrapy+md,5,https://react.dev/reference/react/useReducer,0.646582007123652,true,useReducer,https://react.dev/reference/react/usereducer,1
react-dev:12,How do I handle events like clicks in React?,react-dev,scrapy+md,1,https://react.dev/learn/responding-to-events,0.6580997523971098,true,responding-to-events,https://react.dev/learn/responding-to-events,1
react-dev:12,How do I handle events like clicks in React?,react-dev,scrapy+md,2,https://react.dev/learn/adding-interactivity,0.61106381387619,false,responding-to-events,https://react.dev/learn/adding-interactivity,2
react-dev:12,How do I handle events like clicks in React?,react-dev,scrapy+md,3,https://react.dev/learn,0.6063570095221719,false,responding-to-events,https://react.dev/learn,3
react-dev:12,How do I handle events like clicks in React?,react-dev,scrapy+md,4,https://react.dev/learn,0.6063570095221719,false,responding-to-events,https://react.dev/learn,3
react-dev:12,How do I handle events like clicks in React?,react-dev,scrapy+md,5,https://react.dev/learn/tutorial-tic-tac-toe,0.5898080180339821,false,responding-to-events,https://react.dev/learn/tutorial-tic-tac-toe,4
react-dev:13,What is the Suspense component in React?,react-dev,scrapy+md,1,https://react.dev/reference/react/Suspense,0.6573796160875686,true,Suspense,https://react.dev/reference/react/suspense,1
react-dev:13,What is the Suspense component in React?,react-dev,scrapy+md,2,https://react.dev/reference/react/Suspense,0.6560014725942374,true,Suspense,https://react.dev/reference/react/suspense,1
react-dev:13,What is the Suspense component in React?,react-dev,scrapy+md,3,https://react.dev/reference/react/Suspense,0.648611015866363,true,Suspense,https://react.dev/reference/react/suspense,1
react-dev:13,What is the Suspense component in React?,react-dev,scrapy+md,4,https://react.dev/reference/react/Activity,0.6471302910456296,false,Suspense,https://react.dev/reference/react/activity,2
react-dev:13,What is the Suspense component in React?,react-dev,scrapy+md,5,https://react.dev/reference/react-dom/server/renderToReadableStream,0.6202801808229067,false,Suspense,https://react.dev/reference/react-dom/server/rendertoreadablestream,3
react-dev:14,How do I add interactivity to React components?,react-dev,scrapy+md,1,https://react.dev/learn/adding-interactivity,0.7044002078987875,true,adding-interactivity,https://react.dev/learn/adding-interactivity,1
react-dev:14,How do I add interactivity to React components?,react-dev,scrapy+md,2,https://react.dev/learn/responding-to-events,0.6747369927407556,false,adding-interactivity,https://react.dev/learn/responding-to-events,2
react-dev:14,How do I add interactivity to React components?,react-dev,scrapy+md,3,https://react.dev/learn/render-and-commit,0.6630007535157906,false,adding-interactivity,https://react.dev/learn/render-and-commit,3
react-dev:14,How do I add interactivity to React components?,react-dev,scrapy+md,4,https://react.dev/learn/state-a-components-memory,0.6355625014681847,false,adding-interactivity,https://react.dev/learn/state-a-components-memory,4
react-dev:14,How do I add interactivity to React components?,react-dev,scrapy+md,5,https://react.dev/learn/state-as-a-snapshot,0.6144889494090301,false,adding-interactivity,https://react.dev/learn/state-as-a-snapshot,5
react-dev:15,How do I install and set up a new React project?,react-dev,scrapy+md,1,https://react.dev/learn/add-react-to-an-existing-project,0.656804215073849,false,installation,https://react.dev/learn/add-react-to-an-existing-project,1
react-dev:15,How do I install and set up a new React project?,react-dev,scrapy+md,2,https://react.dev/learn/build-a-react-app-from-scratch,0.6565648973627525,false,installation,https://react.dev/learn/build-a-react-app-from-scratch,2
react-dev:15,How do I install and set up a new React project?,react-dev,scrapy+md,3,https://react.dev/learn/creating-a-react-app,0.6521742912209085,false,installation,https://react.dev/learn/creating-a-react-app,3
react-dev:15,How do I install and set up a new React project?,react-dev,scrapy+md,4,https://react.dev/learn/add-react-to-an-existing-project,0.6478001693150798,false,installation,https://react.dev/learn/add-react-to-an-existing-project,1
react-dev:15,How do I install and set up a new React project?,react-dev,scrapy+md,5,https://react.dev/learn/setup,0.642848162713548,false,installation,https://react.dev/learn/setup,4
react-dev:0,How do I manage state in a React component?,react-dev,crawlee,1,https://react.dev/learn/reacting-to-input-with-state,0.6684658640287755,true,state,https://react.dev/learn/reacting-to-input-with-state,1
react-dev:0,How do I manage state in a React component?,react-dev,crawlee,2,https://react.dev/learn/state-a-components-memory,0.6470683138333264,true,state,https://react.dev/learn/state-a-components-memory,2
react-dev:0,How do I manage state in a React component?,react-dev,crawlee,3,https://react.dev/learn/managing-state,0.6450117590814682,true,state,https://react.dev/learn/managing-state,3
react-dev:0,How do I manage state in a React component?,react-dev,crawlee,4,https://react.dev/learn/preserving-and-resetting-state,0.6441495778109948,true,state,https://react.dev/learn/preserving-and-resetting-state,4
react-dev:0,How do I manage state in a React component?,react-dev,crawlee,5,https://react.dev/learn/thinking-in-react,0.6437611017692436,false,state,https://react.dev/learn/thinking-in-react,5
react-dev:1,How does the useEffect hook work in React?,react-dev,crawlee,1,https://react.dev/reference/react/useEffect,0.6225897682051138,true,useEffect,https://react.dev/reference/react/useeffect,1
react-dev:1,How does the useEffect hook work in React?,react-dev,crawlee,2,https://react.dev/learn/reusing-logic-with-custom-hooks,0.6083818250360727,false,useEffect,https://react.dev/learn/reusing-logic-with-custom-hooks,2
react-dev:1,How does the useEffect hook work in React?,react-dev,crawlee,3,https://react.dev/learn/reusing-logic-with-custom-hooks,0.6056818503529294,false,useEffect,https://react.dev/learn/reusing-logic-with-custom-hooks,2
react-dev:1,How does the useEffect hook work in React?,react-dev,crawlee,4,https://react.dev/reference/react/useEffectEvent,0.6025093023964299,true,useEffect,https://react.dev/reference/react/useeffectevent,3
react-dev:1,How does the useEffect hook work in React?,react-dev,crawlee,5,https://react.dev/reference/react/useEffect,0.598603538011439,true,useEffect,https://react.dev/reference/react/useeffect,1
react-dev:2,How do I create and use context in React?,react-dev,crawlee,1,https://react.dev/reference/react/createContext,0.7208159078622919,true,useContext,https://react.dev/reference/react/createcontext,1
react-dev:2,How do I create and use context in React?,react-dev,crawlee,2,https://react.dev/reference/react/createContext,0.7097123985261622,true,useContext,https://react.dev/reference/react/createcontext,1
react-dev:2,How do I create and use context in React?,react-dev,crawlee,3,https://react.dev/learn/passing-data-deeply-with-context,0.7014369810870048,true,useContext,https://react.dev/learn/passing-data-deeply-with-context,2
react-dev:2,How do I create and use context in React?,react-dev,crawlee,4,https://react.dev/reference/react/createContext,0.6901717123452525,true,useContext,https://react.dev/reference/react/createcontext,1
react-dev:2,How do I create and use context in React?,react-dev,crawlee,5,https://react.dev/learn/passing-data-deeply-with-context,0.6853724182900549,true,useContext,https://react.dev/learn/passing-data-deeply-with-context,2
react-dev:3,What is JSX and how does React use it?,react-dev,crawlee,1,https://react.dev/learn/writing-markup-with-jsx,0.7252904066569666,true,writing-markup-with-jsx,https://react.dev/learn/writing-markup-with-jsx,1
react-dev:3,What is JSX and how does React use it?,react-dev,crawlee,2,https://react.dev/learn/writing-markup-with-jsx,0.6627370102710846,true,writing-markup-with-jsx,https://react.dev/learn/writing-markup-with-jsx,1
react-dev:3,What is JSX and how does React use it?,react-dev,crawlee,3,https://react.dev/learn/writing-markup-with-jsx,0.6563119532667794,true,writing-markup-with-jsx,https://react.dev/learn/writing-markup-with-jsx,1
react-dev:3,What is JSX and how does React use it?,react-dev,crawlee,4,https://react.dev/learn/writing-markup-with-jsx,0.6478215287554122,true,writing-markup-with-jsx,https://react.dev/learn/writing-markup-with-jsx,1
react-dev:3,What is JSX and how does React use it?,react-dev,crawlee,5,https://react.dev/learn,0.6317467252438126,false,writing-markup-with-jsx,https://react.dev/learn,2
react-dev:4,How do I render lists and use keys in React?,react-dev,crawlee,1,https://react.dev/learn/tutorial-tic-tac-toe,0.6663789215220145,false,rendering-lists,https://react.dev/learn/tutorial-tic-tac-toe,1
react-dev:4,How do I render lists and use keys in React?,react-dev,crawlee,2,https://react.dev/learn/rendering-lists,0.6583111626162442,true,rendering-lists,https://react.dev/learn/rendering-lists,2
react-dev:4,How do I render lists and use keys in React?,react-dev,crawlee,3,https://react.dev/learn/tutorial-tic-tac-toe,0.6377711715974873,false,rendering-lists,https://react.dev/learn/tutorial-tic-tac-toe,1
react-dev:4,How do I render lists and use keys in React?,react-dev,crawlee,4,https://react.dev/learn,0.6366857057257126,false,rendering-lists,https://react.dev/learn,3
react-dev:4,How do I render lists and use keys in React?,react-dev,crawlee,5,https://react.dev/learn/rendering-lists,0.6293098117369591,true,rendering-lists,https://react.dev/learn/rendering-lists,2
react-dev:5,How do I use the useRef hook in React?,react-dev,crawlee,1,https://react.dev/learn/manipulating-the-dom-with-refs,0.6730774172010907,false,useRef,https://react.dev/learn/manipulating-the-dom-with-refs,1
react-dev:5,How do I use the useRef hook in React?,react-dev,crawlee,2,https://react.dev/reference/react/useRef,0.6669457442097486,true,useRef,https://react.dev/reference/react/useref,2
react-dev:5,How do I use the useRef hook in React?,react-dev,crawlee,3,https://react.dev/reference/react/useRef,0.6610960901400759,true,useRef,https://react.dev/reference/react/useref,2
react-dev:5,How do I use the useRef hook in React?,react-dev,crawlee,4,https://react.dev/learn/manipulating-the-dom-with-refs,0.6610054104434036,false,useRef,https://react.dev/learn/manipulating-the-dom-with-refs,1
react-dev:5,How do I use the useRef hook in React?,react-dev,crawlee,5,https://react.dev/learn/manipulating-the-dom-with-refs,0.65513011453012,false,useRef,https://react.dev/learn/manipulating-the-dom-with-refs,1
react-dev:6,How do I pass props between React components?,react-dev,crawlee,1,https://react.dev/learn/passing-props-to-a-component,0.6834348581714286,true,passing-props,https://react.dev/learn/passing-props-to-a-component,1
react-dev:6,How do I pass props between React components?,react-dev,crawlee,2,https://react.dev/learn/passing-data-deeply-with-context,0.6683564139876711,false,passing-props,https://react.dev/learn/passing-data-deeply-with-context,2
react-dev:6,How do I pass props between React components?,react-dev,crawlee,3,https://react.dev/learn/passing-data-deeply-with-context,0.6428948998241684,false,passing-props,https://react.dev/learn/passing-data-deeply-with-context,2
react-dev:6,How do I pass props between React components?,react-dev,crawlee,4,https://react.dev/learn/passing-data-deeply-with-context,0.610188050318939,false,passing-props,https://react.dev/learn/passing-data-deeply-with-context,2
react-dev:6,How do I pass props between React components?,react-dev,crawlee,5,https://react.dev/learn/passing-props-to-a-component,0.6065277978297275,true,passing-props,https://react.dev/learn/passing-props-to-a-component,1
react-dev:7,How do I conditionally render content in React?,react-dev,crawlee,1,https://react.dev/learn/conditional-rendering,0.6008955205479298,true,conditional-rendering,https://react.dev/learn/conditional-rendering,1
react-dev:7,How do I conditionally render content in React?,react-dev,crawlee,2,https://react.dev/learn/describing-the-ui,0.5933345193907326,false,conditional-rendering,https://react.dev/learn/describing-the-ui,2
react-dev:7,How do I conditionally render content in React?,react-dev,crawlee,3,https://react.dev/learn/conditional-rendering,0.5656589835541456,true,conditional-rendering,https://react.dev/learn/conditional-rendering,1
react-dev:7,How do I conditionally render content in React?,react-dev,crawlee,4,https://react.dev/learn/conditional-rendering,0.5577315517776826,true,conditional-rendering,https://react.dev/learn/conditional-rendering,1
react-dev:7,How do I conditionally render content in React?,react-dev,crawlee,5,https://react.dev/learn,0.5474169282528221,false,conditional-rendering,https://react.dev/learn,3
react-dev:8,What is the useMemo hook for in React?,react-dev,crawlee,1,https://react.dev/reference/react/useMemo,0.6764891885704438,true,useMemo,https://react.dev/reference/react/usememo,1
react-dev:8,What is the useMemo hook for in React?,react-dev,crawlee,2,https://react.dev/reference/react/useMemo,0.6481422004154925,true,useMemo,https://react.dev/reference/react/usememo,1
react-dev:8,What is the useMemo hook for in React?,react-dev,crawlee,3,https://react.dev/reference/react/useMemo,0.6321238043331068,true,useMemo,https://react.dev/reference/react/usememo,1
react-dev:8,What is the useMemo hook for in React?,react-dev,crawlee,4,https://react.dev/learn/typescript,0.6149814503263176,false,useMemo,https://react.dev/learn/typescript,2
react-dev:8,What is the useMemo hook for in React?,react-dev,crawlee,5,https://react.dev/reference/react/useMemo,0.6079846041817245,true,useMemo,https://react.dev/reference/react/usememo,1
react-dev:9,How do I use the useState hook in React?,react-dev,crawlee,1,https://react.dev/learn/state-a-components-memory,0.6533504195871915,false,useState,https://react.dev/learn/state-a-components-memory,1
react-dev:9,How do I use the useState hook in React?,react-dev,crawlee,2,https://react.dev/learn,0.6479241912455003,false,useState,https://react.dev/learn,2
react-dev:9,How do I use the useState hook in React?,react-dev,crawlee,3,https://react.dev/learn/state-a-components-memory,0.6455941567793592,false,useState,https://react.dev/learn/state-a-components-memory,1
react-dev:9,How do I use the useState hook in React?,react-dev,crawlee,4,https://react.dev/learn/state-a-components-memory,0.6383976300067413,false,useState,https://react.dev/learn/state-a-components-memory,1
react-dev:9,How do I use the useState hook in React?,react-dev,crawlee,5,https://react.dev/reference/react/useState,0.629522074782347,true,useState,https://react.dev/reference/react/usestate,3
react-dev:10,How do I use the useCallback hook in React?,react-dev,crawlee,1,https://react.dev/reference/react/useCallback,0.6613416284038993,true,useCallback,https://react.dev/reference/react/usecallback,1
react-dev:10,How do I use the useCallback hook in React?,react-dev,crawlee,2,https://react.dev/learn/typescript,0.6334917374299041,false,useCallback,https://react.dev/learn/typescript,2
react-dev:10,How do I use the useCallback hook in React?,react-dev,crawlee,3,https://react.dev/reference/react/useCallback,0.6288096839232312,true,useCallback,https://react.dev/reference/react/usecallback,1
react-dev:10,How do I use the useCallback hook in React?,react-dev,crawlee,4,https://react.dev/reference/react/useCallback,0.6132032055353984,true,useCallback,https://react.dev/reference/react/usecallback,1
react-dev:10,How do I use the useCallback hook in React?,react-dev,crawlee,5,https://react.dev/reference/react/useCallback,0.5981326475680607,true,useCallback,https://react.dev/reference/react/usecallback,1
react-dev:11,How do I use the useReducer hook in React?,react-dev,crawlee,1,https://react.dev/reference/react/useReducer,0.7227157887543071,true,useReducer,https://react.dev/reference/react/usereducer,1
react-dev:11,How do I use the useReducer hook in React?,react-dev,crawlee,2,https://react.dev/reference/react/useReducer,0.7042158782493134,true,useReducer,https://react.dev/reference/react/usereducer,1
react-dev:11,How do I use the useReducer hook in React?,react-dev,crawlee,3,https://react.dev/reference/react/useReducer,0.6840870867311113,true,useReducer,https://react.dev/reference/react/usereducer,1
react-dev:11,How do I use the useReducer hook in React?,react-dev,crawlee,4,https://react.dev/reference/react/useReducer,0.6801019362973034,true,useReducer,https://react.dev/reference/react/usereducer,1
react-dev:11,How do I use the useReducer hook in React?,react-dev,crawlee,5,https://react.dev/reference/react/useReducer,0.6651360662566322,true,useReducer,https://react.dev/reference/react/usereducer,1
react-dev:12,How do I handle events like clicks in React?,react-dev,crawlee,1,https://react.dev/learn/responding-to-events,0.6533913829352991,true,responding-to-events,https://react.dev/learn/responding-to-events,1
react-dev:12,How do I handle events like clicks in React?,react-dev,crawlee,2,https://react.dev/learn/responding-to-events,0.5983047533461051,true,responding-to-events,https://react.dev/learn/responding-to-events,1
react-dev:12,How do I handle events like clicks in React?,react-dev,crawlee,3,https://react.dev/learn/tutorial-tic-tac-toe,0.5898500065943297,false,responding-to-events,https://react.dev/learn/tutorial-tic-tac-toe,2
react-dev:12,How do I handle events like clicks in React?,react-dev,crawlee,4,https://react.dev/learn/adding-interactivity,0.5813900823826759,false,responding-to-events,https://react.dev/learn/adding-interactivity,3
react-dev:12,How do I handle events like clicks in React?,react-dev,crawlee,5,https://react.dev/learn/responding-to-events,0.5805040426245278,true,responding-to-events,https://react.dev/learn/responding-to-events,1
react-dev:13,What is the Suspense component in React?,react-dev,crawlee,1,https://react.dev/reference/react/Suspense,0.6765832280376629,true,Suspense,https://react.dev/reference/react/suspense,1
react-dev:13,What is the Suspense component in React?,react-dev,crawlee,2,https://react.dev/reference/react/Suspense,0.6473919165278799,true,Suspense,https://react.dev/reference/react/suspense,1
react-dev:13,What is the Suspense component in React?,react-dev,crawlee,3,https://react.dev/reference/react/Activity,0.6471302910456296,false,Suspense,https://react.dev/reference/react/activity,2
react-dev:13,What is the Suspense component in React?,react-dev,crawlee,4,https://react.dev/reference/react/Suspense,0.640157102326302,true,Suspense,https://react.dev/reference/react/suspense,1
react-dev:13,What is the Suspense component in React?,react-dev,crawlee,5,https://react.dev/reference/react/Suspense,0.6332243551095097,true,Suspense,https://react.dev/reference/react/suspense,1
react-dev:14,How do I add interactivity to React components?,react-dev,crawlee,1,https://react.dev/learn/adding-interactivity,0.6373454693106236,true,adding-interactivity,https://react.dev/learn/adding-interactivity,1
react-dev:14,How do I add interactivity to React components?,react-dev,crawlee,2,https://react.dev/reference/rsc/server-components,0.6229071756687826,false,adding-interactivity,https://react.dev/reference/rsc/server-components,2
react-dev:14,How do I add interactivity to React components?,react-dev,crawlee,3,https://react.dev/learn/render-and-commit,0.6181559789042602,false,adding-interactivity,https://react.dev/learn/render-and-commit,3
react-dev:14,How do I add interactivity to React components?,react-dev,crawlee,4,https://react.dev/learn/responding-to-events,0.593329785977291,false,adding-interactivity,https://react.dev/learn/responding-to-events,4
react-dev:14,How do I add interactivity to React components?,react-dev,crawlee,5,https://react.dev/learn/reacting-to-input-with-state,0.5865525585382304,false,adding-interactivity,https://react.dev/learn/reacting-to-input-with-state,5
react-dev:15,How do I install and set up a new React project?,react-dev,crawlee,1,https://react.dev/learn/add-react-to-an-existing-project,0.656804215073849,false,installation,https://react.dev/learn/add-react-to-an-existing-project,1
react-dev:15,How do I install and set up a new React project?,react-dev,crawlee,2,https://react.dev/learn/installation,0.6024670049179768,true,installation,https://react.dev/learn/installation,2
react-dev:15,How do I install and set up a new React project?,react-dev,crawlee,3,https://react.dev/learn/build-a-react-app-from-scratch,0.5979056806960882,false,installation,https://react.dev/learn/build-a-react-app-from-scratch,3
react-dev:15,How do I install and set up a new React project?,react-dev,crawlee,4,https://react.dev/learn/installation,0.5973513358381013,true,installation,https://react.dev/learn/installation,2
react-dev:15,How do I install and set up a new React project?,react-dev,crawlee,5,https://react.dev/learn/installation,0.5966284223284916,true,installation,https://react.dev/learn/installation,2
react-dev:0,How do I manage state in a React component?,react-dev,colly+md,1,https://react.dev/learn/reacting-to-input-with-state,0.6719134289352747,true,state,https://react.dev/learn/reacting-to-input-with-state,1
react-dev:0,How do I manage state in a React component?,react-dev,colly+md,2,https://react.dev/learn/managing-state,0.6688505654018398,true,state,https://react.dev/learn/managing-state,2
react-dev:0,How do I manage state in a React component?,react-dev,colly+md,3,https://react.dev/learn/state-a-components-memory,0.6470683138333264,true,state,https://react.dev/learn/state-a-components-memory,3
react-dev:0,How do I manage state in a React component?,react-dev,colly+md,4,https://react.dev/learn/state-a-components-memory#anatomy-of-usestate,0.6470489744664368,true,state,https://react.dev/learn/state-a-components-memory,3
react-dev:0,How do I manage state in a React component?,react-dev,colly+md,5,https://react.dev/learn/managing-state,0.646968068285578,true,state,https://react.dev/learn/managing-state,2
react-dev:1,How does the useEffect hook work in React?,react-dev,colly+md,1,https://react.dev/reference/react/useEffect,0.6225897682051138,true,useEffect,https://react.dev/reference/react/useeffect,1
react-dev:1,How does the useEffect hook work in React?,react-dev,colly+md,2,https://react.dev/reference/react/useEffect#reference,0.6225897682051138,true,useEffect,https://react.dev/reference/react/useeffect,1
react-dev:1,How does the useEffect hook work in React?,react-dev,colly+md,3,https://react.dev/learn/reusing-logic-with-custom-hooks,0.6083818250360727,false,useEffect,https://react.dev/learn/reusing-logic-with-custom-hooks,2
react-dev:1,How does the useEffect hook work in React?,react-dev,colly+md,4,https://react.dev/learn/reusing-logic-with-custom-hooks#when-to-use-custom-hooks,0.6083818250360727,false,useEffect,https://react.dev/learn/reusing-logic-with-custom-hooks,2
react-dev:1,How does the useEffect hook work in React?,react-dev,colly+md,5,https://react.dev/learn/reusing-logic-with-custom-hooks,0.6056818503529294,false,useEffect,https://react.dev/learn/reusing-logic-with-custom-hooks,2
react-dev:2,How do I create and use context in React?,react-dev,colly+md,1,https://react.dev/reference/react/createContext,0.7208159078622919,true,useContext,https://react.dev/reference/react/createcontext,1
react-dev:2,How do I create and use context in React?,react-dev,colly+md,2,https://react.dev/reference/react/createContext,0.7097123985261622,true,useContext,https://react.dev/reference/react/createcontext,1
react-dev:2,How do I create and use context in React?,react-dev,colly+md,3,https://react.dev/learn/passing-data-deeply-with-context#step-3-provide-the-contex,0.7014369810870048,true,useContext,https://react.dev/learn/passing-data-deeply-with-context,2
react-dev:2,How do I create and use context in React?,react-dev,colly+md,4,https://react.dev/learn/passing-data-deeply-with-context,0.7014369810870048,true,useContext,https://react.dev/learn/passing-data-deeply-with-context,2
react-dev:2,How do I create and use context in React?,react-dev,colly+md,5,https://react.dev/learn/passing-data-deeply-with-context#step-2-use-the-context,0.7014369810870048,true,useContext,https://react.dev/learn/passing-data-deeply-with-context,2
react-dev:3,What is JSX and how does React use it?,react-dev,colly+md,1,https://react.dev/learn/writing-markup-with-jsx,0.7252904066569666,true,writing-markup-with-jsx,https://react.dev/learn/writing-markup-with-jsx,1
react-dev:3,What is JSX and how does React use it?,react-dev,colly+md,2,https://react.dev/learn/writing-markup-with-jsx,0.6627370102710846,true,writing-markup-with-jsx,https://react.dev/learn/writing-markup-with-jsx,1
react-dev:3,What is JSX and how does React use it?,react-dev,colly+md,3,https://react.dev/learn/writing-markup-with-jsx,0.6563119532667794,true,writing-markup-with-jsx,https://react.dev/learn/writing-markup-with-jsx,1
react-dev:3,What is JSX and how does React use it?,react-dev,colly+md,4,https://react.dev/learn/writing-markup-with-jsx,0.6488941407662695,true,writing-markup-with-jsx,https://react.dev/learn/writing-markup-with-jsx,1
react-dev:3,What is JSX and how does React use it?,react-dev,colly+md,5,https://react.dev/learn#components,0.6308458204451696,false,writing-markup-with-jsx,https://react.dev/learn,2
react-dev:4,How do I render lists and use keys in React?,react-dev,colly+md,1,https://react.dev/learn/tutorial-tic-tac-toe,0.6664245853617042,false,rendering-lists,https://react.dev/learn/tutorial-tic-tac-toe,1
react-dev:4,How do I render lists and use keys in React?,react-dev,colly+md,2,https://react.dev/learn/rendering-lists#keeping-list-items-in-order-with-key,0.6583111626162442,true,rendering-lists,https://react.dev/learn/rendering-lists,2
react-dev:4,How do I render lists and use keys in React?,react-dev,colly+md,3,https://react.dev/learn/rendering-lists,0.6583111626162442,true,rendering-lists,https://react.dev/learn/rendering-lists,2
react-dev:4,How do I render lists and use keys in React?,react-dev,colly+md,4,https://react.dev/learn/tutorial-tic-tac-toe,0.6377620305647406,false,rendering-lists,https://react.dev/learn/tutorial-tic-tac-toe,1
react-dev:4,How do I render lists and use keys in React?,react-dev,colly+md,5,https://react.dev/learn#components,0.6367060429300986,false,rendering-lists,https://react.dev/learn,3
react-dev:5,How do I use the useRef hook in React?,react-dev,colly+md,1,https://react.dev/learn/manipulating-the-dom-with-refs,0.6727258746148599,false,useRef,https://react.dev/learn/manipulating-the-dom-with-refs,1
react-dev:5,How do I use the useRef hook in React?,react-dev,colly+md,2,https://react.dev/reference/react/useRef,0.6669457442097486,true,useRef,https://react.dev/reference/react/useref,2
react-dev:5,How do I use the useRef hook in React?,react-dev,colly+md,3,https://react.dev/reference/react/useRef#returns,0.6669457442097486,true,useRef,https://react.dev/reference/react/useref,2
react-dev:5,How do I use the useRef hook in React?,react-dev,colly+md,4,https://react.dev/reference/react/useRef#reference,0.6669457442097486,true,useRef,https://react.dev/reference/react/useref,2
react-dev:5,How do I use the useRef hook in React?,react-dev,colly+md,5,https://react.dev/learn/manipulating-the-dom-with-refs,0.6610054104434036,false,useRef,https://react.dev/learn/manipulating-the-dom-with-refs,1
react-dev:6,How do I pass props between React components?,react-dev,colly+md,1,https://react.dev/learn/passing-data-deeply-with-context,0.6683564139876711,false,passing-props,https://react.dev/learn/passing-data-deeply-with-context,1
react-dev:6,How do I pass props between React components?,react-dev,colly+md,2,https://react.dev/learn/passing-data-deeply-with-context#step-3-provide-the-contex,0.6683564139876711,false,passing-props,https://react.dev/learn/passing-data-deeply-with-context,1
react-dev:6,How do I pass props between React components?,react-dev,colly+md,3,https://react.dev/learn/passing-data-deeply-with-context#step-2-use-the-context,0.6683564139876711,false,passing-props,https://react.dev/learn/passing-data-deeply-with-context,1
react-dev:6,How do I pass props between React components?,react-dev,colly+md,4,https://react.dev/learn/passing-props-to-a-component#passing-jsx-as-children,0.6665459774332365,true,passing-props,https://react.dev/learn/passing-props-to-a-component,2
react-dev:6,How do I pass props between React components?,react-dev,colly+md,5,https://react.dev/learn/passing-props-to-a-component,0.6665180354433009,true,passing-props,https://react.dev/learn/passing-props-to-a-component,2
react-dev:7,How do I conditionally render content in React?,react-dev,colly+md,1,https://react.dev/learn/conditional-rendering,0.6273304199396994,true,conditional-rendering,https://react.dev/learn/conditional-rendering,1
react-dev:7,How do I conditionally render content in React?,react-dev,colly+md,2,https://react.dev/learn/conditional-rendering,0.5670503750310841,true,conditional-rendering,https://react.dev/learn/conditional-rendering,1
react-dev:7,How do I conditionally render content in React?,react-dev,colly+md,3,https://react.dev/learn/conditional-rendering,0.5656589835541456,true,conditional-rendering,https://react.dev/learn/conditional-rendering,1
react-dev:7,How do I conditionally render content in React?,react-dev,colly+md,4,https://react.dev/learn/conditional-rendering,0.5592259567680653,true,conditional-rendering,https://react.dev/learn/conditional-rendering,1
react-dev:7,How do I conditionally render content in React?,react-dev,colly+md,5,https://react.dev/learn/describing-the-ui,0.5552809682725202,false,conditional-rendering,https://react.dev/learn/describing-the-ui,2
react-dev:8,What is the useMemo hook for in React?,react-dev,colly+md,1,https://react.dev/reference/react/useMemo#how-to-tell-if-a-calculation-is-expensiv,0.6764891885704438,true,useMemo,https://react.dev/reference/react/usememo,1
react-dev:8,What is the useMemo hook for in React?,react-dev,colly+md,2,https://react.dev/reference/react/useMemo,0.6764891885704438,true,useMemo,https://react.dev/reference/react/usememo,1
react-dev:8,What is the useMemo hook for in React?,react-dev,colly+md,3,https://react.dev/reference/react/useMemo,0.6482119705043881,true,useMemo,https://react.dev/reference/react/usememo,1
react-dev:8,What is the useMemo hook for in React?,react-dev,colly+md,4,https://react.dev/reference/react/useMemo#how-to-tell-if-a-calculation-is-expensiv,0.6481422004154925,true,useMemo,https://react.dev/reference/react/usememo,1
react-dev:8,What is the useMemo hook for in React?,react-dev,colly+md,5,https://react.dev/reference/react/useMemo#how-to-tell-if-a-calculation-is-expensiv,0.6321238043331068,true,useMemo,https://react.dev/reference/react/usememo,1
react-dev:9,How do I use the useState hook in React?,react-dev,colly+md,1,https://react.dev/learn/state-a-components-memory,0.6533505651439195,false,useState,https://react.dev/learn/state-a-components-memory,1
react-dev:9,How do I use the useState hook in React?,react-dev,colly+md,2,https://react.dev/learn/state-a-components-memory#anatomy-of-usestate,0.653260913249572,false,useState,https://react.dev/learn/state-a-components-memory,1
react-dev:9,How do I use the useState hook in React?,react-dev,colly+md,3,https://react.dev/learn,0.6479241912455003,false,useState,https://react.dev/learn,2
react-dev:9,How do I use the useState hook in React?,react-dev,colly+md,4,https://react.dev/learn#components,0.647905114871803,false,useState,https://react.dev/learn,2
react-dev:9,How do I use the useState hook in React?,react-dev,colly+md,5,https://react.dev/learn/state-a-components-memory#anatomy-of-usestate,0.6455941567793592,false,useState,https://react.dev/learn/state-a-components-memory,1
react-dev:10,How do I use the useCallback hook in React?,react-dev,colly+md,1,https://react.dev/reference/react/useCallback,0.6613530632783904,true,useCallback,https://react.dev/reference/react/usecallback,1
react-dev:10,How do I use the useCallback hook in React?,react-dev,colly+md,2,https://react.dev/learn/typescript#further-learning,0.6338718288522723,false,useCallback,https://react.dev/learn/typescript,2
react-dev:10,How do I use the useCallback hook in React?,react-dev,colly+md,3,https://react.dev/learn/typescript#example-hooks,0.6338718288522723,false,useCallback,https://react.dev/learn/typescript,2
react-dev:10,How do I use the useCallback hook in React?,react-dev,colly+md,4,https://react.dev/learn/typescript#useful-types,0.6338522613153258,false,useCallback,https://react.dev/learn/typescript,2
react-dev:10,How do I use the useCallback hook in React?,react-dev,colly+md,5,https://react.dev/learn/typescript#typescript-with-react-components,0.6334917374299041,false,useCallback,https://react.dev/learn/typescript,2
react-dev:11,How do I use the useReducer hook in React?,react-dev,colly+md,1,https://react.dev/reference/react/useReducer,0.7227157887543071,true,useReducer,https://react.dev/reference/react/usereducer,1
react-dev:11,How do I use the useReducer hook in React?,react-dev,colly+md,2,https://react.dev/reference/react/useReducer,0.7027143292191906,true,useReducer,https://react.dev/reference/react/usereducer,1
react-dev:11,How do I use the useReducer hook in React?,react-dev,colly+md,3,https://react.dev/reference/react/useReducer,0.6840870867311113,true,useReducer,https://react.dev/reference/react/usereducer,1
react-dev:11,How do I use the useReducer hook in React?,react-dev,colly+md,4,https://react.dev/reference/react/useReducer,0.6801019362973034,true,useReducer,https://react.dev/reference/react/usereducer,1
react-dev:11,How do I use the useReducer hook in React?,react-dev,colly+md,5,https://react.dev/reference/react/useReducer,0.663244139925556,true,useReducer,https://react.dev/reference/react/usereducer,1
react-dev:12,How do I handle events like clicks in React?,react-dev,colly+md,1,https://react.dev/learn/responding-to-events,0.6309217778018364,true,responding-to-events,https://react.dev/learn/responding-to-events,1
react-dev:12,How do I handle events like clicks in React?,react-dev,colly+md,2,https://react.dev/learn/responding-to-events#passing-event-handlers-as-props,0.6308982848388307,true,responding-to-events,https://react.dev/learn/responding-to-events,1
react-dev:12,How do I handle events like clicks in React?,react-dev,colly+md,3,https://react.dev/learn/responding-to-events#passing-event-handlers-as-props,0.5983121644537249,true,responding-to-events,https://react.dev/learn/responding-to-events,1
react-dev:12,How do I handle events like clicks in React?,react-dev,colly+md,4,https://react.dev/learn/responding-to-events,0.5983121644537249,true,responding-to-events,https://react.dev/learn/responding-to-events,1
react-dev:12,How do I handle events like clicks in React?,react-dev,colly+md,5,https://react.dev/learn/tutorial-tic-tac-toe,0.5898080180339821,false,responding-to-events,https://react.dev/learn/tutorial-tic-tac-toe,2
react-dev:13,What is the Suspense component in React?,react-dev,colly+md,1,https://react.dev/reference/react/Suspense,0.6765832280376629,true,Suspense,https://react.dev/reference/react/suspense,1
react-dev:13,What is the Suspense component in React?,react-dev,colly+md,2,https://react.dev/reference/react/Suspense,0.6473919165278799,true,Suspense,https://react.dev/reference/react/suspense,1
react-dev:13,What is the Suspense component in React?,react-dev,colly+md,3,https://react.dev/reference/react/Activity,0.6471345913420016,false,Suspense,https://react.dev/reference/react/activity,2
react-dev:13,What is the Suspense component in React?,react-dev,colly+md,4,https://react.dev/reference/react/Suspense,0.640157102326302,true,Suspense,https://react.dev/reference/react/suspense,1
react-dev:13,What is the Suspense component in React?,react-dev,colly+md,5,https://react.dev/reference/react/Suspense,0.6332243551095097,true,Suspense,https://react.dev/reference/react/suspense,1
react-dev:14,How do I add interactivity to React components?,react-dev,colly+md,1,https://react.dev/learn/responding-to-events,0.632429733214271,false,adding-interactivity,https://react.dev/learn/responding-to-events,1
react-dev:14,How do I add interactivity to React components?,react-dev,colly+md,2,https://react.dev/learn/responding-to-events#passing-event-handlers-as-props,0.6323777185007011,false,adding-interactivity,https://react.dev/learn/responding-to-events,1
react-dev:14,How do I add interactivity to React components?,react-dev,colly+md,3,https://react.dev/reference/rsc/server-components,0.6219176432915389,false,adding-interactivity,https://react.dev/reference/rsc/server-components,2
react-dev:14,How do I add interactivity to React components?,react-dev,colly+md,4,https://react.dev/learn/render-and-commit#step-3-react-commits-changes-to-the-dom,0.6178588537748869,false,adding-interactivity,https://react.dev/learn/render-and-commit,3
react-dev:14,How do I add interactivity to React components?,react-dev,colly+md,5,https://react.dev/learn/render-and-commit#step-1-trigger-a-render,0.6178560390134106,false,adding-interactivity,https://react.dev/learn/render-and-commit,3
react-dev:15,How do I install and set up a new React project?,react-dev,colly+md,1,https://react.dev/learn/add-react-to-an-existing-project#using-react-for-a-part-of,0.656804215073849,false,installation,https://react.dev/learn/add-react-to-an-existing-project,1
react-dev:15,How do I install and set up a new React project?,react-dev,colly+md,2,https://react.dev/learn/add-react-to-an-existing-project,0.6567832429794274,false,installation,https://react.dev/learn/add-react-to-an-existing-project,1
react-dev:15,How do I install and set up a new React project?,react-dev,colly+md,3,https://react.dev/learn/installation#try-react,0.6024670049179768,true,installation,https://react.dev/learn/installation,2
react-dev:15,How do I install and set up a new React project?,react-dev,colly+md,4,https://react.dev/learn/installation,0.6024569494857359,true,installation,https://react.dev/learn/installation,2
react-dev:15,How do I install and set up a new React project?,react-dev,colly+md,5,https://react.dev/learn/build-a-react-app-from-scratch#consider-using-a-framework,0.5979056806960882,false,installation,https://react.dev/learn/build-a-react-app-from-scratch,3
react-dev:0,How do I manage state in a React component?,react-dev,playwright,1,https://react.dev/learn/reacting-to-input-with-state,0.6718863333826504,true,state,https://react.dev/learn/reacting-to-input-with-state,1
react-dev:0,How do I manage state in a React component?,react-dev,playwright,2,https://react.dev/learn/managing-state,0.6688451278829194,true,state,https://react.dev/learn/managing-state,2
react-dev:0,How do I manage state in a React component?,react-dev,playwright,3,https://react.dev/learn/state-a-components-memory,0.6470683138333264,true,state,https://react.dev/learn/state-a-components-memory,3
react-dev:0,How do I manage state in a React component?,react-dev,playwright,4,https://react.dev/learn/managing-state,0.6469987505175556,true,state,https://react.dev/learn/managing-state,2
react-dev:0,How do I manage state in a React component?,react-dev,playwright,5,https://react.dev/learn/thinking-in-react,0.6437611017692436,false,state,https://react.dev/learn/thinking-in-react,4
react-dev:1,How does the useEffect hook work in React?,react-dev,playwright,1,https://react.dev/reference/react/useEffect,0.6225715075953826,true,useEffect,https://react.dev/reference/react/useeffect,1
react-dev:1,How does the useEffect hook work in React?,react-dev,playwright,2,https://react.dev/learn/reusing-logic-with-custom-hooks,0.6083818250360727,false,useEffect,https://react.dev/learn/reusing-logic-with-custom-hooks,2
react-dev:1,How does the useEffect hook work in React?,react-dev,playwright,3,https://react.dev/learn/reusing-logic-with-custom-hooks,0.6056701276776738,false,useEffect,https://react.dev/learn/reusing-logic-with-custom-hooks,2
react-dev:1,How does the useEffect hook work in React?,react-dev,playwright,4,https://react.dev/reference/react/useEffectEvent,0.6024386060458389,true,useEffect,https://react.dev/reference/react/useeffectevent,3
react-dev:1,How does the useEffect hook work in React?,react-dev,playwright,5,https://react.dev/reference/react/useEffect,0.598603538011439,true,useEffect,https://react.dev/reference/react/useeffect,1
react-dev:2,How do I create and use context in React?,react-dev,playwright,1,https://react.dev/reference/react/createContext,0.7208159078622919,true,useContext,https://react.dev/reference/react/createcontext,1
react-dev:2,How do I create and use context in React?,react-dev,playwright,2,https://react.dev/reference/react/createContext,0.7097373979689293,true,useContext,https://react.dev/reference/react/createcontext,1
react-dev:2,How do I create and use context in React?,react-dev,playwright,3,https://react.dev/learn/passing-data-deeply-with-context,0.7014369810870048,true,useContext,https://react.dev/learn/passing-data-deeply-with-context,2
react-dev:2,How do I create and use context in React?,react-dev,playwright,4,https://react.dev/reference/react/createContext,0.6900574844775563,true,useContext,https://react.dev/reference/react/createcontext,1
react-dev:2,How do I create and use context in React?,react-dev,playwright,5,https://react.dev/learn/passing-data-deeply-with-context,0.6853724182900549,true,useContext,https://react.dev/learn/passing-data-deeply-with-context,2
react-dev:3,What is JSX and how does React use it?,react-dev,playwright,1,https://react.dev/learn/writing-markup-with-jsx,0.7252904066569666,true,writing-markup-with-jsx,https://react.dev/learn/writing-markup-with-jsx,1
react-dev:3,What is JSX and how does React use it?,react-dev,playwright,2,https://react.dev/learn/writing-markup-with-jsx,0.6627370102710846,true,writing-markup-with-jsx,https://react.dev/learn/writing-markup-with-jsx,1
react-dev:3,What is JSX and how does React use it?,react-dev,playwright,3,https://react.dev/learn/writing-markup-with-jsx,0.6563119532667794,true,writing-markup-with-jsx,https://react.dev/learn/writing-markup-with-jsx,1
react-dev:3,What is JSX and how does React use it?,react-dev,playwright,4,https://react.dev/learn/writing-markup-with-jsx,0.6488941407662695,true,writing-markup-with-jsx,https://react.dev/learn/writing-markup-with-jsx,1
react-dev:3,What is JSX and how does React use it?,react-dev,playwright,5,https://react.dev/learn,0.6308458204451696,false,writing-markup-with-jsx,https://react.dev/learn,2
react-dev:4,How do I render lists and use keys in React?,react-dev,playwright,1,https://react.dev/learn/tutorial-tic-tac-toe,0.6663789215220145,false,rendering-lists,https://react.dev/learn/tutorial-tic-tac-toe,1
react-dev:4,How do I render lists and use keys in React?,react-dev,playwright,2,https://react.dev/learn/rendering-lists,0.6575020605797715,true,rendering-lists,https://react.dev/learn/rendering-lists,2
react-dev:4,How do I render lists and use keys in React?,react-dev,playwright,3,https://react.dev/learn/tutorial-tic-tac-toe,0.6377711715974873,false,rendering-lists,https://react.dev/learn/tutorial-tic-tac-toe,1
react-dev:4,How do I render lists and use keys in React?,react-dev,playwright,4,https://react.dev/learn,0.6367060429300986,false,rendering-lists,https://react.dev/learn,3
react-dev:4,How do I render lists and use keys in React?,react-dev,playwright,5,https://react.dev/learn/rendering-lists,0.6294580405112906,true,rendering-lists,https://react.dev/learn/rendering-lists,2
react-dev:5,How do I use the useRef hook in React?,react-dev,playwright,1,https://react.dev/learn/manipulating-the-dom-with-refs,0.6727258746148599,false,useRef,https://react.dev/learn/manipulating-the-dom-with-refs,1
react-dev:5,How do I use the useRef hook in React?,react-dev,playwright,2,https://react.dev/reference/react/useRef,0.6668397892337717,true,useRef,https://react.dev/reference/react/useref,2
react-dev:5,How do I use the useRef hook in React?,react-dev,playwright,3,https://react.dev/learn/manipulating-the-dom-with-refs,0.6610054104434036,false,useRef,https://react.dev/learn/manipulating-the-dom-with-refs,1
react-dev:5,How do I use the useRef hook in React?,react-dev,playwright,4,https://react.dev/reference/react/useRef,0.659266715342825,true,useRef,https://react.dev/reference/react/useref,2
react-dev:5,How do I use the useRef hook in React?,react-dev,playwright,5,https://react.dev/learn/manipulating-the-dom-with-refs,0.655806902326091,false,useRef,https://react.dev/learn/manipulating-the-dom-with-refs,1
react-dev:6,How do I pass props between React components?,react-dev,playwright,1,https://react.dev/learn/passing-data-deeply-with-context,0.6683564139876711,false,passing-props,https://react.dev/learn/passing-data-deeply-with-context,1
react-dev:6,How do I pass props between React components?,react-dev,playwright,2,https://react.dev/learn/passing-props-to-a-component,0.6665180354433009,true,passing-props,https://react.dev/learn/passing-props-to-a-component,2
react-dev:6,How do I pass props between React components?,react-dev,playwright,3,https://react.dev/learn/passing-data-deeply-with-context,0.6428948998241684,false,passing-props,https://react.dev/learn/passing-data-deeply-with-context,1
react-dev:6,How do I pass props between React components?,react-dev,playwright,4,https://react.dev/learn/passing-data-deeply-with-context,0.610188050318939,false,passing-props,https://react.dev/learn/passing-data-deeply-with-context,1
react-dev:6,How do I pass props between React components?,react-dev,playwright,5,https://react.dev/learn/passing-props-to-a-component,0.6065317274143711,true,passing-props,https://react.dev/learn/passing-props-to-a-component,2
react-dev:7,How do I conditionally render content in React?,react-dev,playwright,1,https://react.dev/learn/conditional-rendering,0.6285579730009654,true,conditional-rendering,https://react.dev/learn/conditional-rendering,1
react-dev:7,How do I conditionally render content in React?,react-dev,playwright,2,https://react.dev/learn/conditional-rendering,0.5670223403002294,true,conditional-rendering,https://react.dev/learn/conditional-rendering,1
react-dev:7,How do I conditionally render content in React?,react-dev,playwright,3,https://react.dev/learn/conditional-rendering,0.566504585015936,true,conditional-rendering,https://react.dev/learn/conditional-rendering,1
react-dev:7,How do I conditionally render content in React?,react-dev,playwright,4,https://react.dev/learn/conditional-rendering,0.5591166722305528,true,conditional-rendering,https://react.dev/learn/conditional-rendering,1
react-dev:7,How do I conditionally render content in React?,react-dev,playwright,5,https://react.dev/learn/describing-the-ui,0.5552809682725202,false,conditional-rendering,https://react.dev/learn/describing-the-ui,2
react-dev:8,What is the useMemo hook for in React?,react-dev,playwright,1,https://react.dev/reference/react/useMemo,0.6764465266616169,true,useMemo,https://react.dev/reference/react/usememo,1
react-dev:8,What is the useMemo hook for in React?,react-dev,playwright,2,https://react.dev/reference/react/useMemo,0.6482119705043881,true,useMemo,https://react.dev/reference/react/usememo,1
react-dev:8,What is the useMemo hook for in React?,react-dev,playwright,3,https://react.dev/reference/react/useMemo,0.6320983021059147,true,useMemo,https://react.dev/reference/react/usememo,1
react-dev:8,What is the useMemo hook for in React?,react-dev,playwright,4,https://react.dev/learn/typescript,0.6149814503263176,false,useMemo,https://react.dev/learn/typescript,2
react-dev:8,What is the useMemo hook for in React?,react-dev,playwright,5,https://react.dev/reference/react/useMemo,0.607970955634395,true,useMemo,https://react.dev/reference/react/usememo,1
react-dev:9,How do I use the useState hook in React?,react-dev,playwright,1,https://react.dev/learn/state-a-components-memory,0.6533505651439195,false,useState,https://react.dev/learn/state-a-components-memory,1
react-dev:9,How do I use the useState hook in React?,react-dev,playwright,2,https://react.dev/learn,0.6479241912455003,false,useState,https://react.dev/learn,2
react-dev:9,How do I use the useState hook in React?,react-dev,playwright,3,https://react.dev/learn/state-a-components-memory,0.6455941567793592,false,useState,https://react.dev/learn/state-a-components-memory,1
react-dev:9,How do I use the useState hook in React?,react-dev,playwright,4,https://react.dev/learn/state-a-components-memory,0.638407052988884,false,useState,https://react.dev/learn/state-a-components-memory,1
react-dev:9,How do I use the useState hook in React?,react-dev,playwright,5,https://react.dev/learn/state-a-components-memory,0.6281500358395815,false,useState,https://react.dev/learn/state-a-components-memory,1
react-dev:10,How do I use the useCallback hook in React?,react-dev,playwright,1,https://react.dev/reference/react/useCallback,0.6613530632783904,true,useCallback,https://react.dev/reference/react/usecallback,1
react-dev:10,How do I use the useCallback hook in React?,react-dev,playwright,2,https://react.dev/learn/typescript,0.6334917374299041,false,useCallback,https://react.dev/learn/typescript,2
react-dev:10,How do I use the useCallback hook in React?,react-dev,playwright,3,https://react.dev/reference/react/useCallback,0.6288096839232312,true,useCallback,https://react.dev/reference/react/usecallback,1
react-dev:10,How do I use the useCallback hook in React?,react-dev,playwright,4,https://react.dev/reference/react/useCallback,0.6132032055353984,true,useCallback,https://react.dev/reference/react/usecallback,1
react-dev:10,How do I use the useCallback hook in React?,react-dev,playwright,5,https://react.dev/reference/react/useCallback,0.5981326475680607,true,useCallback,https://react.dev/reference/react/usecallback,1
react-dev:11,How do I use the useReducer hook in React?,react-dev,playwright,1,https://react.dev/reference/react/useReducer,0.7227157887543071,true,useReducer,https://react.dev/reference/react/usereducer,1
react-dev:11,How do I use the useReducer hook in React?,react-dev,playwright,2,https://react.dev/reference/react/useReducer,0.7027143292191906,true,useReducer,https://react.dev/reference/react/usereducer,1
react-dev:11,How do I use the useReducer hook in React?,react-dev,playwright,3,https://react.dev/reference/react/useReducer,0.6840870867311113,true,useReducer,https://react.dev/reference/react/usereducer,1
react-dev:11,How do I use the useReducer hook in React?,react-dev,playwright,4,https://react.dev/reference/react/useReducer,0.6801388791826549,true,useReducer,https://react.dev/reference/react/usereducer,1
react-dev:11,How do I use the useReducer hook in React?,react-dev,playwright,5,https://react.dev/reference/react/useReducer,0.6631239441350891,true,useReducer,https://react.dev/reference/react/usereducer,1
react-dev:12,How do I handle events like clicks in React?,react-dev,playwright,1,https://react.dev/learn/responding-to-events,0.6312105359157684,true,responding-to-events,https://react.dev/learn/responding-to-events,1
react-dev:12,How do I handle events like clicks in React?,react-dev,playwright,2,https://react.dev/learn/responding-to-events,0.5983047533461051,true,responding-to-events,https://react.dev/learn/responding-to-events,1
react-dev:12,How do I handle events like clicks in React?,react-dev,playwright,3,https://react.dev/learn/tutorial-tic-tac-toe,0.5898500065943297,false,responding-to-events,https://react.dev/learn/tutorial-tic-tac-toe,2
react-dev:12,How do I handle events like clicks in React?,react-dev,playwright,4,https://react.dev/learn/adding-interactivity,0.5812023751755476,false,responding-to-events,https://react.dev/learn/adding-interactivity,3
react-dev:12,How do I handle events like clicks in React?,react-dev,playwright,5,https://react.dev/learn/responding-to-events,0.5780714324471928,true,responding-to-events,https://react.dev/learn/responding-to-events,1
react-dev:13,What is the Suspense component in React?,react-dev,playwright,1,https://react.dev/reference/react/Suspense,0.6765832280376629,true,Suspense,https://react.dev/reference/react/suspense,1
react-dev:13,What is the Suspense component in React?,react-dev,playwright,2,https://react.dev/reference/react/Suspense,0.6473919165278799,true,Suspense,https://react.dev/reference/react/suspense,1
react-dev:13,What is the Suspense component in React?,react-dev,playwright,3,https://react.dev/reference/react/Activity,0.6471302910456296,false,Suspense,https://react.dev/reference/react/activity,2
react-dev:13,What is the Suspense component in React?,react-dev,playwright,4,https://react.dev/reference/react/Suspense,0.640157102326302,true,Suspense,https://react.dev/reference/react/suspense,1
react-dev:13,What is the Suspense component in React?,react-dev,playwright,5,https://react.dev/reference/react/Suspense,0.6332243551095097,true,Suspense,https://react.dev/reference/react/suspense,1
react-dev:14,How do I add interactivity to React components?,react-dev,playwright,1,https://react.dev/learn/responding-to-events,0.6327910971607769,false,adding-interactivity,https://react.dev/learn/responding-to-events,1
react-dev:14,How do I add interactivity to React components?,react-dev,playwright,2,https://react.dev/reference/rsc/server-components,0.6229071756687826,false,adding-interactivity,https://react.dev/reference/rsc/server-components,2
react-dev:14,How do I add interactivity to React components?,react-dev,playwright,3,https://react.dev/learn/render-and-commit,0.6178560390134106,false,adding-interactivity,https://react.dev/learn/render-and-commit,3
react-dev:14,How do I add interactivity to React components?,react-dev,playwright,4,https://react.dev/learn/adding-interactivity,0.6152699165310711,true,adding-interactivity,https://react.dev/learn/adding-interactivity,4
react-dev:14,How do I add interactivity to React components?,react-dev,playwright,5,https://react.dev/learn/adding-interactivity,0.6075426167900432,true,adding-interactivity,https://react.dev/learn/adding-interactivity,4
react-dev:15,How do I install and set up a new React project?,react-dev,playwright,1,https://react.dev/learn/add-react-to-an-existing-project,0.656804215073849,false,installation,https://react.dev/learn/add-react-to-an-existing-project,1
react-dev:15,How do I install and set up a new React project?,react-dev,playwright,2,https://react.dev/learn/installation,0.6024670049179768,true,installation,https://react.dev/learn/installation,2
react-dev:15,How do I install and set up a new React project?,react-dev,playwright,3,https://react.dev/learn/build-a-react-app-from-scratch,0.5971713045123858,false,installation,https://react.dev/learn/build-a-react-app-from-scratch,3
react-dev:15,How do I install and set up a new React project?,react-dev,playwright,4,https://react.dev/learn/add-react-to-an-existing-project,0.5956754012231665,false,installation,https://react.dev/learn/add-react-to-an-existing-project,1
react-dev:15,How do I install and set up a new React project?,react-dev,playwright,5,https://react.dev/learn/build-a-react-app-from-scratch,0.5951149189575,false,installation,https://react.dev/learn/build-a-react-app-from-scratch,3
stripe-docs:0,How do I create a payment intent with Stripe?,stripe-docs,markcrawl,1,https://docs.stripe.com/payments/payment-intents,0.7764555319690534,true,payment-intent,https://docs.stripe.com/payments/payment-intents,1
stripe-docs:0,How do I create a payment intent with Stripe?,stripe-docs,markcrawl,2,https://docs.stripe.com/payments/mobile/accept-payment-embedded?platform=android,0.7252665136273037,false,payment-intent,https://docs.stripe.com/payments/mobile/accept-payment-embedded?platform=android,2
stripe-docs:0,How do I create a payment intent with Stripe?,stripe-docs,markcrawl,3,https://docs.stripe.com/payments/payment-element/migration-ewcs,0.7095132038655958,false,payment-intent,https://docs.stripe.com/payments/payment-element/migration-ewcs,3
stripe-docs:0,How do I create a payment intent with Stripe?,stripe-docs,markcrawl,4,https://docs.stripe.com/payments/ideal/save-during-payment,0.7015371557900743,false,payment-intent,https://docs.stripe.com/payments/ideal/save-during-payment,4
stripe-docs:0,How do I create a payment intent with Stripe?,stripe-docs,markcrawl,5,https://docs.stripe.com/payments/mobile/save-during-payment,0.7000611532768548,false,payment-intent,https://docs.stripe.com/payments/mobile/save-during-payment,5
stripe-docs:1,How do I handle webhooks from Stripe?,stripe-docs,markcrawl,1,https://docs.stripe.com/payments/managed-payments/set-up-mobile,0.642428656505582,false,webhook,https://docs.stripe.com/payments/managed-payments/set-up-mobile,1
stripe-docs:1,How do I handle webhooks from Stripe?,stripe-docs,markcrawl,2,https://docs.stripe.com/payments/bacs-debit/accept-a-payment,0.6375469883860313,false,webhook,https://docs.stripe.com/payments/bacs-debit/accept-a-payment,2
stripe-docs:1,How do I handle webhooks from Stripe?,stripe-docs,markcrawl,3,https://docs.stripe.com/payments/payment-methods,0.6362916451237568,false,webhook,https://docs.stripe.com/payments/payment-methods,3
stripe-docs:1,How do I handle webhooks from Stripe?,stripe-docs,markcrawl,4,https://docs.stripe.com/payments/payment-intents/verifying-status,0.6277883148993147,false,webhook,https://docs.stripe.com/payments/payment-intents/verifying-status,4
stripe-docs:1,How do I handle webhooks from Stripe?,stripe-docs,markcrawl,5,https://docs.stripe.com/payments/bacs-debit/accept-a-payment,0.6100178283625671,false,webhook,https://docs.stripe.com/payments/bacs-debit/accept-a-payment,2
stripe-docs:2,How do I set up Stripe subscriptions?,stripe-docs,markcrawl,1,https://docs.stripe.com/payments/save-and-reuse?platform=web&ui=elements,0.6754040777822,false,subscription,https://docs.stripe.com/payments/save-and-reuse?platform=web&ui=elements,1
stripe-docs:2,How do I set up Stripe subscriptions?,stripe-docs,markcrawl,2,https://docs.stripe.com/payments/managed-payments/set-up,0.6339721696720412,false,subscription,https://docs.stripe.com/payments/managed-payments/set-up,2
stripe-docs:2,How do I set up Stripe subscriptions?,stripe-docs,markcrawl,3,https://docs.stripe.com/payments/mobile/save-card-without-authentication,0.6206799834655417,false,subscription,https://docs.stripe.com/payments/mobile/save-card-without-authentication,3
stripe-docs:2,How do I set up Stripe subscriptions?,stripe-docs,markcrawl,4,https://docs.stripe.com/payments/klarna/set-up-future-payments,0.6050923830148793,false,subscription,https://docs.stripe.com/payments/klarna/set-up-future-payments,4
stripe-docs:2,How do I set up Stripe subscriptions?,stripe-docs,markcrawl,5,https://docs.stripe.com/payments/advanced/build-subscriptions,0.6028599526405077,true,subscription,https://docs.stripe.com/payments/advanced/build-subscriptions,5
stripe-docs:3,How do I authenticate with the Stripe API?,stripe-docs,markcrawl,1,https://docs.stripe.com/payments/save-and-reuse?platform=web&ui=elements,0.5891225792296749,false,authentication,https://docs.stripe.com/payments/save-and-reuse?platform=web&ui=elements,1
stripe-docs:3,How do I authenticate with the Stripe API?,stripe-docs,markcrawl,2,https://docs.stripe.com/payments/accept-a-payment-synchronously,0.5769606435424458,false,authentication,https://docs.stripe.com/payments/accept-a-payment-synchronously,2
stripe-docs:3,How do I authenticate with the Stripe API?,stripe-docs,markcrawl,3,https://docs.stripe.com/payments/accept-a-payment-synchronously,0.5698581334554508,false,authentication,https://docs.stripe.com/payments/accept-a-payment-synchronously,2
stripe-docs:3,How do I authenticate with the Stripe API?,stripe-docs,markcrawl,4,https://docs.stripe.com/payments/mobile/accept-payment?integration=paymentsheet&type=paymentsfu,0.5663798037939196,false,authentication,https://docs.stripe.com/payments/mobile/accept-payment?integration=paymentsheet&type=paymentsfu,3
stripe-docs:3,How do I authenticate with the Stripe API?,stripe-docs,markcrawl,5,https://docs.stripe.com/payments/payment-intents/three-d-secure-import,0.5662750835401201,false,authentication,https://docs.stripe.com/payments/payment-intents/three-d-secure-import,4
stripe-docs:4,How do I handle errors in the Stripe API?,stripe-docs,markcrawl,1,https://docs.stripe.com/payments/save-card-without-authentication,0.6023935013481447,false,error-handling,https://docs.stripe.com/payments/save-card-without-authentication,1
stripe-docs:4,How do I handle errors in the Stripe API?,stripe-docs,markcrawl,2,https://docs.stripe.com/payments/save-card-without-authentication,0.5987865570432843,false,error-handling,https://docs.stripe.com/payments/save-card-without-authentication,1
stripe-docs:4,How do I handle errors in the Stripe API?,stripe-docs,markcrawl,3,https://docs.stripe.com/payments/without-card-authentication,0.5904945800544981,false,error-handling,https://docs.stripe.com/payments/without-card-authentication,2
stripe-docs:4,How do I handle errors in the Stripe API?,stripe-docs,markcrawl,4,https://docs.stripe.com/payments/mobile/save-card-without-authentication,0.5695146571616724,false,error-handling,https://docs.stripe.com/payments/mobile/save-card-without-authentication,3
stripe-docs:4,How do I handle errors in the Stripe API?,stripe-docs,markcrawl,5,https://docs.stripe.com/payments/accept-a-payment-synchronously,0.562109030481247,false,error-handling,https://docs.stripe.com/payments/accept-a-payment-synchronously,4
stripe-docs:5,How do I process refunds with Stripe?,stripe-docs,markcrawl,1,https://docs.stripe.com/payments/customer-balance/refunding,0.6641228385328715,true,refund,https://docs.stripe.com/payments/customer-balance/refunding,1
stripe-docs:5,How do I process refunds with Stripe?,stripe-docs,markcrawl,2,https://docs.stripe.com/payments/affirm,0.6359511837025216,false,refund,https://docs.stripe.com/payments/affirm,2
stripe-docs:5,How do I process refunds with Stripe?,stripe-docs,markcrawl,3,https://docs.stripe.com/payments/revolut-pay,0.6333275650040446,false,refund,https://docs.stripe.com/payments/revolut-pay,3
stripe-docs:5,How do I process refunds with Stripe?,stripe-docs,markcrawl,4,https://docs.stripe.com/payments/customer-balance/refunding,0.6303418571141771,true,refund,https://docs.stripe.com/payments/customer-balance/refunding,1
stripe-docs:5,How do I process refunds with Stripe?,stripe-docs,markcrawl,5,https://docs.stripe.com/payments/affirm,0.6149196772159268,false,refund,https://docs.stripe.com/payments/affirm,2
stripe-docs:6,How do I use Stripe checkout for payments?,stripe-docs,markcrawl,1,https://docs.stripe.com/payments/checkout/save-and-reuse?payment-ui=embedded-page,0.6961135121234565,true,checkout,https://docs.stripe.com/payments/checkout/save-and-reuse?payment-ui=embedded-page,1
stripe-docs:6,How do I use Stripe checkout for payments?,stripe-docs,markcrawl,2,https://docs.stripe.com/payments/accept-a-payment,0.6934530847677073,false,checkout,https://docs.stripe.com/payments/accept-a-payment,2
stripe-docs:6,How do I use Stripe checkout for payments?,stripe-docs,markcrawl,3,https://docs.stripe.com/payments/ideal/save-during-payment,0.6753169591103516,false,checkout,https://docs.stripe.com/payments/ideal/save-during-payment,3
stripe-docs:6,How do I use Stripe checkout for payments?,stripe-docs,markcrawl,4,https://docs.stripe.com/payments/bank-transfers/accept-a-payment,0.6735231379932021,false,checkout,https://docs.stripe.com/payments/bank-transfers/accept-a-payment,4
stripe-docs:6,How do I use Stripe checkout for payments?,stripe-docs,markcrawl,5,https://docs.stripe.com/payments/accept-a-payment?api-integration=paymentintents&payment-ui=elements,0.6735231379932021,false,checkout,https://docs.stripe.com/payments/accept-a-payment?api-integration=paymentintents&payment-ui=elements,5
stripe-docs:7,How do I test Stripe payments in development?,stripe-docs,markcrawl,1,https://docs.stripe.com/payments/advanced/dashboard-payment-methods,0.6525657757495409,false,testing,https://docs.stripe.com/payments/advanced/dashboard-payment-methods,1
stripe-docs:7,How do I test Stripe payments in development?,stripe-docs,markcrawl,2,https://docs.stripe.com/payments/dashboard-payment-methods,0.6525657757495409,false,testing,https://docs.stripe.com/payments/dashboard-payment-methods,2
stripe-docs:7,How do I test Stripe payments in development?,stripe-docs,markcrawl,3,https://docs.stripe.com/payments/kr-card/set-up-future-payments,0.6414422063025392,false,testing,https://docs.stripe.com/payments/kr-card/set-up-future-payments,3
stripe-docs:7,How do I test Stripe payments in development?,stripe-docs,markcrawl,4,https://docs.stripe.com/payments/advanced/build-subscriptions,0.6400996337109428,false,testing,https://docs.stripe.com/payments/advanced/build-subscriptions,4
stripe-docs:7,How do I test Stripe payments in development?,stripe-docs,markcrawl,5,https://docs.stripe.com/payments/accept-a-payment?api-integration=checkout&payment-ui=elements,0.6325926569735176,false,testing,https://docs.stripe.com/payments/accept-a-payment?api-integration=checkout&payment-ui=elements,5
stripe-docs:8,What are Stripe Connect and platform payments?,stripe-docs,markcrawl,1,https://docs.stripe.com/payments/pay-with-balance,0.6484260036116587,false,connect,https://docs.stripe.com/payments/pay-with-balance,1
stripe-docs:8,What are Stripe Connect and platform payments?,stripe-docs,markcrawl,2,https://docs.stripe.com/payments/pay-by-bank,0.6092880922369343,false,connect,https://docs.stripe.com/payments/pay-by-bank,2
stripe-docs:8,What are Stripe Connect and platform payments?,stripe-docs,markcrawl,3,https://docs.stripe.com/payments/bank-transfers,0.5979003415526167,false,connect,https://docs.stripe.com/payments/bank-transfers,3
stripe-docs:8,What are Stripe Connect and platform payments?,stripe-docs,markcrawl,4,https://docs.stripe.com/payments/payment-methods/payment-method-connect-support,0.5934952767420106,true,connect,https://docs.stripe.com/payments/payment-methods/payment-method-connect-support,4
stripe-docs:8,What are Stripe Connect and platform payments?,stripe-docs,markcrawl,5,https://docs.stripe.com/payments/swish,0.5787025215307773,false,connect,https://docs.stripe.com/payments/swish,5
stripe-docs:9,How do I set up usage-based billing with Stripe?,stripe-docs,markcrawl,1,https://docs.stripe.com/payments/save-and-reuse?platform=web&ui=elements,0.601381757880723,false,usage-based,https://docs.stripe.com/payments/save-and-reuse?platform=web&ui=elements,1
stripe-docs:9,How do I set up usage-based billing with Stripe?,stripe-docs,markcrawl,2,https://docs.stripe.com/payments/checkout/build-subscriptions,0.5940603417196932,false,usage-based,https://docs.stripe.com/payments/checkout/build-subscriptions,2
stripe-docs:9,How do I set up usage-based billing with Stripe?,stripe-docs,markcrawl,3,https://docs.stripe.com/payments/setup-intents,0.589901550482142,false,usage-based,https://docs.stripe.com/payments/setup-intents,3
stripe-docs:9,How do I set up usage-based billing with Stripe?,stripe-docs,markcrawl,4,https://docs.stripe.com/payments/advanced/build-subscriptions,0.580203643154122,false,usage-based,https://docs.stripe.com/payments/advanced/build-subscriptions,4
stripe-docs:9,How do I set up usage-based billing with Stripe?,stripe-docs,markcrawl,5,https://docs.stripe.com/payments/setup-intents,0.5731539442574786,false,usage-based,https://docs.stripe.com/payments/setup-intents,3
stripe-docs:10,How do I manage Stripe API keys?,stripe-docs,markcrawl,1,https://docs.stripe.com/payments/mobile/accept-payment?integration=paymentsheet&type=paymentsfu,0.5411091902685818,false,keys,https://docs.stripe.com/payments/mobile/accept-payment?integration=paymentsheet&type=paymentsfu,1
stripe-docs:10,How do I manage Stripe API keys?,stripe-docs,markcrawl,2,https://docs.stripe.com/payments/vault-and-forward,0.517929259975883,false,keys,https://docs.stripe.com/payments/vault-and-forward,2
stripe-docs:10,How do I manage Stripe API keys?,stripe-docs,markcrawl,3,https://docs.stripe.com/payments/save-and-reuse?platform=web&ui=elements,0.5107488880310813,false,keys,https://docs.stripe.com/payments/save-and-reuse?platform=web&ui=elements,3
stripe-docs:10,How do I manage Stripe API keys?,stripe-docs,markcrawl,4,https://docs.stripe.com/payments/mobile/accept-payment?integration=paymentsheet&type=paymentsfu,0.5012936771663706,false,keys,https://docs.stripe.com/payments/mobile/accept-payment?integration=paymentsheet&type=paymentsfu,1
stripe-docs:10,How do I manage Stripe API keys?,stripe-docs,markcrawl,5,https://docs.stripe.com/payments/mobile/accept-payment-embedded?platform=react-native,0.49410978173852615,false,keys,https://docs.stripe.com/payments/mobile/accept-payment-embedded?platform=react-native,4
stripe-docs:11,How do I handle Stripe rate limits?,stripe-docs,markcrawl,1,https://docs.stripe.com/payments/without-card-authentication,0.5275062276449426,false,rate-limits,https://docs.stripe.com/payments/without-card-authentication,1
stripe-docs:11,How do I handle Stripe rate limits?,stripe-docs,markcrawl,2,https://docs.stripe.com/payments/incremental-authorization,0.5232446877741651,false,rate-limits,https://docs.stripe.com/payments/incremental-authorization,2
stripe-docs:11,How do I handle Stripe rate limits?,stripe-docs,markcrawl,3,https://docs.stripe.com/payments/save-card-without-authentication,0.5221674632139522,false,rate-limits,https://docs.stripe.com/payments/save-card-without-authentication,3
stripe-docs:11,How do I handle Stripe rate limits?,stripe-docs,markcrawl,4,https://docs.stripe.com/payments/balances,0.5214898210708789,false,rate-limits,https://docs.stripe.com/payments/balances,4
stripe-docs:11,How do I handle Stripe rate limits?,stripe-docs,markcrawl,5,https://docs.stripe.com/payments/pix/accept-a-payment,0.5207173830789295,false,rate-limits,https://docs.stripe.com/payments/pix/accept-a-payment,5
stripe-docs:12,How do I use metadata with Stripe objects?,stripe-docs,markcrawl,1,https://docs.stripe.com/payments/charges-api,0.6166881278374502,false,metadata,https://docs.stripe.com/payments/charges-api,1
stripe-docs:12,How do I use metadata with Stripe objects?,stripe-docs,markcrawl,2,https://docs.stripe.com/payments/payment-intents,0.6121423779199886,false,metadata,https://docs.stripe.com/payments/payment-intents,2
stripe-docs:12,How do I use metadata with Stripe objects?,stripe-docs,markcrawl,3,https://docs.stripe.com/payments/checkout/embedded-analytics,0.5169136214695583,false,metadata,https://docs.stripe.com/payments/checkout/embedded-analytics,3
stripe-docs:12,How do I use metadata with Stripe objects?,stripe-docs,markcrawl,4,https://docs.stripe.com/payments/checkout-sessions,0.5141149734884513,false,metadata,https://docs.stripe.com/payments/checkout-sessions,4
stripe-docs:12,How do I use metadata with Stripe objects?,stripe-docs,markcrawl,5,https://docs.stripe.com/payments/payment-intents/three-d-secure-import,0.5021202725427285,false,metadata,https://docs.stripe.com/payments/payment-intents/three-d-secure-import,5
stripe-docs:13,How do I set up Apple Pay with Stripe?,stripe-docs,markcrawl,1,https://docs.stripe.com/payments/mobile/save-card-without-authentication,0.6249444453095775,false,apple-pay,https://docs.stripe.com/payments/mobile/save-card-without-authentication,1
stripe-docs:13,How do I set up Apple Pay with Stripe?,stripe-docs,markcrawl,2,https://docs.stripe.com/payments/accept-a-payment,0.6185173762801206,false,apple-pay,https://docs.stripe.com/payments/accept-a-payment,2
stripe-docs:13,How do I set up Apple Pay with Stripe?,stripe-docs,markcrawl,3,https://docs.stripe.com/payments/mobile/accept-payment?platform=ios&type=setup,0.6134882352460623,false,apple-pay,https://docs.stripe.com/payments/mobile/accept-payment?platform=ios&type=setup,3
stripe-docs:13,How do I set up Apple Pay with Stripe?,stripe-docs,markcrawl,4,https://docs.stripe.com/payments/checkout/client,0.610364564109063,false,apple-pay,https://docs.stripe.com/payments/checkout/client,4
stripe-docs:13,How do I set up Apple Pay with Stripe?,stripe-docs,markcrawl,5,https://docs.stripe.com/payments/mobile/finalize-payments-on-the-server,0.6101982427070375,false,apple-pay,https://docs.stripe.com/payments/mobile/finalize-payments-on-the-server,5
stripe-docs:14,How do I issue cards with Stripe Issuing?,stripe-docs,markcrawl,1,https://docs.stripe.com/payments/cards,0.571046222365069,false,issuing,https://docs.stripe.com/payments/cards,1
stripe-docs:14,How do I issue cards with Stripe Issuing?,stripe-docs,markcrawl,2,https://docs.stripe.com/payments/payment-intents/three-d-secure-import,0.554769807183865,false,issuing,https://docs.stripe.com/payments/payment-intents/three-d-secure-import,2
stripe-docs:14,How do I issue cards with Stripe Issuing?,stripe-docs,markcrawl,3,https://docs.stripe.com/payments/save-card-without-authentication,0.5529688939270001,false,issuing,https://docs.stripe.com/payments/save-card-without-authentication,3
stripe-docs:14,How do I issue cards with Stripe Issuing?,stripe-docs,markcrawl,4,https://docs.stripe.com/payments/3d-secure/authentication-flow,0.5491421845313835,false,issuing,https://docs.stripe.com/payments/3d-secure/authentication-flow,4
stripe-docs:14,How do I issue cards with Stripe Issuing?,stripe-docs,markcrawl,5,https://docs.stripe.com/payments/cards/overview,0.5479084430469706,false,issuing,https://docs.stripe.com/payments/cards/overview,5
stripe-docs:15,How do I recover failed subscription payments?,stripe-docs,markcrawl,1,https://docs.stripe.com/payments/pay-with-balance,0.5209791893389522,false,revenue-recovery,https://docs.stripe.com/payments/pay-with-balance,1
stripe-docs:15,How do I recover failed subscription payments?,stripe-docs,markcrawl,2,https://docs.stripe.com/payments/paypal/set-up-future-payments,0.4733602097349856,false,revenue-recovery,https://docs.stripe.com/payments/paypal/set-up-future-payments,2
stripe-docs:15,How do I recover failed subscription payments?,stripe-docs,markcrawl,3,https://docs.stripe.com/payments/sepa-debit,0.4622730548668172,false,revenue-recovery,https://docs.stripe.com/payments/sepa-debit,3
stripe-docs:15,How do I recover failed subscription payments?,stripe-docs,markcrawl,4,https://docs.stripe.com/payments/checkout/free-trials,0.45274865138638776,false,revenue-recovery,https://docs.stripe.com/payments/checkout/free-trials,4
stripe-docs:15,How do I recover failed subscription payments?,stripe-docs,markcrawl,5,https://docs.stripe.com/payments/sepa-debit,0.44645662535659103,false,revenue-recovery,https://docs.stripe.com/payments/sepa-debit,3
stripe-docs:16,How does Stripe handle tax calculation for billing?,stripe-docs,markcrawl,1,https://docs.stripe.com/payments/advanced/tax,0.6533385252421571,false,billing/taxes,https://docs.stripe.com/payments/advanced/tax,1
stripe-docs:16,How does Stripe handle tax calculation for billing?,stripe-docs,markcrawl,2,https://docs.stripe.com/payments/checkout/taxes,0.6508435994138297,false,billing/taxes,https://docs.stripe.com/payments/checkout/taxes,2
stripe-docs:16,How does Stripe handle tax calculation for billing?,stripe-docs,markcrawl,3,https://docs.stripe.com/payments/checkout/use-manual-tax-rates,0.6508105303431304,false,billing/taxes,https://docs.stripe.com/payments/checkout/use-manual-tax-rates,3
stripe-docs:16,How does Stripe handle tax calculation for billing?,stripe-docs,markcrawl,4,https://docs.stripe.com/payments/managed-payments/tax-compliance,0.6487759811215486,false,billing/taxes,https://docs.stripe.com/payments/managed-payments/tax-compliance,4
stripe-docs:16,How does Stripe handle tax calculation for billing?,stripe-docs,markcrawl,5,https://docs.stripe.com/payments/managed-payments/tax-compliance,0.6240728276039973,false,billing/taxes,https://docs.stripe.com/payments/managed-payments/tax-compliance,4
stripe-docs:17,How do I migrate data to Stripe?,stripe-docs,markcrawl,1,https://docs.stripe.com/payments/ach-direct-debit/migrating-from-another-processor,0.6538026729040832,false,data-migrations,https://docs.stripe.com/payments/ach-direct-debit/migrating-from-another-processor,1
stripe-docs:17,How do I migrate data to Stripe?,stripe-docs,markcrawl,2,https://docs.stripe.com/payments/checkout/migration,0.6384548397021711,false,data-migrations,https://docs.stripe.com/payments/checkout/migration,2
stripe-docs:17,How do I migrate data to Stripe?,stripe-docs,markcrawl,3,https://docs.stripe.com/payments/nz-bank-account/migrate-from-another-processor,0.6206536927022956,false,data-migrations,https://docs.stripe.com/payments/nz-bank-account/migrate-from-another-processor,3
stripe-docs:17,How do I migrate data to Stripe?,stripe-docs,markcrawl,4,https://docs.stripe.com/payments/save-and-reuse?platform=web&ui=elements,0.6056676947449346,false,data-migrations,https://docs.stripe.com/payments/save-and-reuse?platform=web&ui=elements,4
stripe-docs:17,How do I migrate data to Stripe?,stripe-docs,markcrawl,5,https://docs.stripe.com/payments/bacs-debit/export-data,0.6004710927958891,false,data-migrations,https://docs.stripe.com/payments/bacs-debit/export-data,5
stripe-docs:0,How do I create a payment intent with Stripe?,stripe-docs,crawl4ai,1,https://docs.stripe.com/payments/payment-intents,0.7174703679474319,true,payment-intent,https://docs.stripe.com/payments/payment-intents,1
stripe-docs:0,How do I create a payment intent with Stripe?,stripe-docs,crawl4ai,2,https://docs.stripe.com/payments/accept-a-payment?api-integration=paymentintents&payment-ui=elements,0.7105663651788705,false,payment-intent,https://docs.stripe.com/payments/accept-a-payment?api-integration=paymentintents&payment-ui=elements,2
stripe-docs:0,How do I create a payment intent with Stripe?,stripe-docs,crawl4ai,3,https://docs.stripe.com/payments/payment-element/migration-ewcs,0.7059963150181976,false,payment-intent,https://docs.stripe.com/payments/payment-element/migration-ewcs,3
stripe-docs:0,How do I create a payment intent with Stripe?,stripe-docs,crawl4ai,4,https://docs.stripe.com/payments-api/tour,0.7033776002141039,false,payment-intent,https://docs.stripe.com/payments-api/tour,4
stripe-docs:0,How do I create a payment intent with Stripe?,stripe-docs,crawl4ai,5,https://docs.stripe.com/payments/payment-intents,0.698993005697504,true,payment-intent,https://docs.stripe.com/payments/payment-intents,1
stripe-docs:1,How do I handle webhooks from Stripe?,stripe-docs,crawl4ai,1,https://docs.stripe.com/webhooks,0.7099700345082158,true,webhook,https://docs.stripe.com/webhooks,1
stripe-docs:1,How do I handle webhooks from Stripe?,stripe-docs,crawl4ai,2,https://docs.stripe.com/webhooks/handling-payment-events,0.7048055465948952,true,webhook,https://docs.stripe.com/webhooks/handling-payment-events,2
stripe-docs:1,How do I handle webhooks from Stripe?,stripe-docs,crawl4ai,3,https://docs.stripe.com/webhooks,0.6731645282597614,true,webhook,https://docs.stripe.com/webhooks,1
stripe-docs:1,How do I handle webhooks from Stripe?,stripe-docs,crawl4ai,4,https://docs.stripe.com/webhooks/quickstart,0.6707889058139688,true,webhook,https://docs.stripe.com/webhooks/quickstart,3
stripe-docs:1,How do I handle webhooks from Stripe?,stripe-docs,crawl4ai,5,https://docs.stripe.com/webhooks,0.6604736703437609,true,webhook,https://docs.stripe.com/webhooks,1
stripe-docs:2,How do I set up Stripe subscriptions?,stripe-docs,crawl4ai,1,https://docs.stripe.com/billing/subscriptions/build-subscription,0.6823137366737332,true,subscription,https://docs.stripe.com/billing/subscriptions/build-subscription,1
stripe-docs:2,How do I set up Stripe subscriptions?,stripe-docs,crawl4ai,2,https://docs.stripe.com/billing/subscriptions/build-subscriptions?payment-ui=checkout&ui=stripe-hosted,0.6822856754106837,true,subscription,https://docs.stripe.com/billing/subscriptions/build-subscriptions?payment-ui=checkout&ui=stripe-hosted,2
stripe-docs:2,How do I set up Stripe subscriptions?,stripe-docs,crawl4ai,3,https://docs.stripe.com/billing/subscriptions/build-subscriptions,0.6822856754106837,true,subscription,https://docs.stripe.com/billing/subscriptions/build-subscriptions,3
stripe-docs:2,How do I set up Stripe subscriptions?,stripe-docs,crawl4ai,4,https://docs.stripe.com/billing/subscriptions/webhooks,0.6793657015072616,true,subscription,https://docs.stripe.com/billing/subscriptions/webhooks,4
stripe-docs:2,How do I set up Stripe subscriptions?,stripe-docs,crawl4ai,5,https://docs.stripe.com/billing/subscriptions/design-an-integration,0.6751917443932663,true,subscription,https://docs.stripe.com/billing/subscriptions/design-an-integration,5
stripe-docs:3,How do I authenticate with the Stripe API?,stripe-docs,crawl4ai,1,https://docs.stripe.com/payments/link/save-and-reuse,0.612417263201509,false,authentication,https://docs.stripe.com/payments/link/save-and-reuse,1
stripe-docs:3,How do I authenticate with the Stripe API?,stripe-docs,crawl4ai,2,https://docs.stripe.com/connect/required-verification-information,0.6106459134969001,false,authentication,https://docs.stripe.com/connect/required-verification-information,2
stripe-docs:3,How do I authenticate with the Stripe API?,stripe-docs,crawl4ai,3,https://docs.stripe.com/keys,0.6044820018210407,false,authentication,https://docs.stripe.com/keys,3
stripe-docs:3,How do I authenticate with the Stripe API?,stripe-docs,crawl4ai,4,https://docs.stripe.com/payments/3d-secure,0.5968598517046002,false,authentication,https://docs.stripe.com/payments/3d-secure,4
stripe-docs:3,How do I authenticate with the Stripe API?,stripe-docs,crawl4ai,5,https://dashboard.stripe.com/login?redirect=https%3A%2F%2Fdocs.stripe.com%2Fpayment-links,0.5859488801484788,false,authentication,https://dashboard.stripe.com/login?redirect=https%3A%2F%2Fdocs.stripe.com%2Fpayment-links,5
stripe-docs:4,How do I handle errors in the Stripe API?,stripe-docs,crawl4ai,1,https://docs.stripe.com/api,0.5716162926293346,false,error-handling,https://docs.stripe.com/api,1
stripe-docs:4,How do I handle errors in the Stripe API?,stripe-docs,crawl4ai,2,https://docs.stripe.com/api,0.5598956892957837,false,error-handling,https://docs.stripe.com/api,1
stripe-docs:4,How do I handle errors in the Stripe API?,stripe-docs,crawl4ai,3,https://docs.stripe.com/refunds,0.5598555070883959,false,error-handling,https://docs.stripe.com/refunds,2
stripe-docs:4,How do I handle errors in the Stripe API?,stripe-docs,crawl4ai,4,https://docs.stripe.com/payments/finalize-payments-on-the-server,0.557933716739085,false,error-handling,https://docs.stripe.com/payments/finalize-payments-on-the-server,3
stripe-docs:4,How do I handle errors in the Stripe API?,stripe-docs,crawl4ai,5,https://docs.stripe.com/webhooks,0.5520588793974045,false,error-handling,https://docs.stripe.com/webhooks,4
stripe-docs:5,How do I process refunds with Stripe?,stripe-docs,crawl4ai,1,https://docs.stripe.com/billing/subscriptions/third-party-payment-processing,0.6650266167275273,false,refund,https://docs.stripe.com/billing/subscriptions/third-party-payment-processing,1
stripe-docs:5,How do I process refunds with Stripe?,stripe-docs,crawl4ai,2,https://docs.stripe.com/refunds,0.6648203584062713,true,refund,https://docs.stripe.com/refunds,2
stripe-docs:5,How do I process refunds with Stripe?,stripe-docs,crawl4ai,3,https://docs.stripe.com/refunds,0.6490915848836754,true,refund,https://docs.stripe.com/refunds,2
stripe-docs:5,How do I process refunds with Stripe?,stripe-docs,crawl4ai,4,https://docs.stripe.com/payments/affirm,0.6483569203168298,false,refund,https://docs.stripe.com/payments/affirm,3
stripe-docs:5,How do I process refunds with Stripe?,stripe-docs,crawl4ai,5,https://docs.stripe.com/payments/revolut-pay,0.6462872289613326,false,refund,https://docs.stripe.com/payments/revolut-pay,4
stripe-docs:6,How do I use Stripe checkout for payments?,stripe-docs,crawl4ai,1,https://docs.stripe.com/payments/checkout/save-and-reuse,0.6950769726609031,true,checkout,https://docs.stripe.com/payments/checkout/save-and-reuse,1
stripe-docs:6,How do I use Stripe checkout for payments?,stripe-docs,crawl4ai,2,https://docs.stripe.com/llms.txt,0.6857344095273685,false,checkout,https://docs.stripe.com/llms.txt,2
stripe-docs:6,How do I use Stripe checkout for payments?,stripe-docs,crawl4ai,3,https://docs.stripe.com/payments/checkout/save-during-payment,0.6846974255689231,true,checkout,https://docs.stripe.com/payments/checkout/save-during-payment,3
stripe-docs:6,How do I use Stripe checkout for payments?,stripe-docs,crawl4ai,4,https://docs.stripe.com/payments/checkout/save-during-payment?payment-ui=embedded-components,0.6846974255689231,true,checkout,https://docs.stripe.com/payments/checkout/save-during-payment?payment-ui=embedded-components,4
stripe-docs:6,How do I use Stripe checkout for payments?,stripe-docs,crawl4ai,5,https://docs.stripe.com/payments/advanced/collect-addresses,0.679616964496784,false,checkout,https://docs.stripe.com/payments/advanced/collect-addresses,5
stripe-docs:7,How do I test Stripe payments in development?,stripe-docs,crawl4ai,1,https://docs.stripe.com/testing,0.7248278726821368,true,testing,https://docs.stripe.com/testing,1
stripe-docs:7,How do I test Stripe payments in development?,stripe-docs,crawl4ai,2,https://docs.stripe.com/get-started/test-developer-integration,0.6757110630396992,false,testing,https://docs.stripe.com/get-started/test-developer-integration,2
stripe-docs:7,How do I test Stripe payments in development?,stripe-docs,crawl4ai,3,https://docs.stripe.com/connect/direct-charges,0.6725902887488268,false,testing,https://docs.stripe.com/connect/direct-charges,3
stripe-docs:7,How do I test Stripe payments in development?,stripe-docs,crawl4ai,4,https://docs.stripe.com/get-started/use-cases/in-person-payments,0.6622571958871302,false,testing,https://docs.stripe.com/get-started/use-cases/in-person-payments,4
stripe-docs:7,How do I test Stripe payments in development?,stripe-docs,crawl4ai,5,https://docs.stripe.com/connect/destination-charges?platform=web&ui=stripe-hosted,0.6609777074777339,false,testing,https://docs.stripe.com/connect/destination-charges?platform=web&ui=stripe-hosted,5
stripe-docs:8,What are Stripe Connect and platform payments?,stripe-docs,crawl4ai,1,https://docs.stripe.com/connect,0.7318994740017104,true,connect,https://docs.stripe.com/connect,1
stripe-docs:8,What are Stripe Connect and platform payments?,stripe-docs,crawl4ai,2,https://docs.stripe.com/connect,0.7279206503060528,true,connect,https://docs.stripe.com/connect,1
stripe-docs:8,What are Stripe Connect and platform payments?,stripe-docs,crawl4ai,3,https://docs.stripe.com/glossary,0.6904280558373662,false,connect,https://docs.stripe.com/glossary,2
stripe-docs:8,What are Stripe Connect and platform payments?,stripe-docs,crawl4ai,4,https://docs.stripe.com/connect/subscriptions,0.6866807880170668,true,connect,https://docs.stripe.com/connect/subscriptions,3
stripe-docs:8,What are Stripe Connect and platform payments?,stripe-docs,crawl4ai,5,https://docs.stripe.com/connect/saas,0.6859842244675028,true,connect,https://docs.stripe.com/connect/saas,4
stripe-docs:9,How do I set up usage-based billing with Stripe?,stripe-docs,crawl4ai,1,https://docs.stripe.com/llms.txt,0.6561325358660526,false,usage-based,https://docs.stripe.com/llms.txt,1
stripe-docs:9,How do I set up usage-based billing with Stripe?,stripe-docs,crawl4ai,2,https://docs.stripe.com/billing/subscriptions/prebilling,0.6201569766112922,false,usage-based,https://docs.stripe.com/billing/subscriptions/prebilling,2
stripe-docs:9,How do I set up usage-based billing with Stripe?,stripe-docs,crawl4ai,3,https://docs.stripe.com/billing/subscriptions/billing-cycle,0.6180446308083424,false,usage-based,https://docs.stripe.com/billing/subscriptions/billing-cycle,3
stripe-docs:9,How do I set up usage-based billing with Stripe?,stripe-docs,crawl4ai,4,https://docs.stripe.com/billing/subscriptions/billing-mode,0.614274402355492,false,usage-based,https://docs.stripe.com/billing/subscriptions/billing-mode,4
stripe-docs:9,How do I set up usage-based billing with Stripe?,stripe-docs,crawl4ai,5,https://docs.stripe.com/billing/how-metronome-works-with-stripe,0.6142122457198522,false,usage-based,https://docs.stripe.com/billing/how-metronome-works-with-stripe,5
stripe-docs:10,How do I manage Stripe API keys?,stripe-docs,crawl4ai,1,https://docs.stripe.com/keys-best-practices,0.763489164642975,true,keys,https://docs.stripe.com/keys-best-practices,1
stripe-docs:10,How do I manage Stripe API keys?,stripe-docs,crawl4ai,2,https://docs.stripe.com/keys,0.7452506328184147,true,keys,https://docs.stripe.com/keys,2
stripe-docs:10,How do I manage Stripe API keys?,stripe-docs,crawl4ai,3,https://docs.stripe.com/get-started/api-request,0.7166667134026445,false,keys,https://docs.stripe.com/get-started/api-request,3
stripe-docs:10,How do I manage Stripe API keys?,stripe-docs,crawl4ai,4,https://docs.stripe.com/keys-best-practices,0.7129296949232856,true,keys,https://docs.stripe.com/keys-best-practices,1
stripe-docs:10,How do I manage Stripe API keys?,stripe-docs,crawl4ai,5,https://docs.stripe.com/keys,0.7118144259534416,true,keys,https://docs.stripe.com/keys,2
stripe-docs:11,How do I handle Stripe rate limits?,stripe-docs,crawl4ai,1,https://docs.stripe.com/tax/tax-rates,0.567044245336672,false,rate-limits,https://docs.stripe.com/tax/tax-rates,1
stripe-docs:11,How do I handle Stripe rate limits?,stripe-docs,crawl4ai,2,https://docs.stripe.com/currencies,0.5474089727028308,false,rate-limits,https://docs.stripe.com/currencies,2
stripe-docs:11,How do I handle Stripe rate limits?,stripe-docs,crawl4ai,3,https://docs.stripe.com/payments/upi,0.5473453241211366,false,rate-limits,https://docs.stripe.com/payments/upi,3
stripe-docs:11,How do I handle Stripe rate limits?,stripe-docs,crawl4ai,4,https://docs.stripe.com/payments/no-code/charge-shipping,0.5424492838668782,false,rate-limits,https://docs.stripe.com/payments/no-code/charge-shipping,4
stripe-docs:11,How do I handle Stripe rate limits?,stripe-docs,crawl4ai,5,https://docs.stripe.com/currencies,0.5404687210015687,false,rate-limits,https://docs.stripe.com/currencies,2
stripe-docs:12,How do I use metadata with Stripe objects?,stripe-docs,crawl4ai,1,https://docs.stripe.com/api,0.755938612507313,false,metadata,https://docs.stripe.com/api,1
stripe-docs:12,How do I use metadata with Stripe objects?,stripe-docs,crawl4ai,2,https://docs.stripe.com/api,0.646294416171026,false,metadata,https://docs.stripe.com/api,1
stripe-docs:12,How do I use metadata with Stripe objects?,stripe-docs,crawl4ai,3,https://docs.stripe.com/payments/payment-intents,0.6270181042031978,false,metadata,https://docs.stripe.com/payments/payment-intents,2
stripe-docs:12,How do I use metadata with Stripe objects?,stripe-docs,crawl4ai,4,https://docs.stripe.com/api/accounts/update,0.5936457106643633,false,metadata,https://docs.stripe.com/api/accounts/update,3
stripe-docs:12,How do I use metadata with Stripe objects?,stripe-docs,crawl4ai,5,https://docs.stripe.com/custom-objects,0.5648032037038353,false,metadata,https://docs.stripe.com/custom-objects,4
stripe-docs:13,How do I set up Apple Pay with Stripe?,stripe-docs,crawl4ai,1,https://docs.stripe.com/apple-pay,0.71061594852492,true,apple-pay,https://docs.stripe.com/apple-pay,1
stripe-docs:13,How do I set up Apple Pay with Stripe?,stripe-docs,crawl4ai,2,https://docs.stripe.com/apple-pay,0.6988408163614854,true,apple-pay,https://docs.stripe.com/apple-pay,1
stripe-docs:13,How do I set up Apple Pay with Stripe?,stripe-docs,crawl4ai,3,https://docs.stripe.com/apple-pay,0.685976017468962,true,apple-pay,https://docs.stripe.com/apple-pay,1
stripe-docs:13,How do I set up Apple Pay with Stripe?,stripe-docs,crawl4ai,4,https://docs.stripe.com/apple-pay,0.6748845423532145,true,apple-pay,https://docs.stripe.com/apple-pay,1
stripe-docs:13,How do I set up Apple Pay with Stripe?,stripe-docs,crawl4ai,5,https://docs.stripe.com/apple-pay,0.6742096442169427,true,apple-pay,https://docs.stripe.com/apple-pay,1
stripe-docs:14,How do I issue cards with Stripe Issuing?,stripe-docs,crawl4ai,1,https://docs.stripe.com/llms.txt,0.7501040654770126,false,issuing,https://docs.stripe.com/llms.txt,1
stripe-docs:14,How do I issue cards with Stripe Issuing?,stripe-docs,crawl4ai,2,https://docs.stripe.com/issuing/stablecoin-cards-for-financial-accounts,0.7362678017469976,true,issuing,https://docs.stripe.com/issuing/stablecoin-cards-for-financial-accounts,2
stripe-docs:14,How do I issue cards with Stripe Issuing?,stripe-docs,crawl4ai,3,https://docs.stripe.com/issuing,0.7234089833577906,true,issuing,https://docs.stripe.com/issuing,3
stripe-docs:14,How do I issue cards with Stripe Issuing?,stripe-docs,crawl4ai,4,https://docs.stripe.com/issuing/connect,0.6951846201390149,true,issuing,https://docs.stripe.com/issuing/connect,4
stripe-docs:14,How do I issue cards with Stripe Issuing?,stripe-docs,crawl4ai,5,https://docs.stripe.com/issuing/funding/balance,0.6855465009390812,true,issuing,https://docs.stripe.com/issuing/funding/balance,5
stripe-docs:15,How do I recover failed subscription payments?,stripe-docs,crawl4ai,1,https://docs.stripe.com/billing/revenue-recovery,0.5424249077545342,true,revenue-recovery,https://docs.stripe.com/billing/revenue-recovery,1
stripe-docs:15,How do I recover failed subscription payments?,stripe-docs,crawl4ai,2,https://docs.stripe.com/billing/subscriptions/cancel,0.5384023080558353,false,revenue-recovery,https://docs.stripe.com/billing/subscriptions/cancel,2
stripe-docs:15,How do I recover failed subscription payments?,stripe-docs,crawl4ai,3,https://docs.stripe.com/billing/subscriptions/webhooks,0.5143691286611461,false,revenue-recovery,https://docs.stripe.com/billing/subscriptions/webhooks,3
stripe-docs:15,How do I recover failed subscription payments?,stripe-docs,crawl4ai,4,https://docs.stripe.com/payments/pay-with-balance,0.5142673599110319,false,revenue-recovery,https://docs.stripe.com/payments/pay-with-balance,4
stripe-docs:15,How do I recover failed subscription payments?,stripe-docs,crawl4ai,5,https://docs.stripe.com/billing/collection-method,0.5142067190192611,false,revenue-recovery,https://docs.stripe.com/billing/collection-method,5
stripe-docs:16,How does Stripe handle tax calculation for billing?,stripe-docs,crawl4ai,1,https://docs.stripe.com/tax/custom,0.7080318355285735,false,billing/taxes,https://docs.stripe.com/tax/custom,1
stripe-docs:16,How does Stripe handle tax calculation for billing?,stripe-docs,crawl4ai,2,https://docs.stripe.com/tax/checkout,0.7014849386872116,false,billing/taxes,https://docs.stripe.com/tax/checkout,2
stripe-docs:16,How does Stripe handle tax calculation for billing?,stripe-docs,crawl4ai,3,https://docs.stripe.com/tax/tax-rates,0.6970602453150895,false,billing/taxes,https://docs.stripe.com/tax/tax-rates,3
stripe-docs:16,How does Stripe handle tax calculation for billing?,stripe-docs,crawl4ai,4,https://docs.stripe.com/tax,0.6968467744757966,false,billing/taxes,https://docs.stripe.com/tax,4
stripe-docs:16,How does Stripe handle tax calculation for billing?,stripe-docs,crawl4ai,5,https://docs.stripe.com/tax/monitoring,0.6840301422839836,false,billing/taxes,https://docs.stripe.com/tax/monitoring,5
stripe-docs:17,How do I migrate data to Stripe?,stripe-docs,crawl4ai,1,https://docs.stripe.com/get-started/data-migrations/overview,0.7052351096676317,true,data-migrations,https://docs.stripe.com/get-started/data-migrations/overview,1
stripe-docs:17,How do I migrate data to Stripe?,stripe-docs,crawl4ai,2,https://docs.stripe.com/billing/subscriptions/migrate-subscriptions,0.6760780048415975,false,data-migrations,https://docs.stripe.com/billing/subscriptions/migrate-subscriptions,2
stripe-docs:17,How do I migrate data to Stripe?,stripe-docs,crawl4ai,3,https://docs.stripe.com/billing/taxes/migration,0.6543342244771448,false,data-migrations,https://docs.stripe.com/billing/taxes/migration,3
stripe-docs:17,How do I migrate data to Stripe?,stripe-docs,crawl4ai,4,https://docs.stripe.com/billing/subscriptions/migrate-subscriptions,0.6275606628334969,false,data-migrations,https://docs.stripe.com/billing/subscriptions/migrate-subscriptions,2
stripe-docs:17,How do I migrate data to Stripe?,stripe-docs,crawl4ai,5,https://docs.stripe.com/get-started/data-migrations/overview,0.6236446581407527,true,data-migrations,https://docs.stripe.com/get-started/data-migrations/overview,1
stripe-docs:0,How do I create a payment intent with Stripe?,stripe-docs,crawl4ai-raw,1,https://docs.stripe.com/payments/payment-intents,0.7174703679474319,true,payment-intent,https://docs.stripe.com/payments/payment-intents,1
stripe-docs:0,How do I create a payment intent with Stripe?,stripe-docs,crawl4ai-raw,2,https://docs.stripe.com/payments/accept-a-payment?api-integration=paymentintents&payment-ui=elements,0.7105663651788705,false,payment-intent,https://docs.stripe.com/payments/accept-a-payment?api-integration=paymentintents&payment-ui=elements,2
stripe-docs:0,How do I create a payment intent with Stripe?,stripe-docs,crawl4ai-raw,3,https://docs.stripe.com/payments/payment-element/migration-ewcs,0.7059963150181976,false,payment-intent,https://docs.stripe.com/payments/payment-element/migration-ewcs,3
stripe-docs:0,How do I create a payment intent with Stripe?,stripe-docs,crawl4ai-raw,4,https://docs.stripe.com/payments-api/tour,0.7033776002141039,false,payment-intent,https://docs.stripe.com/payments-api/tour,4
stripe-docs:0,How do I create a payment intent with Stripe?,stripe-docs,crawl4ai-raw,5,https://docs.stripe.com/payments/payment-intents,0.698993005697504,true,payment-intent,https://docs.stripe.com/payments/payment-intents,1
stripe-docs:1,How do I handle webhooks from Stripe?,stripe-docs,crawl4ai-raw,1,https://docs.stripe.com/webhooks,0.7099700345082158,true,webhook,https://docs.stripe.com/webhooks,1
stripe-docs:1,How do I handle webhooks from Stripe?,stripe-docs,crawl4ai-raw,2,https://docs.stripe.com/webhooks/handling-payment-events,0.7048055465948952,true,webhook,https://docs.stripe.com/webhooks/handling-payment-events,2
stripe-docs:1,How do I handle webhooks from Stripe?,stripe-docs,crawl4ai-raw,3,https://docs.stripe.com/webhooks,0.6731645282597614,true,webhook,https://docs.stripe.com/webhooks,1
stripe-docs:1,How do I handle webhooks from Stripe?,stripe-docs,crawl4ai-raw,4,https://docs.stripe.com/webhooks/quickstart,0.6710656300121368,true,webhook,https://docs.stripe.com/webhooks/quickstart,3
stripe-docs:1,How do I handle webhooks from Stripe?,stripe-docs,crawl4ai-raw,5,https://docs.stripe.com/webhooks,0.6604736703437609,true,webhook,https://docs.stripe.com/webhooks,1
stripe-docs:2,How do I set up Stripe subscriptions?,stripe-docs,crawl4ai-raw,1,https://docs.stripe.com/billing/subscriptions/build-subscriptions,0.6822960439999581,true,subscription,https://docs.stripe.com/billing/subscriptions/build-subscriptions,1
stripe-docs:2,How do I set up Stripe subscriptions?,stripe-docs,crawl4ai-raw,2,https://docs.stripe.com/billing/subscriptions/build-subscription,0.6822856754106837,true,subscription,https://docs.stripe.com/billing/subscriptions/build-subscription,2
stripe-docs:2,How do I set up Stripe subscriptions?,stripe-docs,crawl4ai-raw,3,https://docs.stripe.com/billing/subscriptions/build-subscriptions?payment-ui=checkout&ui=stripe-hosted,0.6822856754106837,true,subscription,https://docs.stripe.com/billing/subscriptions/build-subscriptions?payment-ui=checkout&ui=stripe-hosted,3
stripe-docs:2,How do I set up Stripe subscriptions?,stripe-docs,crawl4ai-raw,4,https://docs.stripe.com/billing/subscriptions/webhooks,0.6793657015072616,true,subscription,https://docs.stripe.com/billing/subscriptions/webhooks,4
stripe-docs:2,How do I set up Stripe subscriptions?,stripe-docs,crawl4ai-raw,5,https://docs.stripe.com/billing/subscriptions/design-an-integration,0.6751917443932663,true,subscription,https://docs.stripe.com/billing/subscriptions/design-an-integration,5
stripe-docs:3,How do I authenticate with the Stripe API?,stripe-docs,crawl4ai-raw,1,https://docs.stripe.com/payments/link/save-and-reuse,0.612417263201509,false,authentication,https://docs.stripe.com/payments/link/save-and-reuse,1
stripe-docs:3,How do I authenticate with the Stripe API?,stripe-docs,crawl4ai-raw,2,https://docs.stripe.com/connect/required-verification-information,0.6107714522636061,false,authentication,https://docs.stripe.com/connect/required-verification-information,2
stripe-docs:3,How do I authenticate with the Stripe API?,stripe-docs,crawl4ai-raw,3,https://docs.stripe.com/keys,0.6044820018210407,false,authentication,https://docs.stripe.com/keys,3
stripe-docs:3,How do I authenticate with the Stripe API?,stripe-docs,crawl4ai-raw,4,https://docs.stripe.com/payments/3d-secure,0.5968598517046002,false,authentication,https://docs.stripe.com/payments/3d-secure,4
stripe-docs:3,How do I authenticate with the Stripe API?,stripe-docs,crawl4ai-raw,5,https://dashboard.stripe.com/login?redirect=https%3A%2F%2Fdocs.stripe.com%2Fglobal-payouts,0.5859488801484788,false,authentication,https://dashboard.stripe.com/login?redirect=https%3A%2F%2Fdocs.stripe.com%2Fglobal-payouts,5
stripe-docs:4,How do I handle errors in the Stripe API?,stripe-docs,crawl4ai-raw,1,https://docs.stripe.com/api,0.5716162926293346,false,error-handling,https://docs.stripe.com/api,1
stripe-docs:4,How do I handle errors in the Stripe API?,stripe-docs,crawl4ai-raw,2,https://docs.stripe.com/api,0.5598956892957837,false,error-handling,https://docs.stripe.com/api,1
stripe-docs:4,How do I handle errors in the Stripe API?,stripe-docs,crawl4ai-raw,3,https://docs.stripe.com/refunds,0.5598555070883959,false,error-handling,https://docs.stripe.com/refunds,2
stripe-docs:4,How do I handle errors in the Stripe API?,stripe-docs,crawl4ai-raw,4,https://docs.stripe.com/payments/finalize-payments-on-the-server,0.557933716739085,false,error-handling,https://docs.stripe.com/payments/finalize-payments-on-the-server,3
stripe-docs:4,How do I handle errors in the Stripe API?,stripe-docs,crawl4ai-raw,5,https://docs.stripe.com/webhooks,0.5520588793974045,false,error-handling,https://docs.stripe.com/webhooks,4
stripe-docs:5,How do I process refunds with Stripe?,stripe-docs,crawl4ai-raw,1,https://docs.stripe.com/billing/subscriptions/third-party-payment-processing,0.6650266167275273,false,refund,https://docs.stripe.com/billing/subscriptions/third-party-payment-processing,1
stripe-docs:5,How do I process refunds with Stripe?,stripe-docs,crawl4ai-raw,2,https://docs.stripe.com/refunds,0.6648203584062713,true,refund,https://docs.stripe.com/refunds,2
stripe-docs:5,How do I process refunds with Stripe?,stripe-docs,crawl4ai-raw,3,https://docs.stripe.com/refunds,0.6490915848836754,true,refund,https://docs.stripe.com/refunds,2
stripe-docs:5,How do I process refunds with Stripe?,stripe-docs,crawl4ai-raw,4,https://docs.stripe.com/payments/affirm,0.6483569203168298,false,refund,https://docs.stripe.com/payments/affirm,3
stripe-docs:5,How do I process refunds with Stripe?,stripe-docs,crawl4ai-raw,5,https://docs.stripe.com/payments/revolut-pay,0.6462872289613326,false,refund,https://docs.stripe.com/payments/revolut-pay,4
stripe-docs:6,How do I use Stripe checkout for payments?,stripe-docs,crawl4ai-raw,1,https://docs.stripe.com/payments/checkout/save-and-reuse,0.6950769726609031,true,checkout,https://docs.stripe.com/payments/checkout/save-and-reuse,1
stripe-docs:6,How do I use Stripe checkout for payments?,stripe-docs,crawl4ai-raw,2,https://docs.stripe.com/llms.txt,0.6857344095273685,false,checkout,https://docs.stripe.com/llms.txt,2
stripe-docs:6,How do I use Stripe checkout for payments?,stripe-docs,crawl4ai-raw,3,https://docs.stripe.com/payments/checkout/save-during-payment?payment-ui=embedded-components,0.6846974255689231,true,checkout,https://docs.stripe.com/payments/checkout/save-during-payment?payment-ui=embedded-components,3
stripe-docs:6,How do I use Stripe checkout for payments?,stripe-docs,crawl4ai-raw,4,https://docs.stripe.com/payments/checkout/save-during-payment,0.6846974255689231,true,checkout,https://docs.stripe.com/payments/checkout/save-during-payment,4
stripe-docs:6,How do I use Stripe checkout for payments?,stripe-docs,crawl4ai-raw,5,https://docs.stripe.com/payments/advanced/collect-addresses,0.679616964496784,false,checkout,https://docs.stripe.com/payments/advanced/collect-addresses,5
stripe-docs:7,How do I test Stripe payments in development?,stripe-docs,crawl4ai-raw,1,https://docs.stripe.com/testing,0.7248278726821368,true,testing,https://docs.stripe.com/testing,1
stripe-docs:7,How do I test Stripe payments in development?,stripe-docs,crawl4ai-raw,2,https://docs.stripe.com/get-started/test-developer-integration,0.6757110630396992,false,testing,https://docs.stripe.com/get-started/test-developer-integration,2
stripe-docs:7,How do I test Stripe payments in development?,stripe-docs,crawl4ai-raw,3,https://docs.stripe.com/connect/direct-charges,0.6725902887488268,false,testing,https://docs.stripe.com/connect/direct-charges,3
stripe-docs:7,How do I test Stripe payments in development?,stripe-docs,crawl4ai-raw,4,https://docs.stripe.com/get-started/use-cases/in-person-payments,0.6622571958871302,false,testing,https://docs.stripe.com/get-started/use-cases/in-person-payments,4
stripe-docs:7,How do I test Stripe payments in development?,stripe-docs,crawl4ai-raw,5,https://docs.stripe.com/connect/destination-charges,0.6609777074777339,false,testing,https://docs.stripe.com/connect/destination-charges,5
stripe-docs:8,What are Stripe Connect and platform payments?,stripe-docs,crawl4ai-raw,1,https://docs.stripe.com/connect,0.7318994740017104,true,connect,https://docs.stripe.com/connect,1
stripe-docs:8,What are Stripe Connect and platform payments?,stripe-docs,crawl4ai-raw,2,https://docs.stripe.com/connect,0.7279206503060528,true,connect,https://docs.stripe.com/connect,1
stripe-docs:8,What are Stripe Connect and platform payments?,stripe-docs,crawl4ai-raw,3,https://docs.stripe.com/glossary,0.6904280558373662,false,connect,https://docs.stripe.com/glossary,2
stripe-docs:8,What are Stripe Connect and platform payments?,stripe-docs,crawl4ai-raw,4,https://docs.stripe.com/connect/subscriptions,0.6866807880170668,true,connect,https://docs.stripe.com/connect/subscriptions,3
stripe-docs:8,What are Stripe Connect and platform payments?,stripe-docs,crawl4ai-raw,5,https://docs.stripe.com/connect/saas,0.6859842244675028,true,connect,https://docs.stripe.com/connect/saas,4
stripe-docs:9,How do I set up usage-based billing with Stripe?,stripe-docs,crawl4ai-raw,1,https://docs.stripe.com/llms.txt,0.6561325358660526,false,usage-based,https://docs.stripe.com/llms.txt,1
stripe-docs:9,How do I set up usage-based billing with Stripe?,stripe-docs,crawl4ai-raw,2,https://docs.stripe.com/billing/subscriptions/prebilling,0.6201569766112922,false,usage-based,https://docs.stripe.com/billing/subscriptions/prebilling,2
stripe-docs:9,How do I set up usage-based billing with Stripe?,stripe-docs,crawl4ai-raw,3,https://docs.stripe.com/billing/subscriptions/billing-cycle,0.6180446308083424,false,usage-based,https://docs.stripe.com/billing/subscriptions/billing-cycle,3
stripe-docs:9,How do I set up usage-based billing with Stripe?,stripe-docs,crawl4ai-raw,4,https://docs.stripe.com/billing/how-metronome-works-with-stripe,0.6142901787783018,false,usage-based,https://docs.stripe.com/billing/how-metronome-works-with-stripe,4
stripe-docs:9,How do I set up usage-based billing with Stripe?,stripe-docs,crawl4ai-raw,5,https://docs.stripe.com/billing/subscriptions/billing-mode,0.614274402355492,false,usage-based,https://docs.stripe.com/billing/subscriptions/billing-mode,5
stripe-docs:10,How do I manage Stripe API keys?,stripe-docs,crawl4ai-raw,1,https://docs.stripe.com/keys-best-practices,0.763489164642975,true,keys,https://docs.stripe.com/keys-best-practices,1
stripe-docs:10,How do I manage Stripe API keys?,stripe-docs,crawl4ai-raw,2,https://docs.stripe.com/keys,0.7452506328184147,true,keys,https://docs.stripe.com/keys,2
stripe-docs:10,How do I manage Stripe API keys?,stripe-docs,crawl4ai-raw,3,https://docs.stripe.com/get-started/api-request,0.7166667134026445,false,keys,https://docs.stripe.com/get-started/api-request,3
stripe-docs:10,How do I manage Stripe API keys?,stripe-docs,crawl4ai-raw,4,https://docs.stripe.com/keys-best-practices,0.7129296949232856,true,keys,https://docs.stripe.com/keys-best-practices,1
stripe-docs:10,How do I manage Stripe API keys?,stripe-docs,crawl4ai-raw,5,https://docs.stripe.com/keys,0.7118144259534416,true,keys,https://docs.stripe.com/keys,2
stripe-docs:11,How do I handle Stripe rate limits?,stripe-docs,crawl4ai-raw,1,https://docs.stripe.com/tax/tax-rates,0.567044245336672,false,rate-limits,https://docs.stripe.com/tax/tax-rates,1
stripe-docs:11,How do I handle Stripe rate limits?,stripe-docs,crawl4ai-raw,2,https://docs.stripe.com/currencies,0.547778519680865,false,rate-limits,https://docs.stripe.com/currencies,2
stripe-docs:11,How do I handle Stripe rate limits?,stripe-docs,crawl4ai-raw,3,https://docs.stripe.com/payments/upi,0.5473453241211366,false,rate-limits,https://docs.stripe.com/payments/upi,3
stripe-docs:11,How do I handle Stripe rate limits?,stripe-docs,crawl4ai-raw,4,https://docs.stripe.com/payments/no-code/charge-shipping,0.5424492838668782,false,rate-limits,https://docs.stripe.com/payments/no-code/charge-shipping,4
stripe-docs:11,How do I handle Stripe rate limits?,stripe-docs,crawl4ai-raw,5,https://docs.stripe.com/currencies,0.5404716742667155,false,rate-limits,https://docs.stripe.com/currencies,2
stripe-docs:12,How do I use metadata with Stripe objects?,stripe-docs,crawl4ai-raw,1,https://docs.stripe.com/api,0.755938612507313,false,metadata,https://docs.stripe.com/api,1
stripe-docs:12,How do I use metadata with Stripe objects?,stripe-docs,crawl4ai-raw,2,https://docs.stripe.com/api,0.646294416171026,false,metadata,https://docs.stripe.com/api,1
stripe-docs:12,How do I use metadata with Stripe objects?,stripe-docs,crawl4ai-raw,3,https://docs.stripe.com/payments/payment-intents,0.6270181042031978,false,metadata,https://docs.stripe.com/payments/payment-intents,2
stripe-docs:12,How do I use metadata with Stripe objects?,stripe-docs,crawl4ai-raw,4,https://docs.stripe.com/api/accounts/update,0.5936457106643633,false,metadata,https://docs.stripe.com/api/accounts/update,3
stripe-docs:12,How do I use metadata with Stripe objects?,stripe-docs,crawl4ai-raw,5,https://docs.stripe.com/custom-objects,0.5648032037038353,false,metadata,https://docs.stripe.com/custom-objects,4
stripe-docs:13,How do I set up Apple Pay with Stripe?,stripe-docs,crawl4ai-raw,1,https://docs.stripe.com/apple-pay,0.71061594852492,true,apple-pay,https://docs.stripe.com/apple-pay,1
stripe-docs:13,How do I set up Apple Pay with Stripe?,stripe-docs,crawl4ai-raw,2,https://docs.stripe.com/apple-pay,0.6988408163614854,true,apple-pay,https://docs.stripe.com/apple-pay,1
stripe-docs:13,How do I set up Apple Pay with Stripe?,stripe-docs,crawl4ai-raw,3,https://docs.stripe.com/apple-pay,0.686018568200472,true,apple-pay,https://docs.stripe.com/apple-pay,1
stripe-docs:13,How do I set up Apple Pay with Stripe?,stripe-docs,crawl4ai-raw,4,https://docs.stripe.com/apple-pay,0.6748567768064787,true,apple-pay,https://docs.stripe.com/apple-pay,1
stripe-docs:13,How do I set up Apple Pay with Stripe?,stripe-docs,crawl4ai-raw,5,https://docs.stripe.com/apple-pay,0.6742096442169427,true,apple-pay,https://docs.stripe.com/apple-pay,1
stripe-docs:14,How do I issue cards with Stripe Issuing?,stripe-docs,crawl4ai-raw,1,https://docs.stripe.com/llms.txt,0.7501040654770126,false,issuing,https://docs.stripe.com/llms.txt,1
stripe-docs:14,How do I issue cards with Stripe Issuing?,stripe-docs,crawl4ai-raw,2,https://docs.stripe.com/issuing/stablecoin-cards-for-financial-accounts,0.7362678017469976,true,issuing,https://docs.stripe.com/issuing/stablecoin-cards-for-financial-accounts,2
stripe-docs:14,How do I issue cards with Stripe Issuing?,stripe-docs,crawl4ai-raw,3,https://docs.stripe.com/issuing,0.7234089833577906,true,issuing,https://docs.stripe.com/issuing,3
stripe-docs:14,How do I issue cards with Stripe Issuing?,stripe-docs,crawl4ai-raw,4,https://docs.stripe.com/issuing/connect,0.6951846201390149,true,issuing,https://docs.stripe.com/issuing/connect,4
stripe-docs:14,How do I issue cards with Stripe Issuing?,stripe-docs,crawl4ai-raw,5,https://docs.stripe.com/issuing/funding/balance,0.6855465009390812,true,issuing,https://docs.stripe.com/issuing/funding/balance,5
stripe-docs:15,How do I recover failed subscription payments?,stripe-docs,crawl4ai-raw,1,https://docs.stripe.com/billing/revenue-recovery,0.5424249077545342,true,revenue-recovery,https://docs.stripe.com/billing/revenue-recovery,1
stripe-docs:15,How do I recover failed subscription payments?,stripe-docs,crawl4ai-raw,2,https://docs.stripe.com/billing/subscriptions/cancel,0.5384023080558353,false,revenue-recovery,https://docs.stripe.com/billing/subscriptions/cancel,2
stripe-docs:15,How do I recover failed subscription payments?,stripe-docs,crawl4ai-raw,3,https://docs.stripe.com/billing/subscriptions/webhooks,0.5143691286611461,false,revenue-recovery,https://docs.stripe.com/billing/subscriptions/webhooks,3
stripe-docs:15,How do I recover failed subscription payments?,stripe-docs,crawl4ai-raw,4,https://docs.stripe.com/payments/pay-with-balance,0.5142673599110319,false,revenue-recovery,https://docs.stripe.com/payments/pay-with-balance,4
stripe-docs:15,How do I recover failed subscription payments?,stripe-docs,crawl4ai-raw,5,https://docs.stripe.com/billing/collection-method,0.5141915013014368,false,revenue-recovery,https://docs.stripe.com/billing/collection-method,5
stripe-docs:16,How does Stripe handle tax calculation for billing?,stripe-docs,crawl4ai-raw,1,https://docs.stripe.com/tax/custom,0.7080085263208132,false,billing/taxes,https://docs.stripe.com/tax/custom,1
stripe-docs:16,How does Stripe handle tax calculation for billing?,stripe-docs,crawl4ai-raw,2,https://docs.stripe.com/tax/checkout,0.7014849386872116,false,billing/taxes,https://docs.stripe.com/tax/checkout,2
stripe-docs:16,How does Stripe handle tax calculation for billing?,stripe-docs,crawl4ai-raw,3,https://docs.stripe.com/tax/tax-rates,0.6970602453150895,false,billing/taxes,https://docs.stripe.com/tax/tax-rates,3
stripe-docs:16,How does Stripe handle tax calculation for billing?,stripe-docs,crawl4ai-raw,4,https://docs.stripe.com/tax,0.6968467744757966,false,billing/taxes,https://docs.stripe.com/tax,4
stripe-docs:16,How does Stripe handle tax calculation for billing?,stripe-docs,crawl4ai-raw,5,https://docs.stripe.com/tax/monitoring,0.6840301422839836,false,billing/taxes,https://docs.stripe.com/tax/monitoring,5
stripe-docs:17,How do I migrate data to Stripe?,stripe-docs,crawl4ai-raw,1,https://docs.stripe.com/get-started/data-migrations/overview,0.7052351096676317,true,data-migrations,https://docs.stripe.com/get-started/data-migrations/overview,1
stripe-docs:17,How do I migrate data to Stripe?,stripe-docs,crawl4ai-raw,2,https://docs.stripe.com/billing/subscriptions/migrate-subscriptions,0.6760780048415975,false,data-migrations,https://docs.stripe.com/billing/subscriptions/migrate-subscriptions,2
stripe-docs:17,How do I migrate data to Stripe?,stripe-docs,crawl4ai-raw,3,https://docs.stripe.com/billing/taxes/migration,0.6543342244771448,false,data-migrations,https://docs.stripe.com/billing/taxes/migration,3
stripe-docs:17,How do I migrate data to Stripe?,stripe-docs,crawl4ai-raw,4,https://docs.stripe.com/billing/subscriptions/migrate-subscriptions,0.6386817469238123,false,data-migrations,https://docs.stripe.com/billing/subscriptions/migrate-subscriptions,2
stripe-docs:17,How do I migrate data to Stripe?,stripe-docs,crawl4ai-raw,5,https://docs.stripe.com/get-started/data-migrations/overview,0.6236446581407527,true,data-migrations,https://docs.stripe.com/get-started/data-migrations/overview,1
stripe-docs:0,How do I create a payment intent with Stripe?,stripe-docs,scrapy+md,1,https://docs.stripe.com/payments/payment-intents,0.7211882980471891,true,payment-intent,https://docs.stripe.com/payments/payment-intents,1
stripe-docs:0,How do I create a payment intent with Stripe?,stripe-docs,scrapy+md,2,https://docs.stripe.com/payments/accept-a-payment-deferred?type=setup,0.7043696313678703,false,payment-intent,https://docs.stripe.com/payments/accept-a-payment-deferred?type=setup,2
stripe-docs:0,How do I create a payment intent with Stripe?,stripe-docs,scrapy+md,3,https://docs.stripe.com/payments/payment-element/migration-ewcs,0.7020675245386162,false,payment-intent,https://docs.stripe.com/payments/payment-element/migration-ewcs,3
stripe-docs:0,How do I create a payment intent with Stripe?,stripe-docs,scrapy+md,4,https://docs.stripe.com/payments/accept-a-payment-deferred,0.7006632292958014,false,payment-intent,https://docs.stripe.com/payments/accept-a-payment-deferred,4
stripe-docs:0,How do I create a payment intent with Stripe?,stripe-docs,scrapy+md,5,https://docs.stripe.com/payments/payment-intents,0.6829699158783014,true,payment-intent,https://docs.stripe.com/payments/payment-intents,1
stripe-docs:1,How do I handle webhooks from Stripe?,stripe-docs,scrapy+md,1,https://docs.stripe.com/webhooks/handling-payment-events,0.6984377473032711,true,webhook,https://docs.stripe.com/webhooks/handling-payment-events,1
stripe-docs:1,How do I handle webhooks from Stripe?,stripe-docs,scrapy+md,2,https://docs.stripe.com/mobile/digital-goods/checkout,0.642428656505582,false,webhook,https://docs.stripe.com/mobile/digital-goods/checkout,2
stripe-docs:1,How do I handle webhooks from Stripe?,stripe-docs,scrapy+md,3,https://docs.stripe.com/payments/managed-payments/set-up-mobile,0.642428656505582,false,webhook,https://docs.stripe.com/payments/managed-payments/set-up-mobile,3
stripe-docs:1,How do I handle webhooks from Stripe?,stripe-docs,scrapy+md,4,https://docs.stripe.com/connect/saas/tasks/enable-in-context-selling-on-ai-agents,0.6373169083419252,false,webhook,https://docs.stripe.com/connect/saas/tasks/enable-in-context-selling-on-ai-agents,4
stripe-docs:1,How do I handle webhooks from Stripe?,stripe-docs,scrapy+md,5,https://docs.stripe.com/billing/subscriptions/build-subscriptions?payment-ui=elements&api-integration=checkout,0.6370218651872624,false,webhook,https://docs.stripe.com/billing/subscriptions/build-subscriptions?payment-ui=elements&api-integration=checkout,5
stripe-docs:2,How do I set up Stripe subscriptions?,stripe-docs,scrapy+md,1,https://docs.stripe.com/billing/subscriptions/build-subscriptions?payment-ui=checkout&ui=stripe-hosted,0.6622730529355562,true,subscription,https://docs.stripe.com/billing/subscriptions/build-subscriptions?payment-ui=checkout&ui=stripe-hosted,1
stripe-docs:2,How do I set up Stripe subscriptions?,stripe-docs,scrapy+md,2,https://docs.stripe.com/billing/subscriptions/build-subscriptions?payment-ui=elements&api-integration=checkout,0.6568351389637282,true,subscription,https://docs.stripe.com/billing/subscriptions/build-subscriptions?payment-ui=elements&api-integration=checkout,2
stripe-docs:2,How do I set up Stripe subscriptions?,stripe-docs,scrapy+md,3,https://docs.stripe.com/payments/checkout/build-subscriptions,0.6451960820008132,true,subscription,https://docs.stripe.com/payments/checkout/build-subscriptions,3
stripe-docs:2,How do I set up Stripe subscriptions?,stripe-docs,scrapy+md,4,https://docs.stripe.com/mobile/digital-goods/custom-checkout,0.637231330826694,false,subscription,https://docs.stripe.com/mobile/digital-goods/custom-checkout,4
stripe-docs:2,How do I set up Stripe subscriptions?,stripe-docs,scrapy+md,5,https://docs.stripe.com/billing/taxes/collect-taxes,0.6334065795593232,false,subscription,https://docs.stripe.com/billing/taxes/collect-taxes,5
stripe-docs:3,How do I authenticate with the Stripe API?,stripe-docs,scrapy+md,1,https://docs.stripe.com/payments/3d-secure/authentication-flow,0.6012562479927662,true,authentication,https://docs.stripe.com/payments/3d-secure/authentication-flow,1
stripe-docs:3,How do I authenticate with the Stripe API?,stripe-docs,scrapy+md,2,https://docs.stripe.com/payments/link/save-and-reuse,0.6009056230348694,false,authentication,https://docs.stripe.com/payments/link/save-and-reuse,2
stripe-docs:3,How do I authenticate with the Stripe API?,stripe-docs,scrapy+md,3,https://docs.stripe.com/connect/account-tokens,0.592677325776921,false,authentication,https://docs.stripe.com/connect/account-tokens,3
stripe-docs:3,How do I authenticate with the Stripe API?,stripe-docs,scrapy+md,4,https://docs.stripe.com/payments/3d-secure/authentication-flow,0.5861726810323676,true,authentication,https://docs.stripe.com/payments/3d-secure/authentication-flow,1
stripe-docs:3,How do I authenticate with the Stripe API?,stripe-docs,scrapy+md,5,https://docs.stripe.com/payments/accept-a-payment-synchronously,0.5853108299054396,false,authentication,https://docs.stripe.com/payments/accept-a-payment-synchronously,4
stripe-docs:4,How do I handle errors in the Stripe API?,stripe-docs,scrapy+md,1,https://docs.stripe.com/error-low-level,0.7037985860071002,false,error-handling,https://docs.stripe.com/error-low-level,1
stripe-docs:4,How do I handle errors in the Stripe API?,stripe-docs,scrapy+md,2,https://docs.stripe.com/error-low-level,0.6108063993155043,false,error-handling,https://docs.stripe.com/error-low-level,1
stripe-docs:4,How do I handle errors in the Stripe API?,stripe-docs,scrapy+md,3,https://docs.stripe.com/error-low-level,0.5951733686114157,false,error-handling,https://docs.stripe.com/error-low-level,1
stripe-docs:4,How do I handle errors in the Stripe API?,stripe-docs,scrapy+md,4,https://docs.stripe.com/declines,0.5826248207060235,false,error-handling,https://docs.stripe.com/declines,2
stripe-docs:4,How do I handle errors in the Stripe API?,stripe-docs,scrapy+md,5,https://docs.stripe.com/declines/codes,0.5821321003727813,false,error-handling,https://docs.stripe.com/declines/codes,3
stripe-docs:5,How do I process refunds with Stripe?,stripe-docs,scrapy+md,1,https://docs.stripe.com/refunds?dashboard-or-api=api,0.67887305437958,true,refund,https://docs.stripe.com/refunds?dashboard-or-api=api,1
stripe-docs:5,How do I process refunds with Stripe?,stripe-docs,scrapy+md,2,https://docs.stripe.com/refunds?dashboard-or-api=dashboard,0.6557771190265754,true,refund,https://docs.stripe.com/refunds?dashboard-or-api=dashboard,2
stripe-docs:5,How do I process refunds with Stripe?,stripe-docs,scrapy+md,3,https://docs.stripe.com/refunds?dashboard-or-api=dashboard,0.6388541833102868,true,refund,https://docs.stripe.com/refunds?dashboard-or-api=dashboard,2
stripe-docs:5,How do I process refunds with Stripe?,stripe-docs,scrapy+md,4,https://docs.stripe.com/refunds?dashboard-or-api=api,0.6388541833102868,true,refund,https://docs.stripe.com/refunds?dashboard-or-api=api,1
stripe-docs:5,How do I process refunds with Stripe?,stripe-docs,scrapy+md,5,https://docs.stripe.com/refunds?dashboard-or-api=dashboard,0.627845258165505,true,refund,https://docs.stripe.com/refunds?dashboard-or-api=dashboard,2
stripe-docs:6,How do I use Stripe checkout for payments?,stripe-docs,scrapy+md,1,https://docs.stripe.com/payments/accept-a-payment?payment-ui=elements&api-integration=checkout,0.6676594868926424,true,checkout,https://docs.stripe.com/payments/accept-a-payment?payment-ui=elements&api-integration=checkout,1
stripe-docs:6,How do I use Stripe checkout for payments?,stripe-docs,scrapy+md,2,https://docs.stripe.com/payments/checkout/how-checkout-works?payment-ui=stripe-hosted,0.6669824774895436,true,checkout,https://docs.stripe.com/payments/checkout/how-checkout-works?payment-ui=stripe-hosted,2
stripe-docs:6,How do I use Stripe checkout for payments?,stripe-docs,scrapy+md,3,https://docs.stripe.com/payments/checkout/how-checkout-works?payment-ui=embedded-page,0.6669497906383276,true,checkout,https://docs.stripe.com/payments/checkout/how-checkout-works?payment-ui=embedded-page,3
stripe-docs:6,How do I use Stripe checkout for payments?,stripe-docs,scrapy+md,4,https://docs.stripe.com/payments/managed-payments/set-up,0.6662905162793155,false,checkout,https://docs.stripe.com/payments/managed-payments/set-up,4
stripe-docs:6,How do I use Stripe checkout for payments?,stripe-docs,scrapy+md,5,https://docs.stripe.com/payments/upi/set-up-future-payments,0.6656634329691312,false,checkout,https://docs.stripe.com/payments/upi/set-up-future-payments,5
stripe-docs:7,How do I test Stripe payments in development?,stripe-docs,scrapy+md,1,https://docs.stripe.com/connect/testing,0.6703276847454285,true,testing,https://docs.stripe.com/connect/testing,1
stripe-docs:7,How do I test Stripe payments in development?,stripe-docs,scrapy+md,2,https://docs.stripe.com/get-started/test-developer-integration,0.6685969534987299,false,testing,https://docs.stripe.com/get-started/test-developer-integration,2
stripe-docs:7,How do I test Stripe payments in development?,stripe-docs,scrapy+md,3,https://docs.stripe.com/payments/managed-payments/set-up,0.6576724289683538,false,testing,https://docs.stripe.com/payments/managed-payments/set-up,3
stripe-docs:7,How do I test Stripe payments in development?,stripe-docs,scrapy+md,4,https://docs.stripe.com/mobile/digital-goods/custom-checkout,0.6501510379763582,false,testing,https://docs.stripe.com/mobile/digital-goods/custom-checkout,4
stripe-docs:7,How do I test Stripe payments in development?,stripe-docs,scrapy+md,5,https://docs.stripe.com/sdks/stripejs-testing-assistant,0.6450004891748363,true,testing,https://docs.stripe.com/sdks/stripejs-testing-assistant,5
stripe-docs:8,What are Stripe Connect and platform payments?,stripe-docs,scrapy+md,1,https://docs.stripe.com/payments/link/payment-request-button-link,0.6827410729092026,false,connect,https://docs.stripe.com/payments/link/payment-request-button-link,1
stripe-docs:8,What are Stripe Connect and platform payments?,stripe-docs,scrapy+md,2,https://docs.stripe.com/connect/platform-controls-for-stripe-dashboard-accounts,0.6660279591890861,true,connect,https://docs.stripe.com/connect/platform-controls-for-stripe-dashboard-accounts,2
stripe-docs:8,What are Stripe Connect and platform payments?,stripe-docs,scrapy+md,3,https://docs.stripe.com/connect/connect-embedded-components/quickstart,0.6632455245960812,true,connect,https://docs.stripe.com/connect/connect-embedded-components/quickstart,3
stripe-docs:8,What are Stripe Connect and platform payments?,stripe-docs,scrapy+md,4,https://docs.stripe.com/connect/supported-embedded-components/payment-details,0.6609654887459646,true,connect,https://docs.stripe.com/connect/supported-embedded-components/payment-details,4
stripe-docs:8,What are Stripe Connect and platform payments?,stripe-docs,scrapy+md,5,https://docs.stripe.com/connect/saas/quickstart,0.6491785574017331,true,connect,https://docs.stripe.com/connect/saas/quickstart,5
stripe-docs:9,How do I set up usage-based billing with Stripe?,stripe-docs,scrapy+md,1,https://docs.stripe.com/billing/subscriptions/usage-based/manage-billing-setup,0.7078336827523675,true,usage-based,https://docs.stripe.com/billing/subscriptions/usage-based/manage-billing-setup,1
stripe-docs:9,How do I set up usage-based billing with Stripe?,stripe-docs,scrapy+md,2,https://docs.stripe.com/billing/subscriptions/usage-based-legacy,0.6856947964291717,true,usage-based,https://docs.stripe.com/billing/subscriptions/usage-based-legacy,2
stripe-docs:9,How do I set up usage-based billing with Stripe?,stripe-docs,scrapy+md,3,https://docs.stripe.com/billing/subscriptions/usage-based-legacy/pricing-models,0.6648864486531204,true,usage-based,https://docs.stripe.com/billing/subscriptions/usage-based-legacy/pricing-models,3
stripe-docs:9,How do I set up usage-based billing with Stripe?,stripe-docs,scrapy+md,4,https://docs.stripe.com/billing/subscriptions/usage-based-legacy,0.6563712491990144,true,usage-based,https://docs.stripe.com/billing/subscriptions/usage-based-legacy,2
stripe-docs:9,How do I set up usage-based billing with Stripe?,stripe-docs,scrapy+md,5,https://docs.stripe.com/billing/subscriptions/usage-based-legacy/recording-usage,0.6428935587690148,true,usage-based,https://docs.stripe.com/billing/subscriptions/usage-based-legacy/recording-usage,4
stripe-docs:10,How do I manage Stripe API keys?,stripe-docs,scrapy+md,1,https://docs.stripe.com/get-started/api-request,0.7239031667356546,false,keys,https://docs.stripe.com/get-started/api-request,1
stripe-docs:10,How do I manage Stripe API keys?,stripe-docs,scrapy+md,2,https://docs.stripe.com/get-started/api-request,0.6559880846213594,false,keys,https://docs.stripe.com/get-started/api-request,1
stripe-docs:10,How do I manage Stripe API keys?,stripe-docs,scrapy+md,3,https://docs.stripe.com/stripe-cli/keys,0.6554109585404485,true,keys,https://docs.stripe.com/stripe-cli/keys,2
stripe-docs:10,How do I manage Stripe API keys?,stripe-docs,scrapy+md,4,https://docs.stripe.com/stripe-cli/keys,0.6284284239946138,true,keys,https://docs.stripe.com/stripe-cli/keys,2
stripe-docs:10,How do I manage Stripe API keys?,stripe-docs,scrapy+md,5,https://docs.stripe.com/webhooks/handling-payment-events,0.5756668059974605,false,keys,https://docs.stripe.com/webhooks/handling-payment-events,3
stripe-docs:11,How do I handle Stripe rate limits?,stripe-docs,scrapy+md,1,https://docs.stripe.com/disputes/prevention/card-testing,0.5634311229109148,false,rate-limits,https://docs.stripe.com/disputes/prevention/card-testing,1
stripe-docs:11,How do I handle Stripe rate limits?,stripe-docs,scrapy+md,2,https://docs.stripe.com/payments/upi,0.5519011665724136,false,rate-limits,https://docs.stripe.com/payments/upi,2
stripe-docs:11,How do I handle Stripe rate limits?,stripe-docs,scrapy+md,3,https://docs.stripe.com/declines,0.5414743788943496,false,rate-limits,https://docs.stripe.com/declines,3
stripe-docs:11,How do I handle Stripe rate limits?,stripe-docs,scrapy+md,4,https://docs.stripe.com/payments/analytics/recommendations,0.5279375692616379,false,rate-limits,https://docs.stripe.com/payments/analytics/recommendations,4
stripe-docs:11,How do I handle Stripe rate limits?,stripe-docs,scrapy+md,5,https://docs.stripe.com/connect/saas/tasks/service-fee,0.5248527119823032,false,rate-limits,https://docs.stripe.com/connect/saas/tasks/service-fee,5
stripe-docs:12,How do I use metadata with Stripe objects?,stripe-docs,scrapy+md,1,https://docs.stripe.com/api/errors/handling,0.7347324522738105,false,metadata,https://docs.stripe.com/api/errors/handling,1
stripe-docs:12,How do I use metadata with Stripe objects?,stripe-docs,scrapy+md,2,https://docs.stripe.com/api/errors/handling,0.7174263369294699,false,metadata,https://docs.stripe.com/api/errors/handling,1
stripe-docs:12,How do I use metadata with Stripe objects?,stripe-docs,scrapy+md,3,https://docs.stripe.com/payments/payment-intents,0.6206682337654889,false,metadata,https://docs.stripe.com/payments/payment-intents,2
stripe-docs:12,How do I use metadata with Stripe objects?,stripe-docs,scrapy+md,4,https://docs.stripe.com/api/external_account_cards?api-version=2026-04-22.preview,0.5629706007676727,false,metadata,https://docs.stripe.com/api/external_account_cards?api-version=2026-04-22.preview,3
stripe-docs:12,How do I use metadata with Stripe objects?,stripe-docs,scrapy+md,5,https://docs.stripe.com/api/external_accounts?api-version=2026-04-22.preview,0.5558314768505712,false,metadata,https://docs.stripe.com/api/external_accounts?api-version=2026-04-22.preview,4
stripe-docs:13,How do I set up Apple Pay with Stripe?,stripe-docs,scrapy+md,1,https://docs.stripe.com/apple-pay?platform=react-native,0.6938728710751894,true,apple-pay,https://docs.stripe.com/apple-pay?platform=react-native,1
stripe-docs:13,How do I set up Apple Pay with Stripe?,stripe-docs,scrapy+md,2,https://docs.stripe.com/apple-pay?platform=react-native,0.6917152842682714,true,apple-pay,https://docs.stripe.com/apple-pay?platform=react-native,1
stripe-docs:13,How do I set up Apple Pay with Stripe?,stripe-docs,scrapy+md,3,https://docs.stripe.com/apple-pay/cartes-bancaires,0.6683258549326371,true,apple-pay,https://docs.stripe.com/apple-pay/cartes-bancaires,2
stripe-docs:13,How do I set up Apple Pay with Stripe?,stripe-docs,scrapy+md,4,https://docs.stripe.com/apple-pay/apple-pay-recurring,0.6653408988512055,true,apple-pay,https://docs.stripe.com/apple-pay/apple-pay-recurring,3
stripe-docs:13,How do I set up Apple Pay with Stripe?,stripe-docs,scrapy+md,5,https://docs.stripe.com/apple-pay/merchant-tokens?pay-element=ece,0.6635243803680623,true,apple-pay,https://docs.stripe.com/apple-pay/merchant-tokens?pay-element=ece,4
stripe-docs:14,How do I issue cards with Stripe Issuing?,stripe-docs,scrapy+md,1,https://docs.stripe.com/llms.txt,0.7193121062776027,false,issuing,https://docs.stripe.com/llms.txt,1
stripe-docs:14,How do I issue cards with Stripe Issuing?,stripe-docs,scrapy+md,2,https://docs.stripe.com/llms.txt,0.6438967158142229,false,issuing,https://docs.stripe.com/llms.txt,1
stripe-docs:14,How do I issue cards with Stripe Issuing?,stripe-docs,scrapy+md,3,https://docs.stripe.com/co-badged-cards-compliance,0.5880006329072869,false,issuing,https://docs.stripe.com/co-badged-cards-compliance,2
stripe-docs:14,How do I issue cards with Stripe Issuing?,stripe-docs,scrapy+md,4,https://docs.stripe.com/payments/payment-intents/three-d-secure-import,0.5599076678571394,false,issuing,https://docs.stripe.com/payments/payment-intents/three-d-secure-import,3
stripe-docs:14,How do I issue cards with Stripe Issuing?,stripe-docs,scrapy+md,5,https://docs.stripe.com/payments/accept-a-payment-synchronously,0.549626083155874,false,issuing,https://docs.stripe.com/payments/accept-a-payment-synchronously,4
stripe-docs:15,How do I recover failed subscription payments?,stripe-docs,scrapy+md,1,https://docs.stripe.com/india-recurring-payments,0.5378869311214661,false,revenue-recovery,https://docs.stripe.com/india-recurring-payments,1
stripe-docs:15,How do I recover failed subscription payments?,stripe-docs,scrapy+md,2,https://docs.stripe.com/india-recurring-payments?integration=subscriptions,0.5378869311214661,false,revenue-recovery,https://docs.stripe.com/india-recurring-payments?integration=subscriptions,2
stripe-docs:15,How do I recover failed subscription payments?,stripe-docs,scrapy+md,3,https://docs.stripe.com/connect/saas/tasks/service-fee,0.5209791893389522,false,revenue-recovery,https://docs.stripe.com/connect/saas/tasks/service-fee,3
stripe-docs:15,How do I recover failed subscription payments?,stripe-docs,scrapy+md,4,https://docs.stripe.com/disputes/categories,0.5182635565621925,false,revenue-recovery,https://docs.stripe.com/disputes/categories,4
stripe-docs:15,How do I recover failed subscription payments?,stripe-docs,scrapy+md,5,https://docs.stripe.com/billing/subscriptions/pending-updates,0.4991091770149422,false,revenue-recovery,https://docs.stripe.com/billing/subscriptions/pending-updates,5
stripe-docs:16,How does Stripe handle tax calculation for billing?,stripe-docs,scrapy+md,1,https://docs.stripe.com/invoicing/taxes?dashboard-or-api=dashboard,0.6999245092839297,false,billing/taxes,https://docs.stripe.com/invoicing/taxes?dashboard-or-api=dashboard,1
stripe-docs:16,How does Stripe handle tax calculation for billing?,stripe-docs,scrapy+md,2,https://docs.stripe.com/llms.txt,0.6493030528773901,false,billing/taxes,https://docs.stripe.com/llms.txt,2
stripe-docs:16,How does Stripe handle tax calculation for billing?,stripe-docs,scrapy+md,3,https://docs.stripe.com/billing/taxes/collect-taxes,0.643098167545708,true,billing/taxes,https://docs.stripe.com/billing/taxes/collect-taxes,3
stripe-docs:16,How does Stripe handle tax calculation for billing?,stripe-docs,scrapy+md,4,https://docs.stripe.com/billing/taxes/collect-taxes,0.6425306783772737,true,billing/taxes,https://docs.stripe.com/billing/taxes/collect-taxes,3
stripe-docs:16,How does Stripe handle tax calculation for billing?,stripe-docs,scrapy+md,5,https://docs.stripe.com/payments/managed-payments/tax-compliance,0.6400544875110642,false,billing/taxes,https://docs.stripe.com/payments/managed-payments/tax-compliance,4
stripe-docs:17,How do I migrate data to Stripe?,stripe-docs,scrapy+md,1,https://docs.stripe.com/get-started/data-migrations/pan-import,0.7570625409750683,true,data-migrations,https://docs.stripe.com/get-started/data-migrations/pan-import,1
stripe-docs:17,How do I migrate data to Stripe?,stripe-docs,scrapy+md,2,https://docs.stripe.com/connect/migrate-to-stripe,0.7178569389666504,false,data-migrations,https://docs.stripe.com/connect/migrate-to-stripe,2
stripe-docs:17,How do I migrate data to Stripe?,stripe-docs,scrapy+md,3,https://docs.stripe.com/get-started/data-migrations/pan-import,0.6910672106036235,true,data-migrations,https://docs.stripe.com/get-started/data-migrations/pan-import,1
stripe-docs:17,How do I migrate data to Stripe?,stripe-docs,scrapy+md,4,https://docs.stripe.com/billing/subscriptions/import-subscriptions,0.6759222997900912,false,data-migrations,https://docs.stripe.com/billing/subscriptions/import-subscriptions,3
stripe-docs:17,How do I migrate data to Stripe?,stripe-docs,scrapy+md,5,https://docs.stripe.com/get-started/data-migrations/pan-import,0.6435778561847966,true,data-migrations,https://docs.stripe.com/get-started/data-migrations/pan-import,1
stripe-docs:0,How do I create a payment intent with Stripe?,stripe-docs,crawlee,1,https://docs.stripe.com/api/payment_intents/create,0.8462727224289431,false,payment-intent,https://docs.stripe.com/api/payment_intents/create,1
stripe-docs:0,How do I create a payment intent with Stripe?,stripe-docs,crawlee,2,https://docs.stripe.com/payments/payment-intents,0.7692446644968755,true,payment-intent,https://docs.stripe.com/payments/payment-intents,2
stripe-docs:0,How do I create a payment intent with Stripe?,stripe-docs,crawlee,3,https://docs.stripe.com/payments/accept-a-payment-deferred,0.757882025320607,false,payment-intent,https://docs.stripe.com/payments/accept-a-payment-deferred,3
stripe-docs:0,How do I create a payment intent with Stripe?,stripe-docs,crawlee,4,https://docs.stripe.com/api/payment_intents/object,0.7404728171378131,false,payment-intent,https://docs.stripe.com/api/payment_intents/object,4
stripe-docs:0,How do I create a payment intent with Stripe?,stripe-docs,crawlee,5,https://docs.stripe.com/api/payment_intents,0.7238138159170172,false,payment-intent,https://docs.stripe.com/api/payment_intents,5
stripe-docs:1,How do I handle webhooks from Stripe?,stripe-docs,crawlee,1,https://docs.stripe.com/webhooks/handling-payment-events,0.7887545332989606,true,webhook,https://docs.stripe.com/webhooks/handling-payment-events,1
stripe-docs:1,How do I handle webhooks from Stripe?,stripe-docs,crawlee,2,https://docs.stripe.com/billing/subscriptions/webhooks,0.7700176807944875,true,webhook,https://docs.stripe.com/billing/subscriptions/webhooks,2
stripe-docs:1,How do I handle webhooks from Stripe?,stripe-docs,crawlee,3,https://docs.stripe.com/webhooks/quickstart,0.7383936107317852,true,webhook,https://docs.stripe.com/webhooks/quickstart,3
stripe-docs:1,How do I handle webhooks from Stripe?,stripe-docs,crawlee,4,https://docs.stripe.com/webhooks,0.7192212625837687,true,webhook,https://docs.stripe.com/webhooks,4
stripe-docs:1,How do I handle webhooks from Stripe?,stripe-docs,crawlee,5,https://docs.stripe.com/webhooks/handling-payment-events,0.6953682683714278,true,webhook,https://docs.stripe.com/webhooks/handling-payment-events,1
stripe-docs:2,How do I set up Stripe subscriptions?,stripe-docs,crawlee,1,https://docs.stripe.com/subscriptions,0.7818590414944877,true,subscription,https://docs.stripe.com/subscriptions,1
stripe-docs:2,How do I set up Stripe subscriptions?,stripe-docs,crawlee,2,https://docs.stripe.com/payments/subscriptions,0.7818390025350478,true,subscription,https://docs.stripe.com/payments/subscriptions,2
stripe-docs:2,How do I set up Stripe subscriptions?,stripe-docs,crawlee,3,https://docs.stripe.com/billing/subscriptions/build-subscription,0.7729302490852337,true,subscription,https://docs.stripe.com/billing/subscriptions/build-subscription,3
stripe-docs:2,How do I set up Stripe subscriptions?,stripe-docs,crawlee,4,https://docs.stripe.com/billing/subscriptions/build-subscriptions?payment-ui=checkout&ui=stripe-hosted,0.7729302490852337,true,subscription,https://docs.stripe.com/billing/subscriptions/build-subscriptions?payment-ui=checkout&ui=stripe-hosted,4
stripe-docs:2,How do I set up Stripe subscriptions?,stripe-docs,crawlee,5,https://docs.stripe.com/billing/subscriptions/build-subscriptions,0.7729302490852337,true,subscription,https://docs.stripe.com/billing/subscriptions/build-subscriptions,5
stripe-docs:3,How do I authenticate with the Stripe API?,stripe-docs,crawlee,1,https://docs.stripe.com/payments/3d-secure,0.735254693501155,false,authentication,https://docs.stripe.com/payments/3d-secure,1
stripe-docs:3,How do I authenticate with the Stripe API?,stripe-docs,crawlee,2,https://docs.stripe.com/payments/without-card-authentication,0.7014147959731176,true,authentication,https://docs.stripe.com/payments/without-card-authentication,2
stripe-docs:3,How do I authenticate with the Stripe API?,stripe-docs,crawlee,3,https://docs.stripe.com/payments/mobile/without-card-authentication,0.7014147959731176,true,authentication,https://docs.stripe.com/payments/mobile/without-card-authentication,3
stripe-docs:3,How do I authenticate with the Stripe API?,stripe-docs,crawlee,4,https://docs.stripe.com/samples/identity/redirect,0.6944276011580791,false,authentication,https://docs.stripe.com/samples/identity/redirect,4
stripe-docs:3,How do I authenticate with the Stripe API?,stripe-docs,crawlee,5,https://docs.stripe.com/strong-customer-authentication,0.6844063184956292,true,authentication,https://docs.stripe.com/strong-customer-authentication,5
stripe-docs:4,How do I handle errors in the Stripe API?,stripe-docs,crawlee,1,https://docs.stripe.com/api/events#events,0.6015269870768964,false,error-handling,https://docs.stripe.com/api/events,1
stripe-docs:4,How do I handle errors in the Stripe API?,stripe-docs,crawlee,2,https://docs.stripe.com/disputes/responding#decide,0.5999679031755865,false,error-handling,https://docs.stripe.com/disputes/responding,2
stripe-docs:4,How do I handle errors in the Stripe API?,stripe-docs,crawlee,3,https://docs.stripe.com/api/refunds,0.595899092412311,false,error-handling,https://docs.stripe.com/api/refunds,3
stripe-docs:4,How do I handle errors in the Stripe API?,stripe-docs,crawlee,4,https://docs.stripe.com/payments/without-card-authentication,0.593186746739083,false,error-handling,https://docs.stripe.com/payments/without-card-authentication,4
stripe-docs:4,How do I handle errors in the Stripe API?,stripe-docs,crawlee,5,https://docs.stripe.com/disputes,0.5883360387244067,false,error-handling,https://docs.stripe.com/disputes,5
stripe-docs:5,How do I process refunds with Stripe?,stripe-docs,crawlee,1,https://docs.stripe.com/api/refunds,0.7781810869605034,true,refund,https://docs.stripe.com/api/refunds,1
stripe-docs:5,How do I process refunds with Stripe?,stripe-docs,crawlee,2,https://docs.stripe.com/refunds,0.7135161272670066,true,refund,https://docs.stripe.com/refunds,2
stripe-docs:5,How do I process refunds with Stripe?,stripe-docs,crawlee,3,https://docs.stripe.com/billing/subscriptions/third-party-payment-processing,0.6592235270320557,false,refund,https://docs.stripe.com/billing/subscriptions/third-party-payment-processing,3
stripe-docs:5,How do I process refunds with Stripe?,stripe-docs,crawlee,4,https://docs.stripe.com/refunds,0.6557771190265754,true,refund,https://docs.stripe.com/refunds,2
stripe-docs:5,How do I process refunds with Stripe?,stripe-docs,crawlee,5,https://docs.stripe.com/payments/affirm,0.6359511837025216,false,refund,https://docs.stripe.com/payments/affirm,4
stripe-docs:6,How do I use Stripe checkout for payments?,stripe-docs,crawlee,1,https://docs.stripe.com/payments/online-payments,0.7313926924569591,false,checkout,https://docs.stripe.com/payments/online-payments,1
stripe-docs:6,How do I use Stripe checkout for payments?,stripe-docs,crawlee,2,https://docs.stripe.com/payments/upi,0.708296666267838,false,checkout,https://docs.stripe.com/payments/upi,2
stripe-docs:6,How do I use Stripe checkout for payments?,stripe-docs,crawlee,3,https://docs.stripe.com/payments/checkout/how-checkout-works,0.6999211598984267,true,checkout,https://docs.stripe.com/payments/checkout/how-checkout-works,3
stripe-docs:6,How do I use Stripe checkout for payments?,stripe-docs,crawlee,4,https://docs.stripe.com/payments/use-cases/get-started,0.6981497952786372,false,checkout,https://docs.stripe.com/payments/use-cases/get-started,4
stripe-docs:6,How do I use Stripe checkout for payments?,stripe-docs,crawlee,5,https://docs.stripe.com/payments/checkout,0.6980850676816188,true,checkout,https://docs.stripe.com/payments/checkout,5
stripe-docs:7,How do I test Stripe payments in development?,stripe-docs,crawlee,1,https://docs.stripe.com/get-started/development-environment,0.7071826329239853,false,testing,https://docs.stripe.com/get-started/development-environment,1
stripe-docs:7,How do I test Stripe payments in development?,stripe-docs,crawlee,2,https://docs.stripe.com/testing,0.6916501095382792,true,testing,https://docs.stripe.com/testing,2
stripe-docs:7,How do I test Stripe payments in development?,stripe-docs,crawlee,3,https://docs.stripe.com/financial-connections/testing,0.6870516330079349,true,testing,https://docs.stripe.com/financial-connections/testing,3
stripe-docs:7,How do I test Stripe payments in development?,stripe-docs,crawlee,4,https://docs.stripe.com/get-started/test-developer-integration,0.6747352182983151,false,testing,https://docs.stripe.com/get-started/test-developer-integration,4
stripe-docs:7,How do I test Stripe payments in development?,stripe-docs,crawlee,5,https://docs.stripe.com/payments/a-b-testing,0.6712492679717781,true,testing,https://docs.stripe.com/payments/a-b-testing,5
stripe-docs:8,What are Stripe Connect and platform payments?,stripe-docs,crawlee,1,https://docs.stripe.com/connect,0.7589746710294187,true,connect,https://docs.stripe.com/connect,1
stripe-docs:8,What are Stripe Connect and platform payments?,stripe-docs,crawlee,2,https://docs.stripe.com/connect/build-full-embedded-integration,0.7558001721247518,true,connect,https://docs.stripe.com/connect/build-full-embedded-integration,2
stripe-docs:8,What are Stripe Connect and platform payments?,stripe-docs,crawlee,3,https://docs.stripe.com/connect,0.716758597584389,true,connect,https://docs.stripe.com/connect,1
stripe-docs:8,What are Stripe Connect and platform payments?,stripe-docs,crawlee,4,https://docs.stripe.com/connect,0.7074468473756359,true,connect,https://docs.stripe.com/connect,1
stripe-docs:8,What are Stripe Connect and platform payments?,stripe-docs,crawlee,5,https://docs.stripe.com/connect/subscriptions,0.6976785795318341,true,connect,https://docs.stripe.com/connect/subscriptions,3
stripe-docs:9,How do I set up usage-based billing with Stripe?,stripe-docs,crawlee,1,https://docs.stripe.com/tax/set-up,0.6708091997574577,false,usage-based,https://docs.stripe.com/tax/set-up,1
stripe-docs:9,How do I set up usage-based billing with Stripe?,stripe-docs,crawlee,2,https://docs.stripe.com/billing,0.6611037992812506,false,usage-based,https://docs.stripe.com/billing,2
stripe-docs:9,How do I set up usage-based billing with Stripe?,stripe-docs,crawlee,3,https://docs.stripe.com/llms.txt,0.6561325358660526,false,usage-based,https://docs.stripe.com/llms.txt,3
stripe-docs:9,How do I set up usage-based billing with Stripe?,stripe-docs,crawlee,4,https://docs.stripe.com/billing/billing-apis,0.6472536463634181,false,usage-based,https://docs.stripe.com/billing/billing-apis,4
stripe-docs:9,How do I set up usage-based billing with Stripe?,stripe-docs,crawlee,5,https://docs.stripe.com/connect/subscriptions,0.6375046554685219,false,usage-based,https://docs.stripe.com/connect/subscriptions,5
stripe-docs:10,How do I manage Stripe API keys?,stripe-docs,crawlee,1,https://docs.stripe.com/keys-best-practices,0.8317877488371314,true,keys,https://docs.stripe.com/keys-best-practices,1
stripe-docs:10,How do I manage Stripe API keys?,stripe-docs,crawlee,2,https://docs.stripe.com/keys,0.7243654194691138,true,keys,https://docs.stripe.com/keys,2
stripe-docs:10,How do I manage Stripe API keys?,stripe-docs,crawlee,3,https://docs.stripe.com/keys-best-practices,0.7176819226245649,true,keys,https://docs.stripe.com/keys-best-practices,1
stripe-docs:10,How do I manage Stripe API keys?,stripe-docs,crawlee,4,https://docs.stripe.com/keys,0.7046439017824246,true,keys,https://docs.stripe.com/keys,2
stripe-docs:10,How do I manage Stripe API keys?,stripe-docs,crawlee,5,https://docs.stripe.com/get-started/api-request,0.6986898689770503,false,keys,https://docs.stripe.com/get-started/api-request,3
stripe-docs:11,How do I handle Stripe rate limits?,stripe-docs,crawlee,1,https://docs.stripe.com/tax/tax-rates,0.6245285987104356,false,rate-limits,https://docs.stripe.com/tax/tax-rates,1
stripe-docs:11,How do I handle Stripe rate limits?,stripe-docs,crawlee,2,https://docs.stripe.com/money-management,0.6081278418842158,false,rate-limits,https://docs.stripe.com/money-management,2
stripe-docs:11,How do I handle Stripe rate limits?,stripe-docs,crawlee,3,https://docs.stripe.com/global-payouts/pricing,0.6026784120832153,false,rate-limits,https://docs.stripe.com/global-payouts/pricing,3
stripe-docs:11,How do I handle Stripe rate limits?,stripe-docs,crawlee,4,https://docs.stripe.com/billing/subscriptions/pause,0.5880669502601805,false,rate-limits,https://docs.stripe.com/billing/subscriptions/pause,4
stripe-docs:11,How do I handle Stripe rate limits?,stripe-docs,crawlee,5,https://docs.stripe.com/payments/pay-with-balance,0.5870058972446645,false,rate-limits,https://docs.stripe.com/payments/pay-with-balance,5
stripe-docs:12,How do I use metadata with Stripe objects?,stripe-docs,crawlee,1,https://docs.stripe.com/custom-objects,0.6757551302005037,false,metadata,https://docs.stripe.com/custom-objects,1
stripe-docs:12,How do I use metadata with Stripe objects?,stripe-docs,crawlee,2,https://docs.stripe.com/billing/subscriptions/analytics,0.6358631536722389,false,metadata,https://docs.stripe.com/billing/subscriptions/analytics,2
stripe-docs:12,How do I use metadata with Stripe objects?,stripe-docs,crawlee,3,https://docs.stripe.com/industry-metadata,0.6347548834358513,true,metadata,https://docs.stripe.com/industry-metadata,3
stripe-docs:12,How do I use metadata with Stripe objects?,stripe-docs,crawlee,4,https://docs.stripe.com/payments/checkout/collect-additional-info,0.6229071131383058,false,metadata,https://docs.stripe.com/payments/checkout/collect-additional-info,4
stripe-docs:12,How do I use metadata with Stripe objects?,stripe-docs,crawlee,5,https://docs.stripe.com/payments/advanced/collect-additional-info,0.6228890276452997,false,metadata,https://docs.stripe.com/payments/advanced/collect-additional-info,5
stripe-docs:13,How do I set up Apple Pay with Stripe?,stripe-docs,crawlee,1,https://docs.stripe.com/apple-pay,0.7476004830714755,true,apple-pay,https://docs.stripe.com/apple-pay,1
stripe-docs:13,How do I set up Apple Pay with Stripe?,stripe-docs,crawlee,2,https://docs.stripe.com/apple-pay,0.6961900036162109,true,apple-pay,https://docs.stripe.com/apple-pay,1
stripe-docs:13,How do I set up Apple Pay with Stripe?,stripe-docs,crawlee,3,https://docs.stripe.com/apple-pay,0.6882143768973915,true,apple-pay,https://docs.stripe.com/apple-pay,1
stripe-docs:13,How do I set up Apple Pay with Stripe?,stripe-docs,crawlee,4,https://docs.stripe.com/apple-pay,0.6814354953720073,true,apple-pay,https://docs.stripe.com/apple-pay,1
stripe-docs:13,How do I set up Apple Pay with Stripe?,stripe-docs,crawlee,5,https://docs.stripe.com/terminal/payments/setup-reader/tap-to-pay,0.6666754530340191,false,apple-pay,https://docs.stripe.com/terminal/payments/setup-reader/tap-to-pay,2
stripe-docs:14,How do I issue cards with Stripe Issuing?,stripe-docs,crawlee,1,https://docs.stripe.com/issuing,0.7518930386982914,true,issuing,https://docs.stripe.com/issuing,1
stripe-docs:14,How do I issue cards with Stripe Issuing?,stripe-docs,crawlee,2,https://docs.stripe.com/llms.txt,0.7501040654770126,false,issuing,https://docs.stripe.com/llms.txt,2
stripe-docs:14,How do I issue cards with Stripe Issuing?,stripe-docs,crawlee,3,https://docs.stripe.com/issuing/stablecoin-cards-for-financial-accounts,0.7411976904995892,true,issuing,https://docs.stripe.com/issuing/stablecoin-cards-for-financial-accounts,3
stripe-docs:14,How do I issue cards with Stripe Issuing?,stripe-docs,crawlee,4,https://docs.stripe.com/issuing,0.7244421363881585,true,issuing,https://docs.stripe.com/issuing,1
stripe-docs:14,How do I issue cards with Stripe Issuing?,stripe-docs,crawlee,5,https://docs.stripe.com/issuing/connect,0.6950928251307253,true,issuing,https://docs.stripe.com/issuing/connect,4
stripe-docs:15,How do I recover failed subscription payments?,stripe-docs,crawlee,1,https://docs.stripe.com/billing/collection-method,0.575609151181082,false,revenue-recovery,https://docs.stripe.com/billing/collection-method,1
stripe-docs:15,How do I recover failed subscription payments?,stripe-docs,crawlee,2,https://docs.stripe.com/payments/pay-with-balance,0.5209791893389522,false,revenue-recovery,https://docs.stripe.com/payments/pay-with-balance,2
stripe-docs:15,How do I recover failed subscription payments?,stripe-docs,crawlee,3,https://docs.stripe.com/billing/subscriptions/cancel,0.5206482664118226,false,revenue-recovery,https://docs.stripe.com/billing/subscriptions/cancel,3
stripe-docs:15,How do I recover failed subscription payments?,stripe-docs,crawlee,4,https://docs.stripe.com/billing/collection-method,0.5193232347195903,false,revenue-recovery,https://docs.stripe.com/billing/collection-method,1
stripe-docs:15,How do I recover failed subscription payments?,stripe-docs,crawlee,5,https://docs.stripe.com/billing/subscriptions/webhooks,0.5132242283832165,false,revenue-recovery,https://docs.stripe.com/billing/subscriptions/webhooks,4
stripe-docs:16,How does Stripe handle tax calculation for billing?,stripe-docs,crawlee,1,https://docs.stripe.com/tax/set-up,0.7441443556509724,false,billing/taxes,https://docs.stripe.com/tax/set-up,1
stripe-docs:16,How does Stripe handle tax calculation for billing?,stripe-docs,crawlee,2,https://docs.stripe.com/billing/taxes/migration,0.7175992713245012,true,billing/taxes,https://docs.stripe.com/billing/taxes/migration,2
stripe-docs:16,How does Stripe handle tax calculation for billing?,stripe-docs,crawlee,3,https://docs.stripe.com/tax/reports,0.7167686394297459,false,billing/taxes,https://docs.stripe.com/tax/reports,3
stripe-docs:16,How does Stripe handle tax calculation for billing?,stripe-docs,crawlee,4,https://docs.stripe.com/atlas/business-taxes,0.7037494027040787,false,billing/taxes,https://docs.stripe.com/atlas/business-taxes,4
stripe-docs:16,How does Stripe handle tax calculation for billing?,stripe-docs,crawlee,5,https://docs.stripe.com/tax/connect,0.6999858405774803,false,billing/taxes,https://docs.stripe.com/tax/connect,5
stripe-docs:17,How do I migrate data to Stripe?,stripe-docs,crawlee,1,https://docs.stripe.com/billing/taxes/migration,0.7710990077178872,false,data-migrations,https://docs.stripe.com/billing/taxes/migration,1
stripe-docs:17,How do I migrate data to Stripe?,stripe-docs,crawlee,2,https://docs.stripe.com/billing/subscriptions/migrate-subscriptions,0.7522601471422591,false,data-migrations,https://docs.stripe.com/billing/subscriptions/migrate-subscriptions,2
stripe-docs:17,How do I migrate data to Stripe?,stripe-docs,crawlee,3,https://docs.stripe.com/payments/checkout/migration,0.7354096464289427,false,data-migrations,https://docs.stripe.com/payments/checkout/migration,3
stripe-docs:17,How do I migrate data to Stripe?,stripe-docs,crawlee,4,https://docs.stripe.com/stripe-data/import-external-data,0.7319898972344908,false,data-migrations,https://docs.stripe.com/stripe-data/import-external-data,4
stripe-docs:17,How do I migrate data to Stripe?,stripe-docs,crawlee,5,https://docs.stripe.com/get-started/data-migrations/overview,0.7166147992403591,true,data-migrations,https://docs.stripe.com/get-started/data-migrations/overview,5
stripe-docs:0,How do I create a payment intent with Stripe?,stripe-docs,colly+md,1,https://docs.stripe.com/api/payment/intents/create,0.8462727224289431,false,payment-intent,https://docs.stripe.com/api/payment/intents/create,1
stripe-docs:0,How do I create a payment intent with Stripe?,stripe-docs,colly+md,2,https://docs.stripe.com/payments/payment-intents,0.7692446644968755,true,payment-intent,https://docs.stripe.com/payments/payment-intents,2
stripe-docs:0,How do I create a payment intent with Stripe?,stripe-docs,colly+md,3,https://docs.stripe.com/api/payment/intents/confirm#confirm/payment/intent-return/,0.7501448139520025,false,payment-intent,https://docs.stripe.com/api/payment/intents/confirm,3
stripe-docs:0,How do I create a payment intent with Stripe?,stripe-docs,colly+md,4,https://docs.stripe.com/api/payment/intents/confirm,0.7501448139520025,false,payment-intent,https://docs.stripe.com/api/payment/intents/confirm,3
stripe-docs:0,How do I create a payment intent with Stripe?,stripe-docs,colly+md,5,https://docs.stripe.com/api/payment/intents/object,0.7404938342295153,false,payment-intent,https://docs.stripe.com/api/payment/intents/object,4
stripe-docs:1,How do I handle webhooks from Stripe?,stripe-docs,colly+md,1,https://docs.stripe.com/webhooks/handling-payment-events,0.7887545332989606,true,webhook,https://docs.stripe.com/webhooks/handling-payment-events,1
stripe-docs:1,How do I handle webhooks from Stripe?,stripe-docs,colly+md,2,https://docs.stripe.com/webhooks/quickstart,0.7364279054335418,true,webhook,https://docs.stripe.com/webhooks/quickstart,2
stripe-docs:1,How do I handle webhooks from Stripe?,stripe-docs,colly+md,3,https://docs.stripe.com/webhooks,0.7192074337300441,true,webhook,https://docs.stripe.com/webhooks,3
stripe-docs:1,How do I handle webhooks from Stripe?,stripe-docs,colly+md,4,https://docs.stripe.com/webhooks#verify-events,0.7192074337300441,true,webhook,https://docs.stripe.com/webhooks,3
stripe-docs:1,How do I handle webhooks from Stripe?,stripe-docs,colly+md,5,https://docs.stripe.com/webhooks/handling-payment-events,0.6940015274725069,true,webhook,https://docs.stripe.com/webhooks/handling-payment-events,1
stripe-docs:2,How do I set up Stripe subscriptions?,stripe-docs,colly+md,1,https://docs.stripe.com/subscriptions,0.7818390025350478,true,subscription,https://docs.stripe.com/subscriptions,1
stripe-docs:2,How do I set up Stripe subscriptions?,stripe-docs,colly+md,2,https://docs.stripe.com/payments/subscriptions,0.7818390025350478,true,subscription,https://docs.stripe.com/payments/subscriptions,2
stripe-docs:2,How do I set up Stripe subscriptions?,stripe-docs,colly+md,3,https://docs.stripe.com/billing/subscriptions/build-subscriptions,0.7729302490852337,true,subscription,https://docs.stripe.com/billing/subscriptions/build-subscriptions,3
stripe-docs:2,How do I set up Stripe subscriptions?,stripe-docs,colly+md,4,https://docs.stripe.com/connect/subscriptions,0.7704508837535097,true,subscription,https://docs.stripe.com/connect/subscriptions,4
stripe-docs:2,How do I set up Stripe subscriptions?,stripe-docs,colly+md,5,https://docs.stripe.com/billing/subscriptions/overview,0.7662021811509707,true,subscription,https://docs.stripe.com/billing/subscriptions/overview,5
stripe-docs:3,How do I authenticate with the Stripe API?,stripe-docs,colly+md,1,https://docs.stripe.com/payments/3d-secure,0.7353041878882655,false,authentication,https://docs.stripe.com/payments/3d-secure,1
stripe-docs:3,How do I authenticate with the Stripe API?,stripe-docs,colly+md,2,https://docs.stripe.com/payment-authentication/writing-queries,0.7020744925866363,true,authentication,https://docs.stripe.com/payment-authentication/writing-queries,2
stripe-docs:3,How do I authenticate with the Stripe API?,stripe-docs,colly+md,3,https://docs.stripe.com/strong-customer-authentication,0.6844063184956292,true,authentication,https://docs.stripe.com/strong-customer-authentication,3
stripe-docs:3,How do I authenticate with the Stripe API?,stripe-docs,colly+md,4,https://docs.stripe.com/security,0.6793518500727777,false,authentication,https://docs.stripe.com/security,4
stripe-docs:3,How do I authenticate with the Stripe API?,stripe-docs,colly+md,5,https://docs.stripe.com/connect/required-verification-information,0.6679574647089201,false,authentication,https://docs.stripe.com/connect/required-verification-information,5
stripe-docs:4,How do I handle errors in the Stripe API?,stripe-docs,colly+md,1,https://docs.stripe.com/get-started/checklist/go-live,0.6352301529955496,false,error-handling,https://docs.stripe.com/get-started/checklist/go-live,1
stripe-docs:4,How do I handle errors in the Stripe API?,stripe-docs,colly+md,2,https://docs.stripe.com/disputes/api,0.6344651185595113,false,error-handling,https://docs.stripe.com/disputes/api,2
stripe-docs:4,How do I handle errors in the Stripe API?,stripe-docs,colly+md,3,https://docs.stripe.com/payments/wallets/link,0.6031471711077538,false,error-handling,https://docs.stripe.com/payments/wallets/link,3
stripe-docs:4,How do I handle errors in the Stripe API?,stripe-docs,colly+md,4,https://docs.stripe.com/api/events#events,0.6015624026033697,false,error-handling,https://docs.stripe.com/api/events,4
stripe-docs:4,How do I handle errors in the Stripe API?,stripe-docs,colly+md,5,https://docs.stripe.com/disputes/responding#decide,0.5999679031755865,false,error-handling,https://docs.stripe.com/disputes/responding,5
stripe-docs:5,How do I process refunds with Stripe?,stripe-docs,colly+md,1,https://docs.stripe.com/api/refunds,0.7781810869605034,true,refund,https://docs.stripe.com/api/refunds,1
stripe-docs:5,How do I process refunds with Stripe?,stripe-docs,colly+md,2,https://docs.stripe.com/refunds,0.7135161272670066,true,refund,https://docs.stripe.com/refunds,2
stripe-docs:5,How do I process refunds with Stripe?,stripe-docs,colly+md,3,https://docs.stripe.com/refunds#cancel-payment,0.7135161272670066,true,refund,https://docs.stripe.com/refunds,2
stripe-docs:5,How do I process refunds with Stripe?,stripe-docs,colly+md,4,https://docs.stripe.com/refunds,0.6558582215195332,true,refund,https://docs.stripe.com/refunds,2
stripe-docs:5,How do I process refunds with Stripe?,stripe-docs,colly+md,5,https://docs.stripe.com/refunds#cancel-payment,0.6557771190265754,true,refund,https://docs.stripe.com/refunds,2
stripe-docs:6,How do I use Stripe checkout for payments?,stripe-docs,colly+md,1,https://docs.stripe.com/payments/paypay,0.7361595625834297,false,checkout,https://docs.stripe.com/payments/paypay,1
stripe-docs:6,How do I use Stripe checkout for payments?,stripe-docs,colly+md,2,https://docs.stripe.com/payments/online-payments,0.7313926924569591,false,checkout,https://docs.stripe.com/payments/online-payments,2
stripe-docs:6,How do I use Stripe checkout for payments?,stripe-docs,colly+md,3,https://docs.stripe.com/payments/online-payments#compare-features-and-availability,0.7313916268997785,false,checkout,https://docs.stripe.com/payments/online-payments,2
stripe-docs:6,How do I use Stripe checkout for payments?,stripe-docs,colly+md,4,https://docs.stripe.com/payments/pay-by-bank,0.7053226816007191,false,checkout,https://docs.stripe.com/payments/pay-by-bank,3
stripe-docs:6,How do I use Stripe checkout for payments?,stripe-docs,colly+md,5,https://docs.stripe.com/payments/checkout/how-checkout-works,0.6999211598984267,true,checkout,https://docs.stripe.com/payments/checkout/how-checkout-works,4
stripe-docs:7,How do I test Stripe payments in development?,stripe-docs,colly+md,1,https://docs.stripe.com/get-started/development-environment,0.7071826329239853,false,testing,https://docs.stripe.com/get-started/development-environment,1
stripe-docs:7,How do I test Stripe payments in development?,stripe-docs,colly+md,2,https://docs.stripe.com/testing#cards,0.6903065711949523,true,testing,https://docs.stripe.com/testing,2
stripe-docs:7,How do I test Stripe payments in development?,stripe-docs,colly+md,3,https://docs.stripe.com/testing,0.6901500092376432,true,testing,https://docs.stripe.com/testing,2
stripe-docs:7,How do I test Stripe payments in development?,stripe-docs,colly+md,4,https://docs.stripe.com/financial-connections/testing,0.6870516330079349,true,testing,https://docs.stripe.com/financial-connections/testing,3
stripe-docs:7,How do I test Stripe payments in development?,stripe-docs,colly+md,5,https://docs.stripe.com/get-started/test-developer-integration,0.6747352182983151,false,testing,https://docs.stripe.com/get-started/test-developer-integration,4
stripe-docs:8,What are Stripe Connect and platform payments?,stripe-docs,colly+md,1,https://docs.stripe.com/connect,0.7589746710294187,true,connect,https://docs.stripe.com/connect,1
stripe-docs:8,What are Stripe Connect and platform payments?,stripe-docs,colly+md,2,https://docs.stripe.com/connect/build-full-embedded-integration,0.7557756657443482,true,connect,https://docs.stripe.com/connect/build-full-embedded-integration,2
stripe-docs:8,What are Stripe Connect and platform payments?,stripe-docs,colly+md,3,https://docs.stripe.com/connect,0.7133328041586517,true,connect,https://docs.stripe.com/connect,1
stripe-docs:8,What are Stripe Connect and platform payments?,stripe-docs,colly+md,4,https://docs.stripe.com/connect,0.6894793378372741,true,connect,https://docs.stripe.com/connect,1
stripe-docs:8,What are Stripe Connect and platform payments?,stripe-docs,colly+md,5,https://docs.stripe.com/connect/subscriptions,0.6862158852631001,true,connect,https://docs.stripe.com/connect/subscriptions,3
stripe-docs:9,How do I set up usage-based billing with Stripe?,stripe-docs,colly+md,1,https://docs.stripe.com/tax/set-up,0.6708091997574577,false,usage-based,https://docs.stripe.com/tax/set-up,1
stripe-docs:9,How do I set up usage-based billing with Stripe?,stripe-docs,colly+md,2,https://docs.stripe.com/get-started/account/set-up,0.6636613966423711,false,usage-based,https://docs.stripe.com/get-started/account/set-up,2
stripe-docs:9,How do I set up usage-based billing with Stripe?,stripe-docs,colly+md,3,https://docs.stripe.com/get-started/account/set-up#public-business-information,0.6636315550854209,false,usage-based,https://docs.stripe.com/get-started/account/set-up,2
stripe-docs:9,How do I set up usage-based billing with Stripe?,stripe-docs,colly+md,4,https://docs.stripe.com/billing,0.6610890991285286,false,usage-based,https://docs.stripe.com/billing,3
stripe-docs:9,How do I set up usage-based billing with Stripe?,stripe-docs,colly+md,5,https://docs.stripe.com/billing/billing-apis,0.6473181186438215,false,usage-based,https://docs.stripe.com/billing/billing-apis,4
stripe-docs:10,How do I manage Stripe API keys?,stripe-docs,colly+md,1,https://docs.stripe.com/keys-best-practices,0.8317877488371314,true,keys,https://docs.stripe.com/keys-best-practices,1
stripe-docs:10,How do I manage Stripe API keys?,stripe-docs,colly+md,2,https://docs.stripe.com/sandboxes/dashboard/manage-access#manage-access,0.8186405870661251,false,keys,https://docs.stripe.com/sandboxes/dashboard/manage-access,2
stripe-docs:10,How do I manage Stripe API keys?,stripe-docs,colly+md,3,https://docs.stripe.com/keys/restricted-api-keys,0.755243564473898,true,keys,https://docs.stripe.com/keys/restricted-api-keys,3
stripe-docs:10,How do I manage Stripe API keys?,stripe-docs,colly+md,4,https://docs.stripe.com/keys#test-live-modes,0.7244642364629401,true,keys,https://docs.stripe.com/keys,4
stripe-docs:10,How do I manage Stripe API keys?,stripe-docs,colly+md,5,https://docs.stripe.com/keys,0.7244642364629401,true,keys,https://docs.stripe.com/keys,4
stripe-docs:11,How do I handle Stripe rate limits?,stripe-docs,colly+md,1,https://docs.stripe.com/tax/tax-rates,0.6245285987104356,false,rate-limits,https://docs.stripe.com/tax/tax-rates,1
stripe-docs:11,How do I handle Stripe rate limits?,stripe-docs,colly+md,2,https://docs.stripe.com/changelog/dahlia/2026-03-25/issuing-card-lifecycle-control,0.6181306638261141,false,rate-limits,https://docs.stripe.com/changelog/dahlia/2026-03-25/issuing-card-lifecycle-control,2
stripe-docs:11,How do I handle Stripe rate limits?,stripe-docs,colly+md,3,https://docs.stripe.com/money-management,0.6081132755064292,false,rate-limits,https://docs.stripe.com/money-management,3
stripe-docs:11,How do I handle Stripe rate limits?,stripe-docs,colly+md,4,https://docs.stripe.com/payments/wallets/link,0.6055309016509839,false,rate-limits,https://docs.stripe.com/payments/wallets/link,4
stripe-docs:11,How do I handle Stripe rate limits?,stripe-docs,colly+md,5,https://docs.stripe.com/global-payouts/pricing,0.6026686644853859,false,rate-limits,https://docs.stripe.com/global-payouts/pricing,5
stripe-docs:12,How do I use metadata with Stripe objects?,stripe-docs,colly+md,1,https://docs.stripe.com/api/idempotent/requests,0.7401764977323703,false,metadata,https://docs.stripe.com/api/idempotent/requests,1
stripe-docs:12,How do I use metadata with Stripe objects?,stripe-docs,colly+md,2,https://docs.stripe.com/custom-objects,0.6757551302005037,false,metadata,https://docs.stripe.com/custom-objects,2
stripe-docs:12,How do I use metadata with Stripe objects?,stripe-docs,colly+md,3,https://docs.stripe.com/changelog/dahlia/2026-03-25/adds-metadata-field-to-credit-,0.6663682231330545,true,metadata,https://docs.stripe.com/changelog/dahlia/2026-03-25/adds-metadata-field-to-credit-,3
stripe-docs:12,How do I use metadata with Stripe objects?,stripe-docs,colly+md,4,https://docs.stripe.com/industry-metadata,0.6347548834358513,true,metadata,https://docs.stripe.com/industry-metadata,4
stripe-docs:12,How do I use metadata with Stripe objects?,stripe-docs,colly+md,5,https://docs.stripe.com/payments/wallets/link,0.6272354804516836,false,metadata,https://docs.stripe.com/payments/wallets/link,5
stripe-docs:13,How do I set up Apple Pay with Stripe?,stripe-docs,colly+md,1,https://docs.stripe.com/apple-pay,0.7476088876123572,true,apple-pay,https://docs.stripe.com/apple-pay,1
stripe-docs:13,How do I set up Apple Pay with Stripe?,stripe-docs,colly+md,2,https://docs.stripe.com/apple-pay/cartes-bancaires,0.7282745026658354,true,apple-pay,https://docs.stripe.com/apple-pay/cartes-bancaires,2
stripe-docs:13,How do I set up Apple Pay with Stripe?,stripe-docs,colly+md,3,https://docs.stripe.com/apple-pay,0.708092508741467,true,apple-pay,https://docs.stripe.com/apple-pay,1
stripe-docs:13,How do I set up Apple Pay with Stripe?,stripe-docs,colly+md,4,https://docs.stripe.com/apple-pay,0.6857159851452074,true,apple-pay,https://docs.stripe.com/apple-pay,1
stripe-docs:13,How do I set up Apple Pay with Stripe?,stripe-docs,colly+md,5,https://docs.stripe.com/apple-pay,0.6788362706203872,true,apple-pay,https://docs.stripe.com/apple-pay,1
stripe-docs:14,How do I issue cards with Stripe Issuing?,stripe-docs,colly+md,1,https://docs.stripe.com/issuing,0.7518922997375543,true,issuing,https://docs.stripe.com/issuing,1
stripe-docs:14,How do I issue cards with Stripe Issuing?,stripe-docs,colly+md,2,https://docs.stripe.com/issuing,0.7240018099734935,true,issuing,https://docs.stripe.com/issuing,1
stripe-docs:14,How do I issue cards with Stripe Issuing?,stripe-docs,colly+md,3,https://docs.stripe.com/issuing/for-your-business,0.690554182532889,true,issuing,https://docs.stripe.com/issuing/for-your-business,2
stripe-docs:14,How do I issue cards with Stripe Issuing?,stripe-docs,colly+md,4,https://docs.stripe.com/payments/cards/overview,0.6886470319933756,false,issuing,https://docs.stripe.com/payments/cards/overview,3
stripe-docs:14,How do I issue cards with Stripe Issuing?,stripe-docs,colly+md,5,https://docs.stripe.com/payments/cards,0.6829514547712922,false,issuing,https://docs.stripe.com/payments/cards,4
stripe-docs:15,How do I recover failed subscription payments?,stripe-docs,colly+md,1,https://docs.stripe.com/payments/pay-with-balance,0.5209791893389522,false,revenue-recovery,https://docs.stripe.com/payments/pay-with-balance,1
stripe-docs:15,How do I recover failed subscription payments?,stripe-docs,colly+md,2,https://docs.stripe.com/payments/pay-with-balance,0.49779449392124714,false,revenue-recovery,https://docs.stripe.com/payments/pay-with-balance,1
stripe-docs:15,How do I recover failed subscription payments?,stripe-docs,colly+md,3,https://docs.stripe.com/billing/subscriptions/change,0.4963046069043228,false,revenue-recovery,https://docs.stripe.com/billing/subscriptions/change,2
stripe-docs:15,How do I recover failed subscription payments?,stripe-docs,colly+md,4,https://docs.stripe.com/api/subscriptions,0.4892636879724183,false,revenue-recovery,https://docs.stripe.com/api/subscriptions,3
stripe-docs:15,How do I recover failed subscription payments?,stripe-docs,colly+md,5,https://docs.stripe.com/billing/revenue-recovery/customer-emails,0.4889807806074308,true,revenue-recovery,https://docs.stripe.com/billing/revenue-recovery/customer-emails,4
stripe-docs:16,How does Stripe handle tax calculation for billing?,stripe-docs,colly+md,1,https://docs.stripe.com/tax/set-up,0.7441443556509724,false,billing/taxes,https://docs.stripe.com/tax/set-up,1
stripe-docs:16,How does Stripe handle tax calculation for billing?,stripe-docs,colly+md,2,https://docs.stripe.com/billing/taxes/migration,0.7175992713245012,true,billing/taxes,https://docs.stripe.com/billing/taxes/migration,2
stripe-docs:16,How does Stripe handle tax calculation for billing?,stripe-docs,colly+md,3,https://docs.stripe.com/tax/reports,0.7167686394297459,false,billing/taxes,https://docs.stripe.com/tax/reports,3
stripe-docs:16,How does Stripe handle tax calculation for billing?,stripe-docs,colly+md,4,https://docs.stripe.com/tax/connect,0.7000665468797272,false,billing/taxes,https://docs.stripe.com/tax/connect,4
stripe-docs:16,How does Stripe handle tax calculation for billing?,stripe-docs,colly+md,5,https://docs.stripe.com/tax/custom,0.6991771707182357,false,billing/taxes,https://docs.stripe.com/tax/custom,5
stripe-docs:17,How do I migrate data to Stripe?,stripe-docs,colly+md,1,https://docs.stripe.com/billing/taxes/migration,0.7710990077178872,false,data-migrations,https://docs.stripe.com/billing/taxes/migration,1
stripe-docs:17,How do I migrate data to Stripe?,stripe-docs,colly+md,2,https://docs.stripe.com/billing/subscriptions/migrate-subscriptions,0.7522037932435769,false,data-migrations,https://docs.stripe.com/billing/subscriptions/migrate-subscriptions,2
stripe-docs:17,How do I migrate data to Stripe?,stripe-docs,colly+md,3,https://docs.stripe.com/payments/checkout/migration,0.7354096464289427,false,data-migrations,https://docs.stripe.com/payments/checkout/migration,3
stripe-docs:17,How do I migrate data to Stripe?,stripe-docs,colly+md,4,https://docs.stripe.com/stripe-data/import-external-data,0.7319898972344908,false,data-migrations,https://docs.stripe.com/stripe-data/import-external-data,4
stripe-docs:17,How do I migrate data to Stripe?,stripe-docs,colly+md,5,https://docs.stripe.com/get-started/data-migrations/overview,0.7089257198971521,true,data-migrations,https://docs.stripe.com/get-started/data-migrations/overview,5
stripe-docs:0,How do I create a payment intent with Stripe?,stripe-docs,playwright,1,https://docs.stripe.com/api/payment_intents/create,0.8462727224289431,false,payment-intent,https://docs.stripe.com/api/payment_intents/create,1
stripe-docs:0,How do I create a payment intent with Stripe?,stripe-docs,playwright,2,https://docs.stripe.com/payments/payment-intents,0.7692446644968755,true,payment-intent,https://docs.stripe.com/payments/payment-intents,2
stripe-docs:0,How do I create a payment intent with Stripe?,stripe-docs,playwright,3,https://docs.stripe.com/payments/accept-a-payment-deferred,0.757882025320607,false,payment-intent,https://docs.stripe.com/payments/accept-a-payment-deferred,3
stripe-docs:0,How do I create a payment intent with Stripe?,stripe-docs,playwright,4,https://docs.stripe.com/api/payment_intents/object,0.7404728171378131,false,payment-intent,https://docs.stripe.com/api/payment_intents/object,4
stripe-docs:0,How do I create a payment intent with Stripe?,stripe-docs,playwright,5,https://docs.stripe.com/api/payment_intents,0.7238138159170172,false,payment-intent,https://docs.stripe.com/api/payment_intents,5
stripe-docs:1,How do I handle webhooks from Stripe?,stripe-docs,playwright,1,https://docs.stripe.com/webhooks/handling-payment-events,0.7887545332989606,true,webhook,https://docs.stripe.com/webhooks/handling-payment-events,1
stripe-docs:1,How do I handle webhooks from Stripe?,stripe-docs,playwright,2,https://docs.stripe.com/billing/subscriptions/webhooks,0.7700176807944875,true,webhook,https://docs.stripe.com/billing/subscriptions/webhooks,2
stripe-docs:1,How do I handle webhooks from Stripe?,stripe-docs,playwright,3,https://docs.stripe.com/webhooks/quickstart,0.7383936107317852,true,webhook,https://docs.stripe.com/webhooks/quickstart,3
stripe-docs:1,How do I handle webhooks from Stripe?,stripe-docs,playwright,4,https://docs.stripe.com/webhooks,0.7192074337300441,true,webhook,https://docs.stripe.com/webhooks,4
stripe-docs:1,How do I handle webhooks from Stripe?,stripe-docs,playwright,5,https://docs.stripe.com/webhooks/handling-payment-events,0.6953682683714278,true,webhook,https://docs.stripe.com/webhooks/handling-payment-events,1
stripe-docs:2,How do I set up Stripe subscriptions?,stripe-docs,playwright,1,https://docs.stripe.com/subscriptions,0.7818590414944877,true,subscription,https://docs.stripe.com/subscriptions,1
stripe-docs:2,How do I set up Stripe subscriptions?,stripe-docs,playwright,2,https://docs.stripe.com/payments/subscriptions,0.7818390025350478,true,subscription,https://docs.stripe.com/payments/subscriptions,2
stripe-docs:2,How do I set up Stripe subscriptions?,stripe-docs,playwright,3,https://docs.stripe.com/billing/subscriptions/build-subscriptions?payment-ui=checkout&ui=stripe-hosted,0.7729370970131896,true,subscription,https://docs.stripe.com/billing/subscriptions/build-subscriptions?payment-ui=checkout&ui=stripe-hosted,3
stripe-docs:2,How do I set up Stripe subscriptions?,stripe-docs,playwright,4,https://docs.stripe.com/billing/subscriptions/build-subscription,0.7729302490852337,true,subscription,https://docs.stripe.com/billing/subscriptions/build-subscription,4
stripe-docs:2,How do I set up Stripe subscriptions?,stripe-docs,playwright,5,https://docs.stripe.com/billing/subscriptions/build-subscriptions,0.7729302490852337,true,subscription,https://docs.stripe.com/billing/subscriptions/build-subscriptions,5
stripe-docs:3,How do I authenticate with the Stripe API?,stripe-docs,playwright,1,https://docs.stripe.com/payments/3d-secure,0.735254693501155,false,authentication,https://docs.stripe.com/payments/3d-secure,1
stripe-docs:3,How do I authenticate with the Stripe API?,stripe-docs,playwright,2,https://docs.stripe.com/payments/without-card-authentication,0.7014147959731176,true,authentication,https://docs.stripe.com/payments/without-card-authentication,2
stripe-docs:3,How do I authenticate with the Stripe API?,stripe-docs,playwright,3,https://docs.stripe.com/payments/mobile/without-card-authentication,0.7013403955178356,true,authentication,https://docs.stripe.com/payments/mobile/without-card-authentication,3
stripe-docs:3,How do I authenticate with the Stripe API?,stripe-docs,playwright,4,https://docs.stripe.com/samples/identity/redirect,0.6942839502918482,false,authentication,https://docs.stripe.com/samples/identity/redirect,4
stripe-docs:3,How do I authenticate with the Stripe API?,stripe-docs,playwright,5,https://docs.stripe.com/strong-customer-authentication,0.6844063184956292,true,authentication,https://docs.stripe.com/strong-customer-authentication,5
stripe-docs:4,How do I handle errors in the Stripe API?,stripe-docs,playwright,1,https://docs.stripe.com/api/events,0.6015624026033697,false,error-handling,https://docs.stripe.com/api/events,1
stripe-docs:4,How do I handle errors in the Stripe API?,stripe-docs,playwright,2,https://docs.stripe.com/disputes/responding,0.5999418363821944,false,error-handling,https://docs.stripe.com/disputes/responding,2
stripe-docs:4,How do I handle errors in the Stripe API?,stripe-docs,playwright,3,https://docs.stripe.com/api/refunds,0.595899092412311,false,error-handling,https://docs.stripe.com/api/refunds,3
stripe-docs:4,How do I handle errors in the Stripe API?,stripe-docs,playwright,4,https://docs.stripe.com/payments/without-card-authentication,0.593186746739083,false,error-handling,https://docs.stripe.com/payments/without-card-authentication,4
stripe-docs:4,How do I handle errors in the Stripe API?,stripe-docs,playwright,5,https://docs.stripe.com/disputes,0.5883360387244067,false,error-handling,https://docs.stripe.com/disputes,5
stripe-docs:5,How do I process refunds with Stripe?,stripe-docs,playwright,1,https://docs.stripe.com/api/refunds,0.7781810869605034,true,refund,https://docs.stripe.com/api/refunds,1
stripe-docs:5,How do I process refunds with Stripe?,stripe-docs,playwright,2,https://docs.stripe.com/refunds,0.7135161272670066,true,refund,https://docs.stripe.com/refunds,2
stripe-docs:5,How do I process refunds with Stripe?,stripe-docs,playwright,3,https://docs.stripe.com/billing/subscriptions/third-party-payment-processing,0.6594983064185291,false,refund,https://docs.stripe.com/billing/subscriptions/third-party-payment-processing,3
stripe-docs:5,How do I process refunds with Stripe?,stripe-docs,playwright,4,https://docs.stripe.com/refunds,0.6557771190265754,true,refund,https://docs.stripe.com/refunds,2
stripe-docs:5,How do I process refunds with Stripe?,stripe-docs,playwright,5,https://docs.stripe.com/payments/affirm,0.6359511837025216,false,refund,https://docs.stripe.com/payments/affirm,4
stripe-docs:6,How do I use Stripe checkout for payments?,stripe-docs,playwright,1,https://docs.stripe.com/payments/online-payments,0.7313926924569591,false,checkout,https://docs.stripe.com/payments/online-payments,1
stripe-docs:6,How do I use Stripe checkout for payments?,stripe-docs,playwright,2,https://docs.stripe.com/payments/upi,0.708296666267838,false,checkout,https://docs.stripe.com/payments/upi,2
stripe-docs:6,How do I use Stripe checkout for payments?,stripe-docs,playwright,3,https://docs.stripe.com/payments/checkout/how-checkout-works,0.6999211598984267,true,checkout,https://docs.stripe.com/payments/checkout/how-checkout-works,3
stripe-docs:6,How do I use Stripe checkout for payments?,stripe-docs,playwright,4,https://docs.stripe.com/payments/use-cases/get-started,0.6981497952786372,false,checkout,https://docs.stripe.com/payments/use-cases/get-started,4
stripe-docs:6,How do I use Stripe checkout for payments?,stripe-docs,playwright,5,https://docs.stripe.com/payments/checkout,0.6980317350178481,true,checkout,https://docs.stripe.com/payments/checkout,5
stripe-docs:7,How do I test Stripe payments in development?,stripe-docs,playwright,1,https://docs.stripe.com/get-started/development-environment,0.7063536280894841,false,testing,https://docs.stripe.com/get-started/development-environment,1
stripe-docs:7,How do I test Stripe payments in development?,stripe-docs,playwright,2,https://docs.stripe.com/financial-connections/testing,0.6870516330079349,true,testing,https://docs.stripe.com/financial-connections/testing,2
stripe-docs:7,How do I test Stripe payments in development?,stripe-docs,playwright,3,https://docs.stripe.com/testing,0.6755548686025707,true,testing,https://docs.stripe.com/testing,3
stripe-docs:7,How do I test Stripe payments in development?,stripe-docs,playwright,4,https://docs.stripe.com/get-started/test-developer-integration,0.6747352182983151,false,testing,https://docs.stripe.com/get-started/test-developer-integration,4
stripe-docs:7,How do I test Stripe payments in development?,stripe-docs,playwright,5,https://docs.stripe.com/payments/a-b-testing,0.6712492679717781,true,testing,https://docs.stripe.com/payments/a-b-testing,5
stripe-docs:8,What are Stripe Connect and platform payments?,stripe-docs,playwright,1,https://docs.stripe.com/connect,0.7589746710294187,true,connect,https://docs.stripe.com/connect,1
stripe-docs:8,What are Stripe Connect and platform payments?,stripe-docs,playwright,2,https://docs.stripe.com/connect/build-full-embedded-integration,0.755812234830361,true,connect,https://docs.stripe.com/connect/build-full-embedded-integration,2
stripe-docs:8,What are Stripe Connect and platform payments?,stripe-docs,playwright,3,https://docs.stripe.com/connect,0.7133328041586517,true,connect,https://docs.stripe.com/connect,1
stripe-docs:8,What are Stripe Connect and platform payments?,stripe-docs,playwright,4,https://docs.stripe.com/connect,0.7074399073778542,true,connect,https://docs.stripe.com/connect,1
stripe-docs:8,What are Stripe Connect and platform payments?,stripe-docs,playwright,5,https://docs.stripe.com/connect/subscriptions,0.6976785795318341,true,connect,https://docs.stripe.com/connect/subscriptions,3
stripe-docs:9,How do I set up usage-based billing with Stripe?,stripe-docs,playwright,1,https://docs.stripe.com/tax/set-up,0.6708091997574577,false,usage-based,https://docs.stripe.com/tax/set-up,1
stripe-docs:9,How do I set up usage-based billing with Stripe?,stripe-docs,playwright,2,https://docs.stripe.com/billing,0.6610890991285286,false,usage-based,https://docs.stripe.com/billing,2
stripe-docs:9,How do I set up usage-based billing with Stripe?,stripe-docs,playwright,3,https://docs.stripe.com/llms.txt,0.6561325358660526,false,usage-based,https://docs.stripe.com/llms.txt,3
stripe-docs:9,How do I set up usage-based billing with Stripe?,stripe-docs,playwright,4,https://docs.stripe.com/billing/billing-apis,0.6473181186438215,false,usage-based,https://docs.stripe.com/billing/billing-apis,4
stripe-docs:9,How do I set up usage-based billing with Stripe?,stripe-docs,playwright,5,https://docs.stripe.com/connect/subscriptions,0.6375046554685219,false,usage-based,https://docs.stripe.com/connect/subscriptions,5
stripe-docs:10,How do I manage Stripe API keys?,stripe-docs,playwright,1,https://docs.stripe.com/keys-best-practices,0.8317877488371314,true,keys,https://docs.stripe.com/keys-best-practices,1
stripe-docs:10,How do I manage Stripe API keys?,stripe-docs,playwright,2,https://docs.stripe.com/keys,0.7244391928777607,true,keys,https://docs.stripe.com/keys,2
stripe-docs:10,How do I manage Stripe API keys?,stripe-docs,playwright,3,https://docs.stripe.com/keys,0.7046439017824246,true,keys,https://docs.stripe.com/keys,2
stripe-docs:10,How do I manage Stripe API keys?,stripe-docs,playwright,4,https://docs.stripe.com/keys-best-practices,0.7043334890422632,true,keys,https://docs.stripe.com/keys-best-practices,1
stripe-docs:10,How do I manage Stripe API keys?,stripe-docs,playwright,5,https://docs.stripe.com/keys-best-practices,0.6999448155957371,true,keys,https://docs.stripe.com/keys-best-practices,1
stripe-docs:11,How do I handle Stripe rate limits?,stripe-docs,playwright,1,https://docs.stripe.com/tax/tax-rates,0.6245285987104356,false,rate-limits,https://docs.stripe.com/tax/tax-rates,1
stripe-docs:11,How do I handle Stripe rate limits?,stripe-docs,playwright,2,https://docs.stripe.com/money-management,0.6081132755064292,false,rate-limits,https://docs.stripe.com/money-management,2
stripe-docs:11,How do I handle Stripe rate limits?,stripe-docs,playwright,3,https://docs.stripe.com/global-payouts/pricing,0.6026686644853859,false,rate-limits,https://docs.stripe.com/global-payouts/pricing,3
stripe-docs:11,How do I handle Stripe rate limits?,stripe-docs,playwright,4,https://docs.stripe.com/billing/subscriptions/pause,0.5880669502601805,false,rate-limits,https://docs.stripe.com/billing/subscriptions/pause,4
stripe-docs:11,How do I handle Stripe rate limits?,stripe-docs,playwright,5,https://docs.stripe.com/payments/pay-with-balance,0.5870058972446645,false,rate-limits,https://docs.stripe.com/payments/pay-with-balance,5
stripe-docs:12,How do I use metadata with Stripe objects?,stripe-docs,playwright,1,https://docs.stripe.com/api,0.730160134524499,false,metadata,https://docs.stripe.com/api,1
stripe-docs:12,How do I use metadata with Stripe objects?,stripe-docs,playwright,2,https://docs.stripe.com/custom-objects,0.675764204890495,false,metadata,https://docs.stripe.com/custom-objects,2
stripe-docs:12,How do I use metadata with Stripe objects?,stripe-docs,playwright,3,https://docs.stripe.com/api,0.6389322132133554,false,metadata,https://docs.stripe.com/api,1
stripe-docs:12,How do I use metadata with Stripe objects?,stripe-docs,playwright,4,https://docs.stripe.com/billing/subscriptions/analytics,0.6358631536722389,false,metadata,https://docs.stripe.com/billing/subscriptions/analytics,3
stripe-docs:12,How do I use metadata with Stripe objects?,stripe-docs,playwright,5,https://docs.stripe.com/industry-metadata,0.6347548834358513,true,metadata,https://docs.stripe.com/industry-metadata,4
stripe-docs:13,How do I set up Apple Pay with Stripe?,stripe-docs,playwright,1,https://docs.stripe.com/apple-pay,0.7476004830714755,true,apple-pay,https://docs.stripe.com/apple-pay,1
stripe-docs:13,How do I set up Apple Pay with Stripe?,stripe-docs,playwright,2,https://docs.stripe.com/apple-pay,0.6961900036162109,true,apple-pay,https://docs.stripe.com/apple-pay,1
stripe-docs:13,How do I set up Apple Pay with Stripe?,stripe-docs,playwright,3,https://docs.stripe.com/apple-pay,0.6881560016009898,true,apple-pay,https://docs.stripe.com/apple-pay,1
stripe-docs:13,How do I set up Apple Pay with Stripe?,stripe-docs,playwright,4,https://docs.stripe.com/apple-pay,0.6814354953720073,true,apple-pay,https://docs.stripe.com/apple-pay,1
stripe-docs:13,How do I set up Apple Pay with Stripe?,stripe-docs,playwright,5,https://docs.stripe.com/terminal/payments/setup-reader/tap-to-pay,0.6666510040872481,false,apple-pay,https://docs.stripe.com/terminal/payments/setup-reader/tap-to-pay,2
stripe-docs:14,How do I issue cards with Stripe Issuing?,stripe-docs,playwright,1,https://docs.stripe.com/issuing,0.7519203313681484,true,issuing,https://docs.stripe.com/issuing,1
stripe-docs:14,How do I issue cards with Stripe Issuing?,stripe-docs,playwright,2,https://docs.stripe.com/llms.txt,0.7501040654770126,false,issuing,https://docs.stripe.com/llms.txt,2
stripe-docs:14,How do I issue cards with Stripe Issuing?,stripe-docs,playwright,3,https://docs.stripe.com/issuing/stablecoin-cards-for-financial-accounts,0.7411976904995892,true,issuing,https://docs.stripe.com/issuing/stablecoin-cards-for-financial-accounts,3
stripe-docs:14,How do I issue cards with Stripe Issuing?,stripe-docs,playwright,4,https://docs.stripe.com/issuing,0.7241153070613957,true,issuing,https://docs.stripe.com/issuing,1
stripe-docs:14,How do I issue cards with Stripe Issuing?,stripe-docs,playwright,5,https://docs.stripe.com/issuing/connect,0.6950928251307253,true,issuing,https://docs.stripe.com/issuing/connect,4
stripe-docs:15,How do I recover failed subscription payments?,stripe-docs,playwright,1,https://docs.stripe.com/billing/collection-method,0.5756153730853966,false,revenue-recovery,https://docs.stripe.com/billing/collection-method,1
stripe-docs:15,How do I recover failed subscription payments?,stripe-docs,playwright,2,https://docs.stripe.com/payments/pay-with-balance,0.5209791893389522,false,revenue-recovery,https://docs.stripe.com/payments/pay-with-balance,2
stripe-docs:15,How do I recover failed subscription payments?,stripe-docs,playwright,3,https://docs.stripe.com/billing/subscriptions/cancel,0.5206482664118226,false,revenue-recovery,https://docs.stripe.com/billing/subscriptions/cancel,3
stripe-docs:15,How do I recover failed subscription payments?,stripe-docs,playwright,4,https://docs.stripe.com/billing/collection-method,0.51924993418862,false,revenue-recovery,https://docs.stripe.com/billing/collection-method,1
stripe-docs:15,How do I recover failed subscription payments?,stripe-docs,playwright,5,https://docs.stripe.com/billing/subscriptions/webhooks,0.5132242283832165,false,revenue-recovery,https://docs.stripe.com/billing/subscriptions/webhooks,4
stripe-docs:16,How does Stripe handle tax calculation for billing?,stripe-docs,playwright,1,https://docs.stripe.com/tax/set-up,0.7441443556509724,false,billing/taxes,https://docs.stripe.com/tax/set-up,1
stripe-docs:16,How does Stripe handle tax calculation for billing?,stripe-docs,playwright,2,https://docs.stripe.com/billing/taxes/migration,0.7175992713245012,true,billing/taxes,https://docs.stripe.com/billing/taxes/migration,2
stripe-docs:16,How does Stripe handle tax calculation for billing?,stripe-docs,playwright,3,https://docs.stripe.com/tax/reports,0.7167686394297459,false,billing/taxes,https://docs.stripe.com/tax/reports,3
stripe-docs:16,How does Stripe handle tax calculation for billing?,stripe-docs,playwright,4,https://docs.stripe.com/atlas/business-taxes,0.7037494027040787,false,billing/taxes,https://docs.stripe.com/atlas/business-taxes,4
stripe-docs:16,How does Stripe handle tax calculation for billing?,stripe-docs,playwright,5,https://docs.stripe.com/tax/connect,0.6999858405774803,false,billing/taxes,https://docs.stripe.com/tax/connect,5
stripe-docs:17,How do I migrate data to Stripe?,stripe-docs,playwright,1,https://docs.stripe.com/billing/taxes/migration,0.7710990077178872,false,data-migrations,https://docs.stripe.com/billing/taxes/migration,1
stripe-docs:17,How do I migrate data to Stripe?,stripe-docs,playwright,2,https://docs.stripe.com/billing/subscriptions/migrate-subscriptions,0.7522037932435769,false,data-migrations,https://docs.stripe.com/billing/subscriptions/migrate-subscriptions,2
stripe-docs:17,How do I migrate data to Stripe?,stripe-docs,playwright,3,https://docs.stripe.com/payments/checkout/migration,0.7354096464289427,false,data-migrations,https://docs.stripe.com/payments/checkout/migration,3
stripe-docs:17,How do I migrate data to Stripe?,stripe-docs,playwright,4,https://docs.stripe.com/stripe-data/import-external-data,0.7319898972344908,false,data-migrations,https://docs.stripe.com/stripe-data/import-external-data,4
stripe-docs:17,How do I migrate data to Stripe?,stripe-docs,playwright,5,https://docs.stripe.com/get-started/data-migrations/overview,0.7166147992403591,true,data-migrations,https://docs.stripe.com/get-started/data-migrations/overview,5
huggingface-transformers:0,How do I use the Pipeline class for inference in Transformers?,huggingface-transformers,markcrawl,1,https://huggingface.co/docs/transformers/pipeline_tutorial,0.636333902692121,true,pipeline_tutorial,https://huggingface.co/docs/transformers/pipeline_tutorial,1
huggingface-transformers:0,How do I use the Pipeline class for inference in Transformers?,huggingface-transformers,markcrawl,2,https://huggingface.co/docs/transformers/v5.8.0/en/pipeline_tutorial,0.636333902692121,true,pipeline_tutorial,https://huggingface.co/docs/transformers/v5.8.0/en/pipeline_tutorial,2
huggingface-transformers:0,How do I use the Pipeline class for inference in Transformers?,huggingface-transformers,markcrawl,3,https://huggingface.co/docs/transformers/v5.8.0/en/main_classes/pipelines,0.6232124382140453,false,pipeline_tutorial,https://huggingface.co/docs/transformers/v5.8.0/en/main_classes/pipelines,3
huggingface-transformers:0,How do I use the Pipeline class for inference in Transformers?,huggingface-transformers,markcrawl,4,https://huggingface.co/docs/transformers/v5.8.0/en/main_classes/pipelines,0.5784271529299913,false,pipeline_tutorial,https://huggingface.co/docs/transformers/v5.8.0/en/main_classes/pipelines,3
huggingface-transformers:0,How do I use the Pipeline class for inference in Transformers?,huggingface-transformers,markcrawl,5,https://huggingface.co/docs/transformers/v5.8.0/en/pipeline_tutorial,0.567866064341422,true,pipeline_tutorial,https://huggingface.co/docs/transformers/v5.8.0/en/pipeline_tutorial,2
huggingface-transformers:1,How do I train a model with the Hugging Face Trainer?,huggingface-transformers,markcrawl,1,https://huggingface.co/docs/transformers/v5.8.0/en/trainer,0.5601938705202887,true,trainer,https://huggingface.co/docs/transformers/v5.8.0/en/trainer,1
huggingface-transformers:1,How do I train a model with the Hugging Face Trainer?,huggingface-transformers,markcrawl,2,https://huggingface.co/docs/transformers/trainer,0.5601938705202887,true,trainer,https://huggingface.co/docs/transformers/trainer,2
huggingface-transformers:1,How do I train a model with the Hugging Face Trainer?,huggingface-transformers,markcrawl,3,https://huggingface.co/docs/transformers/v5.8.0/en/index,0.5344069164103846,false,trainer,https://huggingface.co/docs/transformers/v5.8.0/en/index,3
huggingface-transformers:1,How do I train a model with the Hugging Face Trainer?,huggingface-transformers,markcrawl,4,https://huggingface.co/docs/transformers/index,0.5344069164103846,false,trainer,https://huggingface.co/docs/transformers/index,4
huggingface-transformers:1,How do I train a model with the Hugging Face Trainer?,huggingface-transformers,markcrawl,5,https://huggingface.co/docs/transformers/main/en/index,0.5344069164103846,false,trainer,https://huggingface.co/docs/transformers/main/en/index,5
huggingface-transformers:2,How do I generate text with a large language model?,huggingface-transformers,markcrawl,1,https://huggingface.co/docs/transformers/llm_tutorial,0.5474109977704956,true,llm_tutorial,https://huggingface.co/docs/transformers/llm_tutorial,1
huggingface-transformers:2,How do I generate text with a large language model?,huggingface-transformers,markcrawl,2,https://huggingface.co/docs/transformers/v5.8.0/en/tasks/language_modeling,0.5312283594855813,false,llm_tutorial,https://huggingface.co/docs/transformers/v5.8.0/en/tasks/language_modeling,2
huggingface-transformers:2,How do I generate text with a large language model?,huggingface-transformers,markcrawl,3,https://huggingface.co/docs/transformers/llm_tutorial,0.5135734523136377,true,llm_tutorial,https://huggingface.co/docs/transformers/llm_tutorial,1
huggingface-transformers:2,How do I generate text with a large language model?,huggingface-transformers,markcrawl,4,https://huggingface.co/docs/transformers/v5.8.0/en/conversations,0.4974067778125386,false,llm_tutorial,https://huggingface.co/docs/transformers/v5.8.0/en/conversations,3
huggingface-transformers:2,How do I generate text with a large language model?,huggingface-transformers,markcrawl,5,https://huggingface.co/docs/transformers/v5.8.0/en/model_doc/megatron_gpt2,0.495915552114185,false,llm_tutorial,https://huggingface.co/docs/transformers/v5.8.0/en/model_doc/megatron_gpt2,4
huggingface-transformers:3,What are the design principles behind the Transformers library?,huggingface-transformers,markcrawl,1,https://huggingface.co/docs/transformers/v5.8.0/en/philosophy,0.6056550825036063,true,philosophy,https://huggingface.co/docs/transformers/v5.8.0/en/philosophy,1
huggingface-transformers:3,What are the design principles behind the Transformers library?,huggingface-transformers,markcrawl,2,https://huggingface.co/docs/transformers/philosophy,0.6056550825036063,true,philosophy,https://huggingface.co/docs/transformers/philosophy,2
huggingface-transformers:3,What are the design principles behind the Transformers library?,huggingface-transformers,markcrawl,3,https://huggingface.co/docs/transformers/index,0.5881027549786949,false,philosophy,https://huggingface.co/docs/transformers/index,3
huggingface-transformers:3,What are the design principles behind the Transformers library?,huggingface-transformers,markcrawl,4,https://huggingface.co/docs/transformers/v5.8.0/en/index,0.5881027549786949,false,philosophy,https://huggingface.co/docs/transformers/v5.8.0/en/index,4
huggingface-transformers:3,What are the design principles behind the Transformers library?,huggingface-transformers,markcrawl,5,https://huggingface.co/docs/transformers/main/en/index,0.5777951417350282,false,philosophy,https://huggingface.co/docs/transformers/main/en/index,5
huggingface-transformers:4,What models are supported in the Transformers library?,huggingface-transformers,markcrawl,1,https://huggingface.co/docs/transformers/index,0.648073498370734,false,models_timeline,https://huggingface.co/docs/transformers/index,1
huggingface-transformers:4,What models are supported in the Transformers library?,huggingface-transformers,markcrawl,2,https://huggingface.co/docs/transformers/v5.8.0/en/index,0.648073498370734,false,models_timeline,https://huggingface.co/docs/transformers/v5.8.0/en/index,2
huggingface-transformers:4,What models are supported in the Transformers library?,huggingface-transformers,markcrawl,3,https://huggingface.co/docs/transformers/main/en/index,0.6418124846654052,false,models_timeline,https://huggingface.co/docs/transformers/main/en/index,3
huggingface-transformers:4,What models are supported in the Transformers library?,huggingface-transformers,markcrawl,4,https://huggingface.co/docs/transformers/models_timeline,0.6026199719407759,true,models_timeline,https://huggingface.co/docs/transformers/models_timeline,4
huggingface-transformers:4,What models are supported in the Transformers library?,huggingface-transformers,markcrawl,5,https://huggingface.co/docs/transformers/v5.8.0/en/models_timeline,0.6026199719407759,true,models_timeline,https://huggingface.co/docs/transformers/v5.8.0/en/models_timeline,5
huggingface-transformers:5,What is the Pipeline API reference in Transformers?,huggingface-transformers,markcrawl,1,https://huggingface.co/docs/transformers/v5.8.0/en/main_classes/pipelines,0.6750986302945099,true,main_classes/pipelines,https://huggingface.co/docs/transformers/v5.8.0/en/main_classes/pipelines,1
huggingface-transformers:5,What is the Pipeline API reference in Transformers?,huggingface-transformers,markcrawl,2,https://huggingface.co/docs/transformers/pipeline_tutorial,0.6624628200564292,false,main_classes/pipelines,https://huggingface.co/docs/transformers/pipeline_tutorial,2
huggingface-transformers:5,What is the Pipeline API reference in Transformers?,huggingface-transformers,markcrawl,3,https://huggingface.co/docs/transformers/v5.8.0/en/pipeline_tutorial,0.6624628200564292,false,main_classes/pipelines,https://huggingface.co/docs/transformers/v5.8.0/en/pipeline_tutorial,3
huggingface-transformers:5,What is the Pipeline API reference in Transformers?,huggingface-transformers,markcrawl,4,https://huggingface.co/docs/transformers/pipeline_tutorial,0.5866969842357773,false,main_classes/pipelines,https://huggingface.co/docs/transformers/pipeline_tutorial,2
huggingface-transformers:5,What is the Pipeline API reference in Transformers?,huggingface-transformers,markcrawl,5,https://huggingface.co/docs/transformers/v5.8.0/en/pipeline_tutorial,0.5866969842357773,false,main_classes/pipelines,https://huggingface.co/docs/transformers/v5.8.0/en/pipeline_tutorial,3
huggingface-transformers:6,What does the Trainer class support for distributed training?,huggingface-transformers,markcrawl,1,https://huggingface.co/docs/transformers/v5.8.0/en/main_classes/trainer,0.5710651167333028,true,main_classes/trainer,https://huggingface.co/docs/transformers/v5.8.0/en/main_classes/trainer,1
huggingface-transformers:6,What does the Trainer class support for distributed training?,huggingface-transformers,markcrawl,2,https://huggingface.co/docs/transformers/v5.8.0/en/trainer,0.5488001488913834,false,main_classes/trainer,https://huggingface.co/docs/transformers/v5.8.0/en/trainer,2
huggingface-transformers:6,What does the Trainer class support for distributed training?,huggingface-transformers,markcrawl,3,https://huggingface.co/docs/transformers/trainer,0.5488001488913834,false,main_classes/trainer,https://huggingface.co/docs/transformers/trainer,3
huggingface-transformers:6,What does the Trainer class support for distributed training?,huggingface-transformers,markcrawl,4,https://huggingface.co/docs/transformers/v5.8.0/en/trainer_customize,0.519250772751003,false,main_classes/trainer,https://huggingface.co/docs/transformers/v5.8.0/en/trainer_customize,4
huggingface-transformers:6,What does the Trainer class support for distributed training?,huggingface-transformers,markcrawl,5,https://huggingface.co/docs/transformers/v5.8.0/en/main_classes/trainer,0.4948104291010105,true,main_classes/trainer,https://huggingface.co/docs/transformers/v5.8.0/en/main_classes/trainer,1
huggingface-transformers:7,What is the Hugging Face Transformers library?,huggingface-transformers,markcrawl,1,https://huggingface.co/docs/transformers/index,0.5729039531828237,true,transformers/index,https://huggingface.co/docs/transformers/index,1
huggingface-transformers:7,What is the Hugging Face Transformers library?,huggingface-transformers,markcrawl,2,https://huggingface.co/docs/transformers/v5.8.0/en/index,0.5729039531828237,false,transformers/index,https://huggingface.co/docs/transformers/v5.8.0/en/index,2
huggingface-transformers:7,What is the Hugging Face Transformers library?,huggingface-transformers,markcrawl,3,https://huggingface.co/docs/transformers/v5.8.0/en/model_doc/paligemma,0.5709395189121292,false,transformers/index,https://huggingface.co/docs/transformers/v5.8.0/en/model_doc/paligemma,3
huggingface-transformers:7,What is the Hugging Face Transformers library?,huggingface-transformers,markcrawl,4,https://huggingface.co/docs/transformers/v5.8.0/en/model_doc/pegasus_x,0.5684689509547284,false,transformers/index,https://huggingface.co/docs/transformers/v5.8.0/en/model_doc/pegasus_x,4
huggingface-transformers:7,What is the Hugging Face Transformers library?,huggingface-transformers,markcrawl,5,https://huggingface.co/docs/transformers/v5.8.0/en/model_doc/mt5,0.5671178900159003,false,transformers/index,https://huggingface.co/docs/transformers/v5.8.0/en/model_doc/mt5,5
huggingface-transformers:0,How do I use the Pipeline class for inference in Transformers?,huggingface-transformers,crawl4ai-raw,1,https://huggingface.co/docs/transformers/index,0.5196826816849169,false,pipeline_tutorial,https://huggingface.co/docs/transformers/index,1
huggingface-transformers:0,How do I use the Pipeline class for inference in Transformers?,huggingface-transformers,crawl4ai-raw,2,https://huggingface.co/docs/transformers/index,0.45526771809373084,false,pipeline_tutorial,https://huggingface.co/docs/transformers/index,1
huggingface-transformers:0,How do I use the Pipeline class for inference in Transformers?,huggingface-transformers,crawl4ai-raw,3,https://huggingface.co/docs/transformers/index,0.4527420096357179,false,pipeline_tutorial,https://huggingface.co/docs/transformers/index,1
huggingface-transformers:0,How do I use the Pipeline class for inference in Transformers?,huggingface-transformers,crawl4ai-raw,4,https://huggingface.co/docs/transformers/installation,0.45238388046319356,false,pipeline_tutorial,https://huggingface.co/docs/transformers/installation,2
huggingface-transformers:0,How do I use the Pipeline class for inference in Transformers?,huggingface-transformers,crawl4ai-raw,5,https://huggingface.co/docs/transformers/installation,0.4515621860668328,false,pipeline_tutorial,https://huggingface.co/docs/transformers/installation,2
huggingface-transformers:1,How do I train a model with the Hugging Face Trainer?,huggingface-transformers,crawl4ai-raw,1,https://huggingface.co/join,0.5714372986919404,false,trainer,https://huggingface.co/join,1
huggingface-transformers:1,How do I train a model with the Hugging Face Trainer?,huggingface-transformers,crawl4ai-raw,2,https://huggingface.co/google/gemma-4-26B-A4B-it,0.5662051391424646,false,trainer,https://huggingface.co/google/gemma-4-26b-a4b-it,2
huggingface-transformers:1,How do I train a model with the Hugging Face Trainer?,huggingface-transformers,crawl4ai-raw,3,https://huggingface.co/docs/transformers/installation,0.5618346701151383,false,trainer,https://huggingface.co/docs/transformers/installation,3
huggingface-transformers:1,How do I train a model with the Hugging Face Trainer?,huggingface-transformers,crawl4ai-raw,4,https://huggingface.co/docs,0.5586266371953197,false,trainer,https://huggingface.co/docs,4
huggingface-transformers:1,How do I train a model with the Hugging Face Trainer?,huggingface-transformers,crawl4ai-raw,5,https://huggingface.co/docs/transformers/index,0.5517414413285432,false,trainer,https://huggingface.co/docs/transformers/index,5
huggingface-transformers:2,How do I generate text with a large language model?,huggingface-transformers,crawl4ai-raw,1,https://huggingface.co/unsloth/Qwen3.5-35B-A3B-GGUF,0.4987791230266707,false,llm_tutorial,https://huggingface.co/unsloth/qwen3.5-35b-a3b-gguf,1
huggingface-transformers:2,How do I generate text with a large language model?,huggingface-transformers,crawl4ai-raw,2,https://huggingface.co/unsloth/Qwen3.5-9B-GGUF,0.4987791230266707,false,llm_tutorial,https://huggingface.co/unsloth/qwen3.5-9b-gguf,2
huggingface-transformers:2,How do I generate text with a large language model?,huggingface-transformers,crawl4ai-raw,3,https://huggingface.co/google/gemma-4-26B-A4B-it,0.49331170751200254,false,llm_tutorial,https://huggingface.co/google/gemma-4-26b-a4b-it,3
huggingface-transformers:2,How do I generate text with a large language model?,huggingface-transformers,crawl4ai-raw,4,https://huggingface.co/unsloth/Qwen3.5-35B-A3B-GGUF,0.48944517342142196,false,llm_tutorial,https://huggingface.co/unsloth/qwen3.5-35b-a3b-gguf,1
huggingface-transformers:2,How do I generate text with a large language model?,huggingface-transformers,crawl4ai-raw,5,https://huggingface.co/unsloth/Qwen3.5-9B-GGUF,0.48375831532444913,false,llm_tutorial,https://huggingface.co/unsloth/qwen3.5-9b-gguf,2
huggingface-transformers:3,What are the design principles behind the Transformers library?,huggingface-transformers,crawl4ai-raw,1,https://huggingface.co/docs/transformers/index,0.5885568869776491,false,philosophy,https://huggingface.co/docs/transformers/index,1
huggingface-transformers:3,What are the design principles behind the Transformers library?,huggingface-transformers,crawl4ai-raw,2,https://huggingface.co/docs/transformers/index,0.5819989266072895,false,philosophy,https://huggingface.co/docs/transformers/index,1
huggingface-transformers:3,What are the design principles behind the Transformers library?,huggingface-transformers,crawl4ai-raw,3,https://huggingface.co/docs/transformers/index,0.502798854645206,false,philosophy,https://huggingface.co/docs/transformers/index,1
huggingface-transformers:3,What are the design principles behind the Transformers library?,huggingface-transformers,crawl4ai-raw,4,https://huggingface.co/docs/transformers/installation,0.49669018369217544,false,philosophy,https://huggingface.co/docs/transformers/installation,2
huggingface-transformers:3,What are the design principles behind the Transformers library?,huggingface-transformers,crawl4ai-raw,5,https://huggingface.co/docs,0.4740100145560161,false,philosophy,https://huggingface.co/docs,3
huggingface-transformers:4,What models are supported in the Transformers library?,huggingface-transformers,crawl4ai-raw,1,https://huggingface.co/docs/transformers/index,0.6340834885200745,false,models_timeline,https://huggingface.co/docs/transformers/index,1
huggingface-transformers:4,What models are supported in the Transformers library?,huggingface-transformers,crawl4ai-raw,2,https://huggingface.co/docs/transformers/index,0.5625920512926031,false,models_timeline,https://huggingface.co/docs/transformers/index,1
huggingface-transformers:4,What models are supported in the Transformers library?,huggingface-transformers,crawl4ai-raw,3,https://huggingface.co/docs/transformers/index,0.5560540634479623,false,models_timeline,https://huggingface.co/docs/transformers/index,1
huggingface-transformers:4,What models are supported in the Transformers library?,huggingface-transformers,crawl4ai-raw,4,https://huggingface.co/docs/transformers/installation,0.5558283167231607,false,models_timeline,https://huggingface.co/docs/transformers/installation,2
huggingface-transformers:4,What models are supported in the Transformers library?,huggingface-transformers,crawl4ai-raw,5,https://huggingface.co/docs,0.5129451990310061,false,models_timeline,https://huggingface.co/docs,3
huggingface-transformers:5,What is the Pipeline API reference in Transformers?,huggingface-transformers,crawl4ai-raw,1,https://huggingface.co/docs/transformers/index,0.5747431832905613,false,main_classes/pipelines,https://huggingface.co/docs/transformers/index,1
huggingface-transformers:5,What is the Pipeline API reference in Transformers?,huggingface-transformers,crawl4ai-raw,2,https://huggingface.co/docs/transformers/index,0.5330547497580194,false,main_classes/pipelines,https://huggingface.co/docs/transformers/index,1
huggingface-transformers:5,What is the Pipeline API reference in Transformers?,huggingface-transformers,crawl4ai-raw,3,https://huggingface.co/docs/transformers/installation,0.5289560444074343,false,main_classes/pipelines,https://huggingface.co/docs/transformers/installation,2
huggingface-transformers:5,What is the Pipeline API reference in Transformers?,huggingface-transformers,crawl4ai-raw,4,https://huggingface.co/docs/transformers/installation,0.5157420243677606,false,main_classes/pipelines,https://huggingface.co/docs/transformers/installation,2
huggingface-transformers:5,What is the Pipeline API reference in Transformers?,huggingface-transformers,crawl4ai-raw,5,https://discuss.huggingface.co/c/transformers/9,0.49326883858990755,false,main_classes/pipelines,https://discuss.huggingface.co/c/transformers/9,3
huggingface-transformers:6,What does the Trainer class support for distributed training?,huggingface-transformers,crawl4ai-raw,1,https://huggingface.co/docs/transformers/index,0.3984146825996945,false,main_classes/trainer,https://huggingface.co/docs/transformers/index,1
huggingface-transformers:6,What does the Trainer class support for distributed training?,huggingface-transformers,crawl4ai-raw,2,https://huggingface.co/docs,0.3679264493018281,false,main_classes/trainer,https://huggingface.co/docs,2
huggingface-transformers:6,What does the Trainer class support for distributed training?,huggingface-transformers,crawl4ai-raw,3,https://discuss.huggingface.co/u/dinods,0.3571354823811559,false,main_classes/trainer,https://discuss.huggingface.co/u/dinods,3
huggingface-transformers:6,What does the Trainer class support for distributed training?,huggingface-transformers,crawl4ai-raw,4,https://huggingface.co/unsloth/Qwen3.5-35B-A3B-GGUF,0.3444792452317791,false,main_classes/trainer,https://huggingface.co/unsloth/qwen3.5-35b-a3b-gguf,4
huggingface-transformers:6,What does the Trainer class support for distributed training?,huggingface-transformers,crawl4ai-raw,5,https://huggingface.co/docs/transformers/index,0.34317831988174163,false,main_classes/trainer,https://huggingface.co/docs/transformers/index,1
huggingface-transformers:7,What is the Hugging Face Transformers library?,huggingface-transformers,crawl4ai-raw,1,https://huggingface.co/docs/transformers/installation,0.6352877016534625,false,transformers/index,https://huggingface.co/docs/transformers/installation,1
huggingface-transformers:7,What is the Hugging Face Transformers library?,huggingface-transformers,crawl4ai-raw,2,https://huggingface.co/docs/transformers/index,0.6292320185813463,true,transformers/index,https://huggingface.co/docs/transformers/index,2
huggingface-transformers:7,What is the Hugging Face Transformers library?,huggingface-transformers,crawl4ai-raw,3,https://huggingface.co/docs/transformers/index,0.5927370078304952,true,transformers/index,https://huggingface.co/docs/transformers/index,2
huggingface-transformers:7,What is the Hugging Face Transformers library?,huggingface-transformers,crawl4ai-raw,4,https://huggingface.co/docs,0.5852754648743819,false,transformers/index,https://huggingface.co/docs,3
huggingface-transformers:7,What is the Hugging Face Transformers library?,huggingface-transformers,crawl4ai-raw,5,https://huggingface.co/models,0.5844932355962382,false,transformers/index,https://huggingface.co/models,4
huggingface-transformers:0,How do I use the Pipeline class for inference in Transformers?,huggingface-transformers,scrapy+md,1,https://huggingface.co/docs/transformers/v5.7.0/en/main_classes/pipelines,0.6629284154216716,false,pipeline_tutorial,https://huggingface.co/docs/transformers/v5.7.0/en/main_classes/pipelines,1
huggingface-transformers:0,How do I use the Pipeline class for inference in Transformers?,huggingface-transformers,scrapy+md,2,https://huggingface.co/docs/transformers/pipeline_tutorial,0.6554790686706737,true,pipeline_tutorial,https://huggingface.co/docs/transformers/pipeline_tutorial,2
huggingface-transformers:0,How do I use the Pipeline class for inference in Transformers?,huggingface-transformers,scrapy+md,3,https://huggingface.co/docs/transformers/v5.7.0/en/main_classes/pipelines,0.5794982510176588,false,pipeline_tutorial,https://huggingface.co/docs/transformers/v5.7.0/en/main_classes/pipelines,1
huggingface-transformers:0,How do I use the Pipeline class for inference in Transformers?,huggingface-transformers,scrapy+md,4,https://huggingface.co/docs/transformers/v5.7.0/en/main_classes/pipelines,0.5747078274644073,false,pipeline_tutorial,https://huggingface.co/docs/transformers/v5.7.0/en/main_classes/pipelines,1
huggingface-transformers:0,How do I use the Pipeline class for inference in Transformers?,huggingface-transformers,scrapy+md,5,https://huggingface.co/docs/transformers/pipeline_tutorial,0.5678295700917505,true,pipeline_tutorial,https://huggingface.co/docs/transformers/pipeline_tutorial,2
huggingface-transformers:1,How do I train a model with the Hugging Face Trainer?,huggingface-transformers,scrapy+md,1,https://huggingface.co/docs/transformers/trainer,0.5391281343328341,true,trainer,https://huggingface.co/docs/transformers/trainer,1
huggingface-transformers:1,How do I train a model with the Hugging Face Trainer?,huggingface-transformers,scrapy+md,2,https://huggingface.co/docs/transformers/v5.7.0/en/main_classes/trainer,0.5071820595752657,true,trainer,https://huggingface.co/docs/transformers/v5.7.0/en/main_classes/trainer,2
huggingface-transformers:1,How do I train a model with the Hugging Face Trainer?,huggingface-transformers,scrapy+md,3,https://huggingface.co/support,0.46419446301409945,false,trainer,https://huggingface.co/support,3
huggingface-transformers:1,How do I train a model with the Hugging Face Trainer?,huggingface-transformers,scrapy+md,4,https://huggingface.co/docs/transformers/index,0.4632778594785056,false,trainer,https://huggingface.co/docs/transformers/index,4
huggingface-transformers:1,How do I train a model with the Hugging Face Trainer?,huggingface-transformers,scrapy+md,5,https://huggingface.co/docs/transformers/philosophy,0.46290691838071424,false,trainer,https://huggingface.co/docs/transformers/philosophy,5
huggingface-transformers:2,How do I generate text with a large language model?,huggingface-transformers,scrapy+md,1,https://huggingface.co/docs/transformers/llm_tutorial,0.5775901990969022,true,llm_tutorial,https://huggingface.co/docs/transformers/llm_tutorial,1
huggingface-transformers:2,How do I generate text with a large language model?,huggingface-transformers,scrapy+md,2,https://huggingface.co/docs/transformers/llm_tutorial,0.514330321144602,true,llm_tutorial,https://huggingface.co/docs/transformers/llm_tutorial,1
huggingface-transformers:2,How do I generate text with a large language model?,huggingface-transformers,scrapy+md,3,https://huggingface.co/facebook/mbart-large-cc25,0.5114860677935888,false,llm_tutorial,https://huggingface.co/facebook/mbart-large-cc25,2
huggingface-transformers:2,How do I generate text with a large language model?,huggingface-transformers,scrapy+md,4,https://huggingface.co/docs/transformers/llm_tutorial,0.4904072169604871,true,llm_tutorial,https://huggingface.co/docs/transformers/llm_tutorial,1
huggingface-transformers:2,How do I generate text with a large language model?,huggingface-transformers,scrapy+md,5,https://huggingface.co/DavidAU/Qwen3.5-9B-Claude-4.6-Opus-Deckard-V4.2-Uncensored-Heretic-Thinking,0.4825152180260102,false,llm_tutorial,https://huggingface.co/davidau/qwen3.5-9b-claude-4.6-opus-deckard-v4.2-uncensored-heretic-thinking,3
huggingface-transformers:3,What are the design principles behind the Transformers library?,huggingface-transformers,scrapy+md,1,https://huggingface.co/docs/transformers/philosophy,0.6098977321106964,true,philosophy,https://huggingface.co/docs/transformers/philosophy,1
huggingface-transformers:3,What are the design principles behind the Transformers library?,huggingface-transformers,scrapy+md,2,https://huggingface.co/docs/transformers/index,0.6012876671669016,false,philosophy,https://huggingface.co/docs/transformers/index,2
huggingface-transformers:3,What are the design principles behind the Transformers library?,huggingface-transformers,scrapy+md,3,https://huggingface.co/docs/transformers/index,0.5667332095907522,false,philosophy,https://huggingface.co/docs/transformers/index,2
huggingface-transformers:3,What are the design principles behind the Transformers library?,huggingface-transformers,scrapy+md,4,https://huggingface.co/docs/transformers/philosophy,0.4940541648067185,true,philosophy,https://huggingface.co/docs/transformers/philosophy,1
huggingface-transformers:3,What are the design principles behind the Transformers library?,huggingface-transformers,scrapy+md,5,https://huggingface.co/docs/transformers/trainer,0.47509196012389704,false,philosophy,https://huggingface.co/docs/transformers/trainer,3
huggingface-transformers:4,What models are supported in the Transformers library?,huggingface-transformers,scrapy+md,1,https://huggingface.co/docs/transformers/index,0.6625643253629468,false,models_timeline,https://huggingface.co/docs/transformers/index,1
huggingface-transformers:4,What models are supported in the Transformers library?,huggingface-transformers,scrapy+md,2,https://huggingface.co/docs/transformers/philosophy,0.5837836337905109,false,models_timeline,https://huggingface.co/docs/transformers/philosophy,2
huggingface-transformers:4,What models are supported in the Transformers library?,huggingface-transformers,scrapy+md,3,https://huggingface.co/docs/transformers/index,0.5751165607282036,false,models_timeline,https://huggingface.co/docs/transformers/index,1
huggingface-transformers:4,What models are supported in the Transformers library?,huggingface-transformers,scrapy+md,4,https://huggingface.co/docs/transformers/model_doc/t5,0.5126925873798868,false,models_timeline,https://huggingface.co/docs/transformers/model_doc/t5,3
huggingface-transformers:4,What models are supported in the Transformers library?,huggingface-transformers,scrapy+md,5,https://huggingface.co/docs/transformers/v5.7.0/en/main_classes/pipelines,0.49953124444653646,false,models_timeline,https://huggingface.co/docs/transformers/v5.7.0/en/main_classes/pipelines,4
huggingface-transformers:5,What is the Pipeline API reference in Transformers?,huggingface-transformers,scrapy+md,1,https://huggingface.co/docs/transformers/v5.7.0/en/main_classes/pipelines,0.6829921588014265,true,main_classes/pipelines,https://huggingface.co/docs/transformers/v5.7.0/en/main_classes/pipelines,1
huggingface-transformers:5,What is the Pipeline API reference in Transformers?,huggingface-transformers,scrapy+md,2,https://huggingface.co/docs/transformers/pipeline_tutorial,0.6636081343388196,false,main_classes/pipelines,https://huggingface.co/docs/transformers/pipeline_tutorial,2
huggingface-transformers:5,What is the Pipeline API reference in Transformers?,huggingface-transformers,scrapy+md,3,https://huggingface.co/docs/transformers/pipeline_tutorial,0.5866588172473562,false,main_classes/pipelines,https://huggingface.co/docs/transformers/pipeline_tutorial,2
huggingface-transformers:5,What is the Pipeline API reference in Transformers?,huggingface-transformers,scrapy+md,4,https://huggingface.co/docs/transformers/index,0.5842270143142491,false,main_classes/pipelines,https://huggingface.co/docs/transformers/index,3
huggingface-transformers:5,What is the Pipeline API reference in Transformers?,huggingface-transformers,scrapy+md,5,https://huggingface.co/docs/transformers/v5.7.0/en/main_classes/pipelines,0.5777455652258056,true,main_classes/pipelines,https://huggingface.co/docs/transformers/v5.7.0/en/main_classes/pipelines,1
huggingface-transformers:6,What does the Trainer class support for distributed training?,huggingface-transformers,scrapy+md,1,https://huggingface.co/docs/transformers/v5.7.0/en/main_classes/trainer,0.5699647304246074,true,main_classes/trainer,https://huggingface.co/docs/transformers/v5.7.0/en/main_classes/trainer,1
huggingface-transformers:6,What does the Trainer class support for distributed training?,huggingface-transformers,scrapy+md,2,https://huggingface.co/docs/transformers/trainer,0.5231962604195477,false,main_classes/trainer,https://huggingface.co/docs/transformers/trainer,2
huggingface-transformers:6,What does the Trainer class support for distributed training?,huggingface-transformers,scrapy+md,3,https://huggingface.co/docs/transformers/v5.7.0/en/main_classes/trainer,0.4884019624126442,true,main_classes/trainer,https://huggingface.co/docs/transformers/v5.7.0/en/main_classes/trainer,1
huggingface-transformers:6,What does the Trainer class support for distributed training?,huggingface-transformers,scrapy+md,4,https://huggingface.co/docs/transformers/v5.7.0/en/main_classes/trainer,0.4491148326764611,true,main_classes/trainer,https://huggingface.co/docs/transformers/v5.7.0/en/main_classes/trainer,1
huggingface-transformers:6,What does the Trainer class support for distributed training?,huggingface-transformers,scrapy+md,5,https://huggingface.co/docs/transformers/v5.7.0/en/main_classes/trainer,0.4305014556047334,true,main_classes/trainer,https://huggingface.co/docs/transformers/v5.7.0/en/main_classes/trainer,1
huggingface-transformers:7,What is the Hugging Face Transformers library?,huggingface-transformers,scrapy+md,1,https://huggingface.co/docs/transformers/index,0.5418858789682591,true,transformers/index,https://huggingface.co/docs/transformers/index,1
huggingface-transformers:7,What is the Hugging Face Transformers library?,huggingface-transformers,scrapy+md,2,https://huggingface.co/docs/transformers/index,0.523332159935534,true,transformers/index,https://huggingface.co/docs/transformers/index,1
huggingface-transformers:7,What is the Hugging Face Transformers library?,huggingface-transformers,scrapy+md,3,https://huggingface.co/docs/transformers/philosophy,0.5065105862249085,false,transformers/index,https://huggingface.co/docs/transformers/philosophy,2
huggingface-transformers:7,What is the Hugging Face Transformers library?,huggingface-transformers,scrapy+md,4,https://huggingface.co/support,0.4880835475837257,false,transformers/index,https://huggingface.co/support,3
huggingface-transformers:7,What is the Hugging Face Transformers library?,huggingface-transformers,scrapy+md,5,https://huggingface.co/docs/transformers/model_doc/t5,0.47083197534085613,false,transformers/index,https://huggingface.co/docs/transformers/model_doc/t5,4
huggingface-transformers:0,How do I use the Pipeline class for inference in Transformers?,huggingface-transformers,crawlee,1,https://huggingface.co/docs/transformers/quicktour,0.5338634549011514,false,pipeline_tutorial,https://huggingface.co/docs/transformers/quicktour,1
huggingface-transformers:0,How do I use the Pipeline class for inference in Transformers?,huggingface-transformers,crawlee,2,https://huggingface.co/docs/transformers/index,0.5164838914134599,false,pipeline_tutorial,https://huggingface.co/docs/transformers/index,2
huggingface-transformers:0,How do I use the Pipeline class for inference in Transformers?,huggingface-transformers,crawlee,3,https://huggingface.co/docs/transformers/quicktour,0.4894995037547775,false,pipeline_tutorial,https://huggingface.co/docs/transformers/quicktour,1
huggingface-transformers:0,How do I use the Pipeline class for inference in Transformers?,huggingface-transformers,crawlee,4,https://huggingface.co/docs/transformers/quicktour,0.4491301780561142,false,pipeline_tutorial,https://huggingface.co/docs/transformers/quicktour,1
huggingface-transformers:0,How do I use the Pipeline class for inference in Transformers?,huggingface-transformers,crawlee,5,https://huggingface.co/docs/transformers/quicktour,0.4489820502586697,false,pipeline_tutorial,https://huggingface.co/docs/transformers/quicktour,1
huggingface-transformers:1,How do I train a model with the Hugging Face Trainer?,huggingface-transformers,crawlee,1,https://huggingface.co/docs/transformers/quicktour,0.5078015244428123,false,trainer,https://huggingface.co/docs/transformers/quicktour,1
huggingface-transformers:1,How do I train a model with the Hugging Face Trainer?,huggingface-transformers,crawlee,2,https://huggingface.co/docs/transformers/quicktour,0.5024338197337059,false,trainer,https://huggingface.co/docs/transformers/quicktour,1
huggingface-transformers:1,How do I train a model with the Hugging Face Trainer?,huggingface-transformers,crawlee,3,https://huggingface.co/docs/transformers/quicktour,0.4851803709758703,false,trainer,https://huggingface.co/docs/transformers/quicktour,1
huggingface-transformers:1,How do I train a model with the Hugging Face Trainer?,huggingface-transformers,crawlee,4,https://huggingface.co/docs/transformers/quicktour,0.47930020552539676,false,trainer,https://huggingface.co/docs/transformers/quicktour,1
huggingface-transformers:1,How do I train a model with the Hugging Face Trainer?,huggingface-transformers,crawlee,5,https://huggingface.co/docs/transformers/index,0.47707765676621394,false,trainer,https://huggingface.co/docs/transformers/index,2
huggingface-transformers:2,How do I generate text with a large language model?,huggingface-transformers,crawlee,1,https://huggingface.co/docs/transformers/quicktour,0.4601269147560126,false,llm_tutorial,https://huggingface.co/docs/transformers/quicktour,1
huggingface-transformers:2,How do I generate text with a large language model?,huggingface-transformers,crawlee,2,https://huggingface.co/models,0.4425477454197287,false,llm_tutorial,https://huggingface.co/models,2
huggingface-transformers:2,How do I generate text with a large language model?,huggingface-transformers,crawlee,3,https://huggingface.co/docs/transformers/index,0.43093107502937994,false,llm_tutorial,https://huggingface.co/docs/transformers/index,3
huggingface-transformers:2,How do I generate text with a large language model?,huggingface-transformers,crawlee,4,https://huggingface.co/models,0.4215856085693537,false,llm_tutorial,https://huggingface.co/models,2
huggingface-transformers:2,How do I generate text with a large language model?,huggingface-transformers,crawlee,5,https://huggingface.co/models,0.3998954791043657,false,llm_tutorial,https://huggingface.co/models,2
huggingface-transformers:3,What are the design principles behind the Transformers library?,huggingface-transformers,crawlee,1,https://huggingface.co/docs/transformers/index,0.568451285195469,false,philosophy,https://huggingface.co/docs/transformers/index,1
huggingface-transformers:3,What are the design principles behind the Transformers library?,huggingface-transformers,crawlee,2,https://huggingface.co/docs/transformers/index,0.5425631593510029,false,philosophy,https://huggingface.co/docs/transformers/index,1
huggingface-transformers:3,What are the design principles behind the Transformers library?,huggingface-transformers,crawlee,3,https://huggingface.co/docs/transformers/index,0.4866199817568664,false,philosophy,https://huggingface.co/docs/transformers/index,1
huggingface-transformers:3,What are the design principles behind the Transformers library?,huggingface-transformers,crawlee,4,https://huggingface.co/docs/transformers/installation,0.4748445558105167,false,philosophy,https://huggingface.co/docs/transformers/installation,2
huggingface-transformers:3,What are the design principles behind the Transformers library?,huggingface-transformers,crawlee,5,https://huggingface.co/docs/transformers/quicktour,0.4657868792102226,false,philosophy,https://huggingface.co/docs/transformers/quicktour,3
huggingface-transformers:4,What models are supported in the Transformers library?,huggingface-transformers,crawlee,1,https://huggingface.co/docs/transformers/index,0.6314460808958646,false,models_timeline,https://huggingface.co/docs/transformers/index,1
huggingface-transformers:4,What models are supported in the Transformers library?,huggingface-transformers,crawlee,2,https://huggingface.co/docs/transformers/index,0.5329824525357928,false,models_timeline,https://huggingface.co/docs/transformers/index,1
huggingface-transformers:4,What models are supported in the Transformers library?,huggingface-transformers,crawlee,3,https://huggingface.co/docs/transformers/installation,0.5278219073135056,false,models_timeline,https://huggingface.co/docs/transformers/installation,2
huggingface-transformers:4,What models are supported in the Transformers library?,huggingface-transformers,crawlee,4,https://huggingface.co/docs/transformers/index,0.5258865604337297,false,models_timeline,https://huggingface.co/docs/transformers/index,1
huggingface-transformers:4,What models are supported in the Transformers library?,huggingface-transformers,crawlee,5,https://huggingface.co/docs/transformers/quicktour,0.5096398970248633,false,models_timeline,https://huggingface.co/docs/transformers/quicktour,3
huggingface-transformers:5,What is the Pipeline API reference in Transformers?,huggingface-transformers,crawlee,1,https://huggingface.co/docs/transformers/index,0.5643425790202601,false,main_classes/pipelines,https://huggingface.co/docs/transformers/index,1
huggingface-transformers:5,What is the Pipeline API reference in Transformers?,huggingface-transformers,crawlee,2,https://huggingface.co/docs/transformers/installation,0.4963323742533614,false,main_classes/pipelines,https://huggingface.co/docs/transformers/installation,2
huggingface-transformers:5,What is the Pipeline API reference in Transformers?,huggingface-transformers,crawlee,3,https://huggingface.co/docs/transformers/index,0.4942951000637237,false,main_classes/pipelines,https://huggingface.co/docs/transformers/index,1
huggingface-transformers:5,What is the Pipeline API reference in Transformers?,huggingface-transformers,crawlee,4,https://huggingface.co/docs/transformers/installation,0.47724001072616995,false,main_classes/pipelines,https://huggingface.co/docs/transformers/installation,2
huggingface-transformers:5,What is the Pipeline API reference in Transformers?,huggingface-transformers,crawlee,5,https://huggingface.co/docs/transformers/quicktour,0.4769846240401999,false,main_classes/pipelines,https://huggingface.co/docs/transformers/quicktour,3
huggingface-transformers:6,What does the Trainer class support for distributed training?,huggingface-transformers,crawlee,1,https://huggingface.co/docs/transformers/quicktour,0.44116760658665927,false,main_classes/trainer,https://huggingface.co/docs/transformers/quicktour,1
huggingface-transformers:6,What does the Trainer class support for distributed training?,huggingface-transformers,crawlee,2,https://huggingface.co/docs/transformers/quicktour,0.4390394853698596,false,main_classes/trainer,https://huggingface.co/docs/transformers/quicktour,1
huggingface-transformers:6,What does the Trainer class support for distributed training?,huggingface-transformers,crawlee,3,https://huggingface.co/docs/transformers/peft,0.42316811774244667,false,main_classes/trainer,https://huggingface.co/docs/transformers/peft,2
huggingface-transformers:6,What does the Trainer class support for distributed training?,huggingface-transformers,crawlee,4,https://huggingface.co/docs/transformers/index,0.3874559033847986,false,main_classes/trainer,https://huggingface.co/docs/transformers/index,3
huggingface-transformers:6,What does the Trainer class support for distributed training?,huggingface-transformers,crawlee,5,https://huggingface.co/docs/transformers/quicktour,0.37331994332148377,false,main_classes/trainer,https://huggingface.co/docs/transformers/quicktour,1
huggingface-transformers:7,What is the Hugging Face Transformers library?,huggingface-transformers,crawlee,1,https://huggingface.co/docs/transformers/index,0.5615495409859504,true,transformers/index,https://huggingface.co/docs/transformers/index,1
huggingface-transformers:7,What is the Hugging Face Transformers library?,huggingface-transformers,crawlee,2,https://huggingface.co/docs/transformers/index,0.5146645981924403,true,transformers/index,https://huggingface.co/docs/transformers/index,1
huggingface-transformers:7,What is the Hugging Face Transformers library?,huggingface-transformers,crawlee,3,https://huggingface.co/docs/transformers/quicktour,0.508682514196722,false,transformers/index,https://huggingface.co/docs/transformers/quicktour,2
huggingface-transformers:7,What is the Hugging Face Transformers library?,huggingface-transformers,crawlee,4,https://huggingface.co/docs/transformers/peft,0.48741091672432824,false,transformers/index,https://huggingface.co/docs/transformers/peft,3
huggingface-transformers:7,What is the Hugging Face Transformers library?,huggingface-transformers,crawlee,5,https://huggingface.co/docs,0.4820360194551013,false,transformers/index,https://huggingface.co/docs,4
huggingface-transformers:0,How do I use the Pipeline class for inference in Transformers?,huggingface-transformers,playwright,1,https://huggingface.co/docs/transformers/quicktour,0.5338634549011514,false,pipeline_tutorial,https://huggingface.co/docs/transformers/quicktour,1
huggingface-transformers:0,How do I use the Pipeline class for inference in Transformers?,huggingface-transformers,playwright,2,https://huggingface.co/docs/transformers/quicktour,0.5077872643277347,false,pipeline_tutorial,https://huggingface.co/docs/transformers/quicktour,1
huggingface-transformers:0,How do I use the Pipeline class for inference in Transformers?,huggingface-transformers,playwright,3,https://huggingface.co/docs/transformers/quicktour,0.5053118028586802,false,pipeline_tutorial,https://huggingface.co/docs/transformers/quicktour,1
huggingface-transformers:0,How do I use the Pipeline class for inference in Transformers?,huggingface-transformers,playwright,4,https://huggingface.co/docs/transformers/index,0.49565939654646657,false,pipeline_tutorial,https://huggingface.co/docs/transformers/index,2
huggingface-transformers:0,How do I use the Pipeline class for inference in Transformers?,huggingface-transformers,playwright,5,https://huggingface.co/docs/transformers/index,0.4674732826221109,false,pipeline_tutorial,https://huggingface.co/docs/transformers/index,2
huggingface-transformers:1,How do I train a model with the Hugging Face Trainer?,huggingface-transformers,playwright,1,https://huggingface.co/docs/transformers/quicktour,0.5143797867469002,false,trainer,https://huggingface.co/docs/transformers/quicktour,1
huggingface-transformers:1,How do I train a model with the Hugging Face Trainer?,huggingface-transformers,playwright,2,https://huggingface.co/docs/transformers/quicktour,0.5040300301881333,false,trainer,https://huggingface.co/docs/transformers/quicktour,1
huggingface-transformers:1,How do I train a model with the Hugging Face Trainer?,huggingface-transformers,playwright,3,https://huggingface.co/docs/transformers/quicktour,0.4979371741213457,false,trainer,https://huggingface.co/docs/transformers/quicktour,1
huggingface-transformers:1,How do I train a model with the Hugging Face Trainer?,huggingface-transformers,playwright,4,https://huggingface.co/docs/transformers/quicktour,0.47930020552539676,false,trainer,https://huggingface.co/docs/transformers/quicktour,1
huggingface-transformers:1,How do I train a model with the Hugging Face Trainer?,huggingface-transformers,playwright,5,https://huggingface.co/docs/transformers/index,0.47280630830370246,false,trainer,https://huggingface.co/docs/transformers/index,2
huggingface-transformers:2,How do I generate text with a large language model?,huggingface-transformers,playwright,1,https://huggingface.co/docs/transformers/quicktour,0.4601269147560126,false,llm_tutorial,https://huggingface.co/docs/transformers/quicktour,1
huggingface-transformers:2,How do I generate text with a large language model?,huggingface-transformers,playwright,2,https://huggingface.co/models,0.4355068390096228,false,llm_tutorial,https://huggingface.co/models,2
huggingface-transformers:2,How do I generate text with a large language model?,huggingface-transformers,playwright,3,https://huggingface.co/models,0.4339476945715645,false,llm_tutorial,https://huggingface.co/models,2
huggingface-transformers:2,How do I generate text with a large language model?,huggingface-transformers,playwright,4,https://huggingface.co/models?library=transformers&sort=trending,0.3987458617694975,false,llm_tutorial,https://huggingface.co/models?library=transformers&sort=trending,3
huggingface-transformers:2,How do I generate text with a large language model?,huggingface-transformers,playwright,5,https://huggingface.co/models,0.39386244789746094,false,llm_tutorial,https://huggingface.co/models,2
huggingface-transformers:3,What are the design principles behind the Transformers library?,huggingface-transformers,playwright,1,https://huggingface.co/docs/transformers/index,0.5866494730700902,false,philosophy,https://huggingface.co/docs/transformers/index,1
huggingface-transformers:3,What are the design principles behind the Transformers library?,huggingface-transformers,playwright,2,https://huggingface.co/docs/transformers/index,0.5465256058607331,false,philosophy,https://huggingface.co/docs/transformers/index,1
huggingface-transformers:3,What are the design principles behind the Transformers library?,huggingface-transformers,playwright,3,https://huggingface.co/docs/transformers/quicktour,0.5035688136477792,false,philosophy,https://huggingface.co/docs/transformers/quicktour,2
huggingface-transformers:3,What are the design principles behind the Transformers library?,huggingface-transformers,playwright,4,https://huggingface.co/docs/transformers/installation,0.4745225424893703,false,philosophy,https://huggingface.co/docs/transformers/installation,3
huggingface-transformers:3,What are the design principles behind the Transformers library?,huggingface-transformers,playwright,5,https://huggingface.co/docs/transformers/quicktour,0.47086120925028263,false,philosophy,https://huggingface.co/docs/transformers/quicktour,2
huggingface-transformers:4,What models are supported in the Transformers library?,huggingface-transformers,playwright,1,https://huggingface.co/docs/transformers/index,0.6465588900098163,false,models_timeline,https://huggingface.co/docs/transformers/index,1
huggingface-transformers:4,What models are supported in the Transformers library?,huggingface-transformers,playwright,2,https://huggingface.co/docs/transformers/index,0.5671742998923238,false,models_timeline,https://huggingface.co/docs/transformers/index,1
huggingface-transformers:4,What models are supported in the Transformers library?,huggingface-transformers,playwright,3,https://huggingface.co/docs/transformers/quicktour,0.5369430679754573,false,models_timeline,https://huggingface.co/docs/transformers/quicktour,2
huggingface-transformers:4,What models are supported in the Transformers library?,huggingface-transformers,playwright,4,https://huggingface.co/docs/transformers/installation,0.5294628902174429,false,models_timeline,https://huggingface.co/docs/transformers/installation,3
huggingface-transformers:4,What models are supported in the Transformers library?,huggingface-transformers,playwright,5,https://huggingface.co/docs/transformers/models_timeline,0.517858060819389,true,models_timeline,https://huggingface.co/docs/transformers/models_timeline,4
huggingface-transformers:5,What is the Pipeline API reference in Transformers?,huggingface-transformers,playwright,1,https://huggingface.co/docs/transformers/index,0.5573921515591164,false,main_classes/pipelines,https://huggingface.co/docs/transformers/index,1
huggingface-transformers:5,What is the Pipeline API reference in Transformers?,huggingface-transformers,playwright,2,https://huggingface.co/docs/transformers/quicktour,0.5211938872075228,false,main_classes/pipelines,https://huggingface.co/docs/transformers/quicktour,2
huggingface-transformers:5,What is the Pipeline API reference in Transformers?,huggingface-transformers,playwright,3,https://huggingface.co/docs/transformers/installation,0.4963323742533614,false,main_classes/pipelines,https://huggingface.co/docs/transformers/installation,3
huggingface-transformers:5,What is the Pipeline API reference in Transformers?,huggingface-transformers,playwright,4,https://huggingface.co/docs/transformers/index,0.49324354216545135,false,main_classes/pipelines,https://huggingface.co/docs/transformers/index,1
huggingface-transformers:5,What is the Pipeline API reference in Transformers?,huggingface-transformers,playwright,5,https://huggingface.co/docs/transformers/installation,0.4788683037680597,false,main_classes/pipelines,https://huggingface.co/docs/transformers/installation,3
huggingface-transformers:6,What does the Trainer class support for distributed training?,huggingface-transformers,playwright,1,https://huggingface.co/docs/transformers/quicktour,0.44116760658665927,false,main_classes/trainer,https://huggingface.co/docs/transformers/quicktour,1
huggingface-transformers:6,What does the Trainer class support for distributed training?,huggingface-transformers,playwright,2,https://huggingface.co/docs/transformers/peft,0.4398737022307009,false,main_classes/trainer,https://huggingface.co/docs/transformers/peft,2
huggingface-transformers:6,What does the Trainer class support for distributed training?,huggingface-transformers,playwright,3,https://huggingface.co/docs/transformers/quicktour,0.4293079638540501,false,main_classes/trainer,https://huggingface.co/docs/transformers/quicktour,1
huggingface-transformers:6,What does the Trainer class support for distributed training?,huggingface-transformers,playwright,4,https://huggingface.co/docs/transformers/quicktour,0.37331994332148377,false,main_classes/trainer,https://huggingface.co/docs/transformers/quicktour,1
huggingface-transformers:6,What does the Trainer class support for distributed training?,huggingface-transformers,playwright,5,https://huggingface.co/docs/transformers/index,0.3526684642761282,false,main_classes/trainer,https://huggingface.co/docs/transformers/index,3
huggingface-transformers:7,What is the Hugging Face Transformers library?,huggingface-transformers,playwright,1,https://huggingface.co/docs/transformers/index,0.5558928515239232,true,transformers/index,https://huggingface.co/docs/transformers/index,1
huggingface-transformers:7,What is the Hugging Face Transformers library?,huggingface-transformers,playwright,2,https://huggingface.co/docs/transformers/index,0.5292057295440308,true,transformers/index,https://huggingface.co/docs/transformers/index,1
huggingface-transformers:7,What is the Hugging Face Transformers library?,huggingface-transformers,playwright,3,https://huggingface.co/docs/transformers/quicktour,0.4875086592891889,false,transformers/index,https://huggingface.co/docs/transformers/quicktour,2
huggingface-transformers:7,What is the Hugging Face Transformers library?,huggingface-transformers,playwright,4,https://huggingface.co/docs,0.48278247454255996,false,transformers/index,https://huggingface.co/docs,3
huggingface-transformers:7,What is the Hugging Face Transformers library?,huggingface-transformers,playwright,5,https://huggingface.co/docs/transformers/installation,0.47596696200169814,false,transformers/index,https://huggingface.co/docs/transformers/installation,4
kubernetes-docs:0,What is a Kubernetes pod and what does it represent?,kubernetes-docs,markcrawl,1,https://kubernetes.io/docs/concepts/workloads/pods/,0.6569274015227236,true,workloads/pods,https://kubernetes.io/docs/concepts/workloads/pods/,1
kubernetes-docs:0,What is a Kubernetes pod and what does it represent?,kubernetes-docs,markcrawl,2,https://kubernetes.io/docs/concepts/workloads/pods/_print/,0.6486419293523281,true,workloads/pods,https://kubernetes.io/docs/concepts/workloads/pods/_print/,2
kubernetes-docs:0,What is a Kubernetes pod and what does it represent?,kubernetes-docs,markcrawl,3,https://kubernetes.io/docs/concepts/workloads/_print/,0.6358277776002349,false,workloads/pods,https://kubernetes.io/docs/concepts/workloads/_print/,3
kubernetes-docs:0,What is a Kubernetes pod and what does it represent?,kubernetes-docs,markcrawl,4,https://kubernetes.io/docs/concepts/_print/,0.6358277776002349,false,workloads/pods,https://kubernetes.io/docs/concepts/_print/,4
kubernetes-docs:0,What is a Kubernetes pod and what does it represent?,kubernetes-docs,markcrawl,5,https://kubernetes.io/docs/reference/kubernetes-api/workload-resources/pod-v1/,0.6113950780529709,false,workloads/pods,https://kubernetes.io/docs/reference/kubernetes-api/workload-resources/pod-v1/,5
kubernetes-docs:1,How do Kubernetes Deployments manage replicas and rollouts?,kubernetes-docs,markcrawl,1,https://kubernetes.io/docs/concepts/_print/,0.7007071243424681,false,controllers/deployment,https://kubernetes.io/docs/concepts/_print/,1
kubernetes-docs:1,How do Kubernetes Deployments manage replicas and rollouts?,kubernetes-docs,markcrawl,2,https://kubernetes.io/docs/concepts/workloads/controllers/_print/,0.7006259002463755,false,controllers/deployment,https://kubernetes.io/docs/concepts/workloads/controllers/_print/,2
kubernetes-docs:1,How do Kubernetes Deployments manage replicas and rollouts?,kubernetes-docs,markcrawl,3,https://kubernetes.io/docs/concepts/workloads/_print/,0.7006018440197807,false,controllers/deployment,https://kubernetes.io/docs/concepts/workloads/_print/,3
kubernetes-docs:1,How do Kubernetes Deployments manage replicas and rollouts?,kubernetes-docs,markcrawl,4,https://kubernetes.io/docs/concepts/workloads/controllers/deployment/,0.6878407380428092,true,controllers/deployment,https://kubernetes.io/docs/concepts/workloads/controllers/deployment/,4
kubernetes-docs:1,How do Kubernetes Deployments manage replicas and rollouts?,kubernetes-docs,markcrawl,5,https://kubernetes.io/docs/concepts/workloads/management/,0.6707617407669563,false,controllers/deployment,https://kubernetes.io/docs/concepts/workloads/management/,5
kubernetes-docs:2,What is a Kubernetes Service and how does it expose pods?,kubernetes-docs,markcrawl,1,https://kubernetes.io/docs/concepts/services-networking/service/,0.7435345123622833,true,services-networking/service,https://kubernetes.io/docs/concepts/services-networking/service/,1
kubernetes-docs:2,What is a Kubernetes Service and how does it expose pods?,kubernetes-docs,markcrawl,2,https://kubernetes.io/docs/concepts/_print/,0.7199038822720935,false,services-networking/service,https://kubernetes.io/docs/concepts/_print/,2
kubernetes-docs:2,What is a Kubernetes Service and how does it expose pods?,kubernetes-docs,markcrawl,3,https://kubernetes.io/docs/concepts/services-networking/_print/,0.7135375640634943,true,services-networking/service,https://kubernetes.io/docs/concepts/services-networking/_print/,3
kubernetes-docs:2,What is a Kubernetes Service and how does it expose pods?,kubernetes-docs,markcrawl,4,https://kubernetes.io/docs/tutorials/services/connect-applications-service/,0.6842075219555167,true,services-networking/service,https://kubernetes.io/docs/tutorials/services/connect-applications-service/,4
kubernetes-docs:2,What is a Kubernetes Service and how does it expose pods?,kubernetes-docs,markcrawl,5,https://kubernetes.io/docs/concepts/_print/,0.667750416470168,false,services-networking/service,https://kubernetes.io/docs/concepts/_print/,2
kubernetes-docs:3,How do I use ConfigMaps to inject configuration into pods?,kubernetes-docs,markcrawl,1,https://kubernetes.io/docs/tasks/configure-pod-container/configure-pod-configmap/,0.7303730377660852,true,configuration/configmap,https://kubernetes.io/docs/tasks/configure-pod-container/configure-pod-configmap/,1
kubernetes-docs:3,How do I use ConfigMaps to inject configuration into pods?,kubernetes-docs,markcrawl,2,https://kubernetes.io/docs/concepts/configuration/configmap/,0.7159198957432159,true,configuration/configmap,https://kubernetes.io/docs/concepts/configuration/configmap/,2
kubernetes-docs:3,How do I use ConfigMaps to inject configuration into pods?,kubernetes-docs,markcrawl,3,https://kubernetes.io/docs/concepts/_print/,0.6800014692862236,false,configuration/configmap,https://kubernetes.io/docs/concepts/_print/,3
kubernetes-docs:3,How do I use ConfigMaps to inject configuration into pods?,kubernetes-docs,markcrawl,4,https://kubernetes.io/docs/concepts/configuration/_print/,0.6684628100280627,false,configuration/configmap,https://kubernetes.io/docs/concepts/configuration/_print/,4
kubernetes-docs:3,How do I use ConfigMaps to inject configuration into pods?,kubernetes-docs,markcrawl,5,https://kubernetes.io/docs/concepts/configuration/configmap/,0.6683821937954553,true,configuration/configmap,https://kubernetes.io/docs/concepts/configuration/configmap/,2
kubernetes-docs:4,How do I manage Secrets in Kubernetes?,kubernetes-docs,markcrawl,1,https://kubernetes.io/docs/concepts/configuration/secret/,0.7514102440565271,true,configuration/secret,https://kubernetes.io/docs/concepts/configuration/secret/,1
kubernetes-docs:4,How do I manage Secrets in Kubernetes?,kubernetes-docs,markcrawl,2,https://kubernetes.io/docs/concepts/configuration/secret/,0.7289945401986098,true,configuration/secret,https://kubernetes.io/docs/concepts/configuration/secret/,1
kubernetes-docs:4,How do I manage Secrets in Kubernetes?,kubernetes-docs,markcrawl,3,https://kubernetes.io/docs/concepts/configuration/_print/,0.7289945401986098,false,configuration/secret,https://kubernetes.io/docs/concepts/configuration/_print/,2
kubernetes-docs:4,How do I manage Secrets in Kubernetes?,kubernetes-docs,markcrawl,4,https://kubernetes.io/docs/concepts/_print/,0.7289945401986098,false,configuration/secret,https://kubernetes.io/docs/concepts/_print/,3
kubernetes-docs:4,How do I manage Secrets in Kubernetes?,kubernetes-docs,markcrawl,5,https://kubernetes.io/docs/concepts/configuration/_print/,0.7278954383657088,false,configuration/secret,https://kubernetes.io/docs/concepts/configuration/_print/,2
kubernetes-docs:5,What are namespaces in Kubernetes and when should I use them?,kubernetes-docs,markcrawl,1,https://kubernetes.io/docs/concepts/overview/working-with-objects/namespaces/,0.7624881946603351,true,working-with-objects/namespaces,https://kubernetes.io/docs/concepts/overview/working-with-objects/namespaces/,1
kubernetes-docs:5,What are namespaces in Kubernetes and when should I use them?,kubernetes-docs,markcrawl,2,https://kubernetes.io/docs/tutorials/cluster-management/namespaces-walkthrough/,0.7116128577452033,true,working-with-objects/namespaces,https://kubernetes.io/docs/tutorials/cluster-management/namespaces-walkthrough/,2
kubernetes-docs:5,What are namespaces in Kubernetes and when should I use them?,kubernetes-docs,markcrawl,3,https://kubernetes.io/docs/concepts/_print/,0.7081609857851345,false,working-with-objects/namespaces,https://kubernetes.io/docs/concepts/_print/,3
kubernetes-docs:5,What are namespaces in Kubernetes and when should I use them?,kubernetes-docs,markcrawl,4,https://kubernetes.io/docs/concepts/overview/working-with-objects/_print/,0.7081609857851345,false,working-with-objects/namespaces,https://kubernetes.io/docs/concepts/overview/working-with-objects/_print/,4
kubernetes-docs:5,What are namespaces in Kubernetes and when should I use them?,kubernetes-docs,markcrawl,5,https://kubernetes.io/docs/concepts/overview/_print/,0.7080764808801905,false,working-with-objects/namespaces,https://kubernetes.io/docs/concepts/overview/_print/,5
kubernetes-docs:6,How does Kubernetes Ingress route external traffic?,kubernetes-docs,markcrawl,1,https://kubernetes.io/docs/concepts/services-networking/_print/,0.6555947908806145,false,services-networking/ingress,https://kubernetes.io/docs/concepts/services-networking/_print/,1
kubernetes-docs:6,How does Kubernetes Ingress route external traffic?,kubernetes-docs,markcrawl,2,https://kubernetes.io/docs/concepts/_print/,0.6555826854856027,false,services-networking/ingress,https://kubernetes.io/docs/concepts/_print/,2
kubernetes-docs:6,How does Kubernetes Ingress route external traffic?,kubernetes-docs,markcrawl,3,https://kubernetes.io/docs/concepts/services-networking/ingress/,0.6320731099017697,true,services-networking/ingress,https://kubernetes.io/docs/concepts/services-networking/ingress/,3
kubernetes-docs:6,How does Kubernetes Ingress route external traffic?,kubernetes-docs,markcrawl,4,https://kubernetes.io/docs/concepts/services-networking/_print/,0.6202605218295476,false,services-networking/ingress,https://kubernetes.io/docs/concepts/services-networking/_print/,1
kubernetes-docs:6,How does Kubernetes Ingress route external traffic?,kubernetes-docs,markcrawl,5,https://kubernetes.io/docs/concepts/services-networking/ingress-controllers/,0.6202519659697627,true,services-networking/ingress,https://kubernetes.io/docs/concepts/services-networking/ingress-controllers/,4
kubernetes-docs:7,What is a StatefulSet and when do I need one?,kubernetes-docs,markcrawl,1,https://kubernetes.io/docs/concepts/workloads/controllers/statefulset/,0.6765479932750358,true,controllers/statefulset,https://kubernetes.io/docs/concepts/workloads/controllers/statefulset/,1
kubernetes-docs:7,What is a StatefulSet and when do I need one?,kubernetes-docs,markcrawl,2,https://kubernetes.io/docs/concepts/_print/,0.5848292303568904,false,controllers/statefulset,https://kubernetes.io/docs/concepts/_print/,2
kubernetes-docs:7,What is a StatefulSet and when do I need one?,kubernetes-docs,markcrawl,3,https://kubernetes.io/docs/concepts/workloads/_print/,0.5847447168928775,false,controllers/statefulset,https://kubernetes.io/docs/concepts/workloads/_print/,3
kubernetes-docs:7,What is a StatefulSet and when do I need one?,kubernetes-docs,markcrawl,4,https://kubernetes.io/docs/concepts/workloads/controllers/_print/,0.5847447168928775,false,controllers/statefulset,https://kubernetes.io/docs/concepts/workloads/controllers/_print/,4
kubernetes-docs:7,What is a StatefulSet and when do I need one?,kubernetes-docs,markcrawl,5,https://kubernetes.io/docs/concepts/workloads/controllers/statefulset/,0.547556706203707,true,controllers/statefulset,https://kubernetes.io/docs/concepts/workloads/controllers/statefulset/,1
kubernetes-docs:0,What is a Kubernetes pod and what does it represent?,kubernetes-docs,crawl4ai,1,https://kubernetes.io/docs/concepts/workloads/pods/,0.6729314023369155,true,workloads/pods,https://kubernetes.io/docs/concepts/workloads/pods/,1
kubernetes-docs:0,What is a Kubernetes pod and what does it represent?,kubernetes-docs,crawl4ai,2,https://kubernetes.io/docs/concepts/workloads/pods/,0.6285564636214314,true,workloads/pods,https://kubernetes.io/docs/concepts/workloads/pods/,1
kubernetes-docs:0,What is a Kubernetes pod and what does it represent?,kubernetes-docs,crawl4ai,3,https://kubernetes.io/docs/concepts/workloads/pods/advanced-pod-config/,0.6050370767090473,true,workloads/pods,https://kubernetes.io/docs/concepts/workloads/pods/advanced-pod-config/,2
kubernetes-docs:0,What is a Kubernetes pod and what does it represent?,kubernetes-docs,crawl4ai,4,https://kubernetes.io/docs/tasks/administer-cluster/node-overprovisioning/,0.5999964330563804,false,workloads/pods,https://kubernetes.io/docs/tasks/administer-cluster/node-overprovisioning/,3
kubernetes-docs:0,What is a Kubernetes pod and what does it represent?,kubernetes-docs,crawl4ai,5,https://kubernetes.io/docs/concepts/workloads/pods/,0.5962376616257432,true,workloads/pods,https://kubernetes.io/docs/concepts/workloads/pods/,1
kubernetes-docs:1,How do Kubernetes Deployments manage replicas and rollouts?,kubernetes-docs,crawl4ai,1,https://kubernetes.io/docs/concepts/workloads/controllers/deployment/,0.6891379382931422,true,controllers/deployment,https://kubernetes.io/docs/concepts/workloads/controllers/deployment/,1
kubernetes-docs:1,How do Kubernetes Deployments manage replicas and rollouts?,kubernetes-docs,crawl4ai,2,https://kubernetes.io/docs/concepts/workloads/controllers/deployment/,0.6677343102401022,true,controllers/deployment,https://kubernetes.io/docs/concepts/workloads/controllers/deployment/,1
kubernetes-docs:1,How do Kubernetes Deployments manage replicas and rollouts?,kubernetes-docs,crawl4ai,3,https://kubernetes.io/docs/concepts/workloads/management/,0.6615545394018388,false,controllers/deployment,https://kubernetes.io/docs/concepts/workloads/management/,2
kubernetes-docs:1,How do Kubernetes Deployments manage replicas and rollouts?,kubernetes-docs,crawl4ai,4,https://kubernetes.io/docs/concepts/workloads/controllers/deployment/,0.6494482793664356,true,controllers/deployment,https://kubernetes.io/docs/concepts/workloads/controllers/deployment/,1
kubernetes-docs:1,How do Kubernetes Deployments manage replicas and rollouts?,kubernetes-docs,crawl4ai,5,https://kubernetes.io/docs/concepts/workloads/controllers/deployment/,0.6375550755387548,true,controllers/deployment,https://kubernetes.io/docs/concepts/workloads/controllers/deployment/,1
kubernetes-docs:2,What is a Kubernetes Service and how does it expose pods?,kubernetes-docs,crawl4ai,1,https://kubernetes.io/docs/concepts/services-networking/service/,0.6795258771035346,true,services-networking/service,https://kubernetes.io/docs/concepts/services-networking/service/,1
kubernetes-docs:2,What is a Kubernetes Service and how does it expose pods?,kubernetes-docs,crawl4ai,2,https://kubernetes.io/docs/concepts/services-networking/service/,0.6753211035984358,true,services-networking/service,https://kubernetes.io/docs/concepts/services-networking/service/,1
kubernetes-docs:2,What is a Kubernetes Service and how does it expose pods?,kubernetes-docs,crawl4ai,3,https://kubernetes.io/docs/concepts/services-networking/service/,0.6083110436692953,true,services-networking/service,https://kubernetes.io/docs/concepts/services-networking/service/,1
kubernetes-docs:2,What is a Kubernetes Service and how does it expose pods?,kubernetes-docs,crawl4ai,4,https://kubernetes.io/docs/concepts/services-networking/service/,0.6069001092472206,true,services-networking/service,https://kubernetes.io/docs/concepts/services-networking/service/,1
kubernetes-docs:2,What is a Kubernetes Service and how does it expose pods?,kubernetes-docs,crawl4ai,5,https://kubernetes.io/docs/concepts/services-networking/service/,0.602990501997145,true,services-networking/service,https://kubernetes.io/docs/concepts/services-networking/service/,1
kubernetes-docs:3,How do I use ConfigMaps to inject configuration into pods?,kubernetes-docs,crawl4ai,1,https://kubernetes.io/docs/tasks/configure-pod-container/configure-pod-configmap/,0.6904184898229703,true,configuration/configmap,https://kubernetes.io/docs/tasks/configure-pod-container/configure-pod-configmap/,1
kubernetes-docs:3,How do I use ConfigMaps to inject configuration into pods?,kubernetes-docs,crawl4ai,2,https://kubernetes.io/docs/concepts/configuration/configmap/,0.6719353926075062,true,configuration/configmap,https://kubernetes.io/docs/concepts/configuration/configmap/,2
kubernetes-docs:3,How do I use ConfigMaps to inject configuration into pods?,kubernetes-docs,crawl4ai,3,https://kubernetes.io/docs/tasks/configure-pod-container/configure-pod-configmap/,0.6542007546252083,true,configuration/configmap,https://kubernetes.io/docs/tasks/configure-pod-container/configure-pod-configmap/,1
kubernetes-docs:3,How do I use ConfigMaps to inject configuration into pods?,kubernetes-docs,crawl4ai,4,https://kubernetes.io/docs/tasks/configure-pod-container/configure-pod-configmap/,0.649050697582518,true,configuration/configmap,https://kubernetes.io/docs/tasks/configure-pod-container/configure-pod-configmap/,1
kubernetes-docs:3,How do I use ConfigMaps to inject configuration into pods?,kubernetes-docs,crawl4ai,5,https://kubernetes.io/docs/concepts/configuration/configmap/,0.6442233846550374,true,configuration/configmap,https://kubernetes.io/docs/concepts/configuration/configmap/,2
kubernetes-docs:4,How do I manage Secrets in Kubernetes?,kubernetes-docs,crawl4ai,1,https://kubernetes.io/docs/concepts/configuration/secret/,0.7943381901484173,true,configuration/secret,https://kubernetes.io/docs/concepts/configuration/secret/,1
kubernetes-docs:4,How do I manage Secrets in Kubernetes?,kubernetes-docs,crawl4ai,2,https://kubernetes.io/docs/concepts/configuration/secret/,0.7312973990587882,true,configuration/secret,https://kubernetes.io/docs/concepts/configuration/secret/,1
kubernetes-docs:4,How do I manage Secrets in Kubernetes?,kubernetes-docs,crawl4ai,3,https://kubernetes.io/docs/tasks/inject-data-application/distribute-credentials-secure/,0.7075792109992651,false,configuration/secret,https://kubernetes.io/docs/tasks/inject-data-application/distribute-credentials-secure/,2
kubernetes-docs:4,How do I manage Secrets in Kubernetes?,kubernetes-docs,crawl4ai,4,https://kubernetes.io/docs/concepts/configuration/secret/,0.7055709503095968,true,configuration/secret,https://kubernetes.io/docs/concepts/configuration/secret/,1
kubernetes-docs:4,How do I manage Secrets in Kubernetes?,kubernetes-docs,crawl4ai,5,https://kubernetes.io/docs/tasks/configmap-secret/managing-secret-using-kubectl/,0.704914179688318,true,configuration/secret,https://kubernetes.io/docs/tasks/configmap-secret/managing-secret-using-kubectl/,3
kubernetes-docs:5,What are namespaces in Kubernetes and when should I use them?,kubernetes-docs,crawl4ai,1,https://kubernetes.io/docs/concepts/overview/working-with-objects/namespaces/,0.7463844540530876,true,working-with-objects/namespaces,https://kubernetes.io/docs/concepts/overview/working-with-objects/namespaces/,1
kubernetes-docs:5,What are namespaces in Kubernetes and when should I use them?,kubernetes-docs,crawl4ai,2,https://kubernetes.io/docs/tasks/administer-cluster/namespaces/,0.683443373830551,true,working-with-objects/namespaces,https://kubernetes.io/docs/tasks/administer-cluster/namespaces/,2
kubernetes-docs:5,What are namespaces in Kubernetes and when should I use them?,kubernetes-docs,crawl4ai,3,https://kubernetes.io/docs/tasks/administer-cluster/namespaces/,0.6821189825224,true,working-with-objects/namespaces,https://kubernetes.io/docs/tasks/administer-cluster/namespaces/,2
kubernetes-docs:5,What are namespaces in Kubernetes and when should I use them?,kubernetes-docs,crawl4ai,4,https://kubernetes.io/docs/concepts/security/multi-tenancy/,0.6657985243816051,false,working-with-objects/namespaces,https://kubernetes.io/docs/concepts/security/multi-tenancy/,3
kubernetes-docs:5,What are namespaces in Kubernetes and when should I use them?,kubernetes-docs,crawl4ai,5,https://kubernetes.io/docs/concepts/overview/working-with-objects/namespaces/,0.6643596653958632,true,working-with-objects/namespaces,https://kubernetes.io/docs/concepts/overview/working-with-objects/namespaces/,1
kubernetes-docs:6,How does Kubernetes Ingress route external traffic?,kubernetes-docs,crawl4ai,1,https://kubernetes.io/docs/concepts/services-networking/ingress/,0.6264541017330445,true,services-networking/ingress,https://kubernetes.io/docs/concepts/services-networking/ingress/,1
kubernetes-docs:6,How does Kubernetes Ingress route external traffic?,kubernetes-docs,crawl4ai,2,https://kubernetes.io/docs/concepts/services-networking/ingress-controllers/,0.6198759250530659,true,services-networking/ingress,https://kubernetes.io/docs/concepts/services-networking/ingress-controllers/,2
kubernetes-docs:6,How does Kubernetes Ingress route external traffic?,kubernetes-docs,crawl4ai,3,https://kubernetes.io/docs/concepts/services-networking/ingress/,0.5898421019406689,true,services-networking/ingress,https://kubernetes.io/docs/concepts/services-networking/ingress/,1
kubernetes-docs:6,How does Kubernetes Ingress route external traffic?,kubernetes-docs,crawl4ai,4,https://kubernetes.io/docs/concepts/services-networking/ingress/,0.580665927017503,true,services-networking/ingress,https://kubernetes.io/docs/concepts/services-networking/ingress/,1
kubernetes-docs:6,How does Kubernetes Ingress route external traffic?,kubernetes-docs,crawl4ai,5,https://kubernetes.io/docs/concepts/services-networking/ingress/,0.5804655971395714,true,services-networking/ingress,https://kubernetes.io/docs/concepts/services-networking/ingress/,1
kubernetes-docs:7,What is a StatefulSet and when do I need one?,kubernetes-docs,crawl4ai,1,https://kubernetes.io/docs/concepts/workloads/controllers/statefulset/,0.5855297432991566,true,controllers/statefulset,https://kubernetes.io/docs/concepts/workloads/controllers/statefulset/,1
kubernetes-docs:7,What is a StatefulSet and when do I need one?,kubernetes-docs,crawl4ai,2,https://kubernetes.io/docs/concepts/workloads/controllers/statefulset/,0.549684730453146,true,controllers/statefulset,https://kubernetes.io/docs/concepts/workloads/controllers/statefulset/,1
kubernetes-docs:7,What is a StatefulSet and when do I need one?,kubernetes-docs,crawl4ai,3,https://kubernetes.io/docs/concepts/workloads/controllers/statefulset/,0.4679704062418349,true,controllers/statefulset,https://kubernetes.io/docs/concepts/workloads/controllers/statefulset/,1
kubernetes-docs:7,What is a StatefulSet and when do I need one?,kubernetes-docs,crawl4ai,4,https://kubernetes.io/docs/concepts/workloads/controllers/statefulset/,0.45447117181347574,true,controllers/statefulset,https://kubernetes.io/docs/concepts/workloads/controllers/statefulset/,1
kubernetes-docs:7,What is a StatefulSet and when do I need one?,kubernetes-docs,crawl4ai,5,https://kubernetes.io/docs/concepts/workloads/controllers/statefulset/,0.4422257694863281,true,controllers/statefulset,https://kubernetes.io/docs/concepts/workloads/controllers/statefulset/,1
kubernetes-docs:0,What is a Kubernetes pod and what does it represent?,kubernetes-docs,crawl4ai-raw,1,https://kubernetes.io/docs/concepts/workloads/pods/,0.6729314023369155,true,workloads/pods,https://kubernetes.io/docs/concepts/workloads/pods/,1
kubernetes-docs:0,What is a Kubernetes pod and what does it represent?,kubernetes-docs,crawl4ai-raw,2,https://kubernetes.io/docs/concepts/workloads/pods/,0.6285564636214314,true,workloads/pods,https://kubernetes.io/docs/concepts/workloads/pods/,1
kubernetes-docs:0,What is a Kubernetes pod and what does it represent?,kubernetes-docs,crawl4ai-raw,3,https://kubernetes.io/docs/concepts/workloads/pods/advanced-pod-config/,0.6050370767090473,true,workloads/pods,https://kubernetes.io/docs/concepts/workloads/pods/advanced-pod-config/,2
kubernetes-docs:0,What is a Kubernetes pod and what does it represent?,kubernetes-docs,crawl4ai-raw,4,https://kubernetes.io/docs/tasks/administer-cluster/node-overprovisioning/,0.5999964330563804,false,workloads/pods,https://kubernetes.io/docs/tasks/administer-cluster/node-overprovisioning/,3
kubernetes-docs:0,What is a Kubernetes pod and what does it represent?,kubernetes-docs,crawl4ai-raw,5,https://kubernetes.io/docs/concepts/workloads/pods/,0.5962376616257432,true,workloads/pods,https://kubernetes.io/docs/concepts/workloads/pods/,1
kubernetes-docs:1,How do Kubernetes Deployments manage replicas and rollouts?,kubernetes-docs,crawl4ai-raw,1,https://kubernetes.io/docs/concepts/workloads/controllers/deployment/,0.6891379382931422,true,controllers/deployment,https://kubernetes.io/docs/concepts/workloads/controllers/deployment/,1
kubernetes-docs:1,How do Kubernetes Deployments manage replicas and rollouts?,kubernetes-docs,crawl4ai-raw,2,https://kubernetes.io/docs/concepts/workloads/controllers/deployment/,0.6677343102401022,true,controllers/deployment,https://kubernetes.io/docs/concepts/workloads/controllers/deployment/,1
kubernetes-docs:1,How do Kubernetes Deployments manage replicas and rollouts?,kubernetes-docs,crawl4ai-raw,3,https://kubernetes.io/docs/concepts/workloads/management/,0.6615545394018388,false,controllers/deployment,https://kubernetes.io/docs/concepts/workloads/management/,2
kubernetes-docs:1,How do Kubernetes Deployments manage replicas and rollouts?,kubernetes-docs,crawl4ai-raw,4,https://kubernetes.io/docs/concepts/workloads/controllers/deployment/,0.6494482793664356,true,controllers/deployment,https://kubernetes.io/docs/concepts/workloads/controllers/deployment/,1
kubernetes-docs:1,How do Kubernetes Deployments manage replicas and rollouts?,kubernetes-docs,crawl4ai-raw,5,https://kubernetes.io/docs/concepts/workloads/controllers/deployment/,0.6375550755387548,true,controllers/deployment,https://kubernetes.io/docs/concepts/workloads/controllers/deployment/,1
kubernetes-docs:2,What is a Kubernetes Service and how does it expose pods?,kubernetes-docs,crawl4ai-raw,1,https://kubernetes.io/docs/concepts/services-networking/service/,0.6795258771035346,true,services-networking/service,https://kubernetes.io/docs/concepts/services-networking/service/,1
kubernetes-docs:2,What is a Kubernetes Service and how does it expose pods?,kubernetes-docs,crawl4ai-raw,2,https://kubernetes.io/docs/concepts/services-networking/service/,0.6753211035984358,true,services-networking/service,https://kubernetes.io/docs/concepts/services-networking/service/,1
kubernetes-docs:2,What is a Kubernetes Service and how does it expose pods?,kubernetes-docs,crawl4ai-raw,3,https://kubernetes.io/docs/concepts/services-networking/service/,0.6083110436692953,true,services-networking/service,https://kubernetes.io/docs/concepts/services-networking/service/,1
kubernetes-docs:2,What is a Kubernetes Service and how does it expose pods?,kubernetes-docs,crawl4ai-raw,4,https://kubernetes.io/docs/concepts/services-networking/service/,0.6069001092472206,true,services-networking/service,https://kubernetes.io/docs/concepts/services-networking/service/,1
kubernetes-docs:2,What is a Kubernetes Service and how does it expose pods?,kubernetes-docs,crawl4ai-raw,5,https://kubernetes.io/docs/concepts/services-networking/service/,0.602990501997145,true,services-networking/service,https://kubernetes.io/docs/concepts/services-networking/service/,1
kubernetes-docs:3,How do I use ConfigMaps to inject configuration into pods?,kubernetes-docs,crawl4ai-raw,1,https://kubernetes.io/docs/tasks/configure-pod-container/configure-pod-configmap/,0.6904184898229703,true,configuration/configmap,https://kubernetes.io/docs/tasks/configure-pod-container/configure-pod-configmap/,1
kubernetes-docs:3,How do I use ConfigMaps to inject configuration into pods?,kubernetes-docs,crawl4ai-raw,2,https://kubernetes.io/docs/concepts/configuration/configmap/,0.6719353926075062,true,configuration/configmap,https://kubernetes.io/docs/concepts/configuration/configmap/,2
kubernetes-docs:3,How do I use ConfigMaps to inject configuration into pods?,kubernetes-docs,crawl4ai-raw,3,https://kubernetes.io/docs/tasks/configure-pod-container/configure-pod-configmap/,0.6542007546252083,true,configuration/configmap,https://kubernetes.io/docs/tasks/configure-pod-container/configure-pod-configmap/,1
kubernetes-docs:3,How do I use ConfigMaps to inject configuration into pods?,kubernetes-docs,crawl4ai-raw,4,https://kubernetes.io/docs/tasks/configure-pod-container/configure-pod-configmap/,0.649050697582518,true,configuration/configmap,https://kubernetes.io/docs/tasks/configure-pod-container/configure-pod-configmap/,1
kubernetes-docs:3,How do I use ConfigMaps to inject configuration into pods?,kubernetes-docs,crawl4ai-raw,5,https://kubernetes.io/docs/concepts/configuration/configmap/,0.6442233846550374,true,configuration/configmap,https://kubernetes.io/docs/concepts/configuration/configmap/,2
kubernetes-docs:4,How do I manage Secrets in Kubernetes?,kubernetes-docs,crawl4ai-raw,1,https://kubernetes.io/docs/concepts/configuration/secret/,0.7943381901484173,true,configuration/secret,https://kubernetes.io/docs/concepts/configuration/secret/,1
kubernetes-docs:4,How do I manage Secrets in Kubernetes?,kubernetes-docs,crawl4ai-raw,2,https://kubernetes.io/docs/concepts/configuration/secret/,0.7312973990587882,true,configuration/secret,https://kubernetes.io/docs/concepts/configuration/secret/,1
kubernetes-docs:4,How do I manage Secrets in Kubernetes?,kubernetes-docs,crawl4ai-raw,3,https://kubernetes.io/docs/tasks/inject-data-application/distribute-credentials-secure/,0.7075792109992651,false,configuration/secret,https://kubernetes.io/docs/tasks/inject-data-application/distribute-credentials-secure/,2
kubernetes-docs:4,How do I manage Secrets in Kubernetes?,kubernetes-docs,crawl4ai-raw,4,https://kubernetes.io/docs/concepts/configuration/secret/,0.7055709503095968,true,configuration/secret,https://kubernetes.io/docs/concepts/configuration/secret/,1
kubernetes-docs:4,How do I manage Secrets in Kubernetes?,kubernetes-docs,crawl4ai-raw,5,https://kubernetes.io/docs/tasks/configmap-secret/managing-secret-using-kubectl/,0.704914179688318,true,configuration/secret,https://kubernetes.io/docs/tasks/configmap-secret/managing-secret-using-kubectl/,3
kubernetes-docs:5,What are namespaces in Kubernetes and when should I use them?,kubernetes-docs,crawl4ai-raw,1,https://kubernetes.io/docs/concepts/overview/working-with-objects/namespaces/,0.7463844540530876,true,working-with-objects/namespaces,https://kubernetes.io/docs/concepts/overview/working-with-objects/namespaces/,1
kubernetes-docs:5,What are namespaces in Kubernetes and when should I use them?,kubernetes-docs,crawl4ai-raw,2,https://kubernetes.io/docs/tasks/administer-cluster/namespaces/,0.683443373830551,true,working-with-objects/namespaces,https://kubernetes.io/docs/tasks/administer-cluster/namespaces/,2
kubernetes-docs:5,What are namespaces in Kubernetes and when should I use them?,kubernetes-docs,crawl4ai-raw,3,https://kubernetes.io/docs/tasks/administer-cluster/namespaces/,0.6821189825224,true,working-with-objects/namespaces,https://kubernetes.io/docs/tasks/administer-cluster/namespaces/,2
kubernetes-docs:5,What are namespaces in Kubernetes and when should I use them?,kubernetes-docs,crawl4ai-raw,4,https://kubernetes.io/docs/concepts/security/multi-tenancy/,0.6657985243816051,false,working-with-objects/namespaces,https://kubernetes.io/docs/concepts/security/multi-tenancy/,3
kubernetes-docs:5,What are namespaces in Kubernetes and when should I use them?,kubernetes-docs,crawl4ai-raw,5,https://kubernetes.io/docs/concepts/overview/working-with-objects/namespaces/,0.6643596653958632,true,working-with-objects/namespaces,https://kubernetes.io/docs/concepts/overview/working-with-objects/namespaces/,1
kubernetes-docs:6,How does Kubernetes Ingress route external traffic?,kubernetes-docs,crawl4ai-raw,1,https://kubernetes.io/docs/concepts/services-networking/ingress/,0.6264541017330445,true,services-networking/ingress,https://kubernetes.io/docs/concepts/services-networking/ingress/,1
kubernetes-docs:6,How does Kubernetes Ingress route external traffic?,kubernetes-docs,crawl4ai-raw,2,https://kubernetes.io/docs/concepts/services-networking/ingress-controllers/,0.6198759250530659,true,services-networking/ingress,https://kubernetes.io/docs/concepts/services-networking/ingress-controllers/,2
kubernetes-docs:6,How does Kubernetes Ingress route external traffic?,kubernetes-docs,crawl4ai-raw,3,https://kubernetes.io/docs/concepts/services-networking/ingress/,0.5898421019406689,true,services-networking/ingress,https://kubernetes.io/docs/concepts/services-networking/ingress/,1
kubernetes-docs:6,How does Kubernetes Ingress route external traffic?,kubernetes-docs,crawl4ai-raw,4,https://kubernetes.io/docs/concepts/services-networking/ingress/,0.580665927017503,true,services-networking/ingress,https://kubernetes.io/docs/concepts/services-networking/ingress/,1
kubernetes-docs:6,How does Kubernetes Ingress route external traffic?,kubernetes-docs,crawl4ai-raw,5,https://kubernetes.io/docs/concepts/services-networking/ingress/,0.5804655971395714,true,services-networking/ingress,https://kubernetes.io/docs/concepts/services-networking/ingress/,1
kubernetes-docs:7,What is a StatefulSet and when do I need one?,kubernetes-docs,crawl4ai-raw,1,https://kubernetes.io/docs/concepts/workloads/controllers/statefulset/,0.5855297432991566,true,controllers/statefulset,https://kubernetes.io/docs/concepts/workloads/controllers/statefulset/,1
kubernetes-docs:7,What is a StatefulSet and when do I need one?,kubernetes-docs,crawl4ai-raw,2,https://kubernetes.io/docs/concepts/workloads/controllers/statefulset/,0.549684730453146,true,controllers/statefulset,https://kubernetes.io/docs/concepts/workloads/controllers/statefulset/,1
kubernetes-docs:7,What is a StatefulSet and when do I need one?,kubernetes-docs,crawl4ai-raw,3,https://kubernetes.io/docs/concepts/workloads/controllers/statefulset/,0.4679704062418349,true,controllers/statefulset,https://kubernetes.io/docs/concepts/workloads/controllers/statefulset/,1
kubernetes-docs:7,What is a StatefulSet and when do I need one?,kubernetes-docs,crawl4ai-raw,4,https://kubernetes.io/docs/concepts/workloads/controllers/statefulset/,0.45447117181347574,true,controllers/statefulset,https://kubernetes.io/docs/concepts/workloads/controllers/statefulset/,1
kubernetes-docs:7,What is a StatefulSet and when do I need one?,kubernetes-docs,crawl4ai-raw,5,https://kubernetes.io/docs/concepts/workloads/controllers/statefulset/,0.4422257694863281,true,controllers/statefulset,https://kubernetes.io/docs/concepts/workloads/controllers/statefulset/,1
kubernetes-docs:0,What is a Kubernetes pod and what does it represent?,kubernetes-docs,scrapy+md,1,https://kubernetes.io/uk/docs/reference/glossary/,0.6721894635993618,false,workloads/pods,https://kubernetes.io/uk/docs/reference/glossary/,1
kubernetes-docs:0,What is a Kubernetes pod and what does it represent?,kubernetes-docs,scrapy+md,2,https://kubernetes.io/docs/concepts/_print/,0.6398923552964311,false,workloads/pods,https://kubernetes.io/docs/concepts/_print/,2
kubernetes-docs:0,What is a Kubernetes pod and what does it represent?,kubernetes-docs,scrapy+md,3,https://kubernetes.io/de/docs/_print/,0.6120143043809052,false,workloads/pods,https://kubernetes.io/de/docs/_print/,3
kubernetes-docs:0,What is a Kubernetes pod and what does it represent?,kubernetes-docs,scrapy+md,4,https://kubernetes.io/uk/docs/reference/glossary/,0.599680040576479,false,workloads/pods,https://kubernetes.io/uk/docs/reference/glossary/,1
kubernetes-docs:0,What is a Kubernetes pod and what does it represent?,kubernetes-docs,scrapy+md,5,https://kubernetes.io/de/docs/_print/,0.5989821187189969,false,workloads/pods,https://kubernetes.io/de/docs/_print/,3
kubernetes-docs:1,How do Kubernetes Deployments manage replicas and rollouts?,kubernetes-docs,scrapy+md,1,https://kubernetes.io/docs/concepts/_print/,0.7007071243424681,false,controllers/deployment,https://kubernetes.io/docs/concepts/_print/,1
kubernetes-docs:1,How do Kubernetes Deployments manage replicas and rollouts?,kubernetes-docs,scrapy+md,2,https://kubernetes.io/docs/concepts/_print/,0.6676027436251261,false,controllers/deployment,https://kubernetes.io/docs/concepts/_print/,1
kubernetes-docs:1,How do Kubernetes Deployments manage replicas and rollouts?,kubernetes-docs,scrapy+md,3,https://kubernetes.io/docs/concepts/_print/,0.6616560217988876,false,controllers/deployment,https://kubernetes.io/docs/concepts/_print/,1
kubernetes-docs:1,How do Kubernetes Deployments manage replicas and rollouts?,kubernetes-docs,scrapy+md,4,https://kubernetes.io/docs/concepts/_print/,0.6424577333324072,false,controllers/deployment,https://kubernetes.io/docs/concepts/_print/,1
kubernetes-docs:1,How do Kubernetes Deployments manage replicas and rollouts?,kubernetes-docs,scrapy+md,5,https://kubernetes.io/docs/concepts/_print/,0.6410084407750443,false,controllers/deployment,https://kubernetes.io/docs/concepts/_print/,1
kubernetes-docs:2,What is a Kubernetes Service and how does it expose pods?,kubernetes-docs,scrapy+md,1,https://kubernetes.io/docs/concepts/_print/,0.7199038822720935,false,services-networking/service,https://kubernetes.io/docs/concepts/_print/,1
kubernetes-docs:2,What is a Kubernetes Service and how does it expose pods?,kubernetes-docs,scrapy+md,2,https://kubernetes.io/docs/concepts/_print/,0.667750416470168,false,services-networking/service,https://kubernetes.io/docs/concepts/_print/,1
kubernetes-docs:2,What is a Kubernetes Service and how does it expose pods?,kubernetes-docs,scrapy+md,3,https://kubernetes.io/de/docs/_print/,0.6375894247643293,false,services-networking/service,https://kubernetes.io/de/docs/_print/,2
kubernetes-docs:2,What is a Kubernetes Service and how does it expose pods?,kubernetes-docs,scrapy+md,4,https://kubernetes.io/docs/reference/generated/kubectl/kubectl-commands,0.6324467493209686,false,services-networking/service,https://kubernetes.io/docs/reference/generated/kubectl/kubectl-commands,3
kubernetes-docs:2,What is a Kubernetes Service and how does it expose pods?,kubernetes-docs,scrapy+md,5,https://kubernetes.io/docs/concepts/_print/,0.6076539512085346,false,services-networking/service,https://kubernetes.io/docs/concepts/_print/,1
kubernetes-docs:3,How do I use ConfigMaps to inject configuration into pods?,kubernetes-docs,scrapy+md,1,https://kubernetes.io/it/docs/concepts/configuration/configmap/,0.6844325641593129,true,configuration/configmap,https://kubernetes.io/it/docs/concepts/configuration/configmap/,1
kubernetes-docs:3,How do I use ConfigMaps to inject configuration into pods?,kubernetes-docs,scrapy+md,2,https://kubernetes.io/it/docs/_print/,0.6844325641593129,false,configuration/configmap,https://kubernetes.io/it/docs/_print/,2
kubernetes-docs:3,How do I use ConfigMaps to inject configuration into pods?,kubernetes-docs,scrapy+md,3,https://kubernetes.io/it/docs/concepts/configuration/_print/,0.6844325641593129,false,configuration/configmap,https://kubernetes.io/it/docs/concepts/configuration/_print/,3
kubernetes-docs:3,How do I use ConfigMaps to inject configuration into pods?,kubernetes-docs,scrapy+md,4,https://kubernetes.io/docs/concepts/_print/,0.6800014692862236,false,configuration/configmap,https://kubernetes.io/docs/concepts/_print/,4
kubernetes-docs:3,How do I use ConfigMaps to inject configuration into pods?,kubernetes-docs,scrapy+md,5,https://kubernetes.io/it/docs/concepts/configuration/configmap/,0.6736790237972711,true,configuration/configmap,https://kubernetes.io/it/docs/concepts/configuration/configmap/,1
kubernetes-docs:4,How do I manage Secrets in Kubernetes?,kubernetes-docs,scrapy+md,1,https://kubernetes.io/docs/concepts/_print/,0.7312214214724122,false,configuration/secret,https://kubernetes.io/docs/concepts/_print/,1
kubernetes-docs:4,How do I manage Secrets in Kubernetes?,kubernetes-docs,scrapy+md,2,https://kubernetes.io/docs/concepts/_print/,0.723510372758792,false,configuration/secret,https://kubernetes.io/docs/concepts/_print/,1
kubernetes-docs:4,How do I manage Secrets in Kubernetes?,kubernetes-docs,scrapy+md,3,https://kubernetes.io/docs/concepts/_print/,0.6716626794424971,false,configuration/secret,https://kubernetes.io/docs/concepts/_print/,1
kubernetes-docs:4,How do I manage Secrets in Kubernetes?,kubernetes-docs,scrapy+md,4,https://kubernetes.io/docs/concepts/_print/,0.6690397493064649,false,configuration/secret,https://kubernetes.io/docs/concepts/_print/,1
kubernetes-docs:4,How do I manage Secrets in Kubernetes?,kubernetes-docs,scrapy+md,5,https://kubernetes.io/docs/concepts/_print/,0.6582059747079,false,configuration/secret,https://kubernetes.io/docs/concepts/_print/,1
kubernetes-docs:5,What are namespaces in Kubernetes and when should I use them?,kubernetes-docs,scrapy+md,1,https://kubernetes.io/docs/concepts/_print/,0.7071776772792071,false,working-with-objects/namespaces,https://kubernetes.io/docs/concepts/_print/,1
kubernetes-docs:5,What are namespaces in Kubernetes and when should I use them?,kubernetes-docs,scrapy+md,2,https://kubernetes.io/docs/concepts/_print/,0.6620115178021526,false,working-with-objects/namespaces,https://kubernetes.io/docs/concepts/_print/,1
kubernetes-docs:5,What are namespaces in Kubernetes and when should I use them?,kubernetes-docs,scrapy+md,3,https://kubernetes.io/docs/concepts/_print/,0.6614260821612998,false,working-with-objects/namespaces,https://kubernetes.io/docs/concepts/_print/,1
kubernetes-docs:5,What are namespaces in Kubernetes and when should I use them?,kubernetes-docs,scrapy+md,4,https://kubernetes.io/docs/concepts/_print/,0.6476062496570966,false,working-with-objects/namespaces,https://kubernetes.io/docs/concepts/_print/,1
kubernetes-docs:5,What are namespaces in Kubernetes and when should I use them?,kubernetes-docs,scrapy+md,5,https://kubernetes.io/docs/concepts/_print/,0.6307024535137102,false,working-with-objects/namespaces,https://kubernetes.io/docs/concepts/_print/,1
kubernetes-docs:6,How does Kubernetes Ingress route external traffic?,kubernetes-docs,scrapy+md,1,https://kubernetes.io/docs/concepts/_print/,0.6544452892403454,false,services-networking/ingress,https://kubernetes.io/docs/concepts/_print/,1
kubernetes-docs:6,How does Kubernetes Ingress route external traffic?,kubernetes-docs,scrapy+md,2,https://kubernetes.io/docs/concepts/_print/,0.6202200387309529,false,services-networking/ingress,https://kubernetes.io/docs/concepts/_print/,1
kubernetes-docs:6,How does Kubernetes Ingress route external traffic?,kubernetes-docs,scrapy+md,3,https://kubernetes.io/docs/concepts/_print/,0.5707256716430772,false,services-networking/ingress,https://kubernetes.io/docs/concepts/_print/,1
kubernetes-docs:6,How does Kubernetes Ingress route external traffic?,kubernetes-docs,scrapy+md,4,https://kubernetes.io/docs/concepts/_print/,0.5658495479211179,false,services-networking/ingress,https://kubernetes.io/docs/concepts/_print/,1
kubernetes-docs:6,How does Kubernetes Ingress route external traffic?,kubernetes-docs,scrapy+md,5,https://kubernetes.io/docs/concepts/_print/,0.5643998141787574,false,services-networking/ingress,https://kubernetes.io/docs/concepts/_print/,1
kubernetes-docs:7,What is a StatefulSet and when do I need one?,kubernetes-docs,scrapy+md,1,https://kubernetes.io/docs/concepts/_print/,0.5837697691897623,false,controllers/statefulset,https://kubernetes.io/docs/concepts/_print/,1
kubernetes-docs:7,What is a StatefulSet and when do I need one?,kubernetes-docs,scrapy+md,2,https://kubernetes.io/docs/concepts/_print/,0.5433119400172094,false,controllers/statefulset,https://kubernetes.io/docs/concepts/_print/,1
kubernetes-docs:7,What is a StatefulSet and when do I need one?,kubernetes-docs,scrapy+md,3,https://kubernetes.io/docs/concepts/_print/,0.4677571081518929,false,controllers/statefulset,https://kubernetes.io/docs/concepts/_print/,1
kubernetes-docs:7,What is a StatefulSet and when do I need one?,kubernetes-docs,scrapy+md,4,https://kubernetes.io/docs/concepts/_print/,0.45395394164319897,false,controllers/statefulset,https://kubernetes.io/docs/concepts/_print/,1
kubernetes-docs:7,What is a StatefulSet and when do I need one?,kubernetes-docs,scrapy+md,5,https://kubernetes.io/docs/concepts/_print/,0.4298740513264357,false,controllers/statefulset,https://kubernetes.io/docs/concepts/_print/,1
kubernetes-docs:0,What is a Kubernetes pod and what does it represent?,kubernetes-docs,crawlee,1,https://kubernetes.io/docs/concepts/workloads/pods/,0.6568059943753057,true,workloads/pods,https://kubernetes.io/docs/concepts/workloads/pods/,1
kubernetes-docs:0,What is a Kubernetes pod and what does it represent?,kubernetes-docs,crawlee,2,https://kubernetes.io/docs/concepts/workloads/pods/,0.5858878788105062,true,workloads/pods,https://kubernetes.io/docs/concepts/workloads/pods/,1
kubernetes-docs:0,What is a Kubernetes pod and what does it represent?,kubernetes-docs,crawlee,3,https://kubernetes.io/ru/docs/concepts/,0.5740857014927649,false,workloads/pods,https://kubernetes.io/ru/docs/concepts/,2
kubernetes-docs:0,What is a Kubernetes pod and what does it represent?,kubernetes-docs,crawlee,4,https://kubernetes.io/docs/concepts/workloads/pods/pod-lifecycle/,0.5718863642148391,true,workloads/pods,https://kubernetes.io/docs/concepts/workloads/pods/pod-lifecycle/,3
kubernetes-docs:0,What is a Kubernetes pod and what does it represent?,kubernetes-docs,crawlee,5,https://kubernetes.io/docs/concepts/overview/,0.5648962615617661,false,workloads/pods,https://kubernetes.io/docs/concepts/overview/,4
kubernetes-docs:1,How do Kubernetes Deployments manage replicas and rollouts?,kubernetes-docs,crawlee,1,https://kubernetes.io/docs/concepts/workloads/controllers/deployment/,0.6791566208148835,true,controllers/deployment,https://kubernetes.io/docs/concepts/workloads/controllers/deployment/,1
kubernetes-docs:1,How do Kubernetes Deployments manage replicas and rollouts?,kubernetes-docs,crawlee,2,https://kubernetes.io/docs/concepts/workloads/management/,0.6676027436251261,false,controllers/deployment,https://kubernetes.io/docs/concepts/workloads/management/,2
kubernetes-docs:1,How do Kubernetes Deployments manage replicas and rollouts?,kubernetes-docs,crawlee,3,https://kubernetes.io/docs/concepts/workloads/controllers/deployment/,0.6616560217988876,true,controllers/deployment,https://kubernetes.io/docs/concepts/workloads/controllers/deployment/,1
kubernetes-docs:1,How do Kubernetes Deployments manage replicas and rollouts?,kubernetes-docs,crawlee,4,https://kubernetes.io/docs/concepts/workloads/controllers/deployment/,0.6424577333324072,true,controllers/deployment,https://kubernetes.io/docs/concepts/workloads/controllers/deployment/,1
kubernetes-docs:1,How do Kubernetes Deployments manage replicas and rollouts?,kubernetes-docs,crawlee,5,https://kubernetes.io/docs/concepts/workloads/controllers/deployment/,0.6410084407750443,true,controllers/deployment,https://kubernetes.io/docs/concepts/workloads/controllers/deployment/,1
kubernetes-docs:2,What is a Kubernetes Service and how does it expose pods?,kubernetes-docs,crawlee,1,https://kubernetes.io/docs/concepts/services-networking/service/,0.6822805574202311,true,services-networking/service,https://kubernetes.io/docs/concepts/services-networking/service/,1
kubernetes-docs:2,What is a Kubernetes Service and how does it expose pods?,kubernetes-docs,crawlee,2,https://kubernetes.io/docs/concepts/services-networking/service/,0.667750416470168,true,services-networking/service,https://kubernetes.io/docs/concepts/services-networking/service/,1
kubernetes-docs:2,What is a Kubernetes Service and how does it expose pods?,kubernetes-docs,crawlee,3,https://kubernetes.io/docs/tasks/access-application-cluster/service-access-application-cluster/,0.6271927838831254,true,services-networking/service,https://kubernetes.io/docs/tasks/access-application-cluster/service-access-application-cluster/,2
kubernetes-docs:2,What is a Kubernetes Service and how does it expose pods?,kubernetes-docs,crawlee,4,https://kubernetes.io/docs/concepts/services-networking/service/,0.6076539512085346,true,services-networking/service,https://kubernetes.io/docs/concepts/services-networking/service/,1
kubernetes-docs:2,What is a Kubernetes Service and how does it expose pods?,kubernetes-docs,crawlee,5,https://kubernetes.io/docs/concepts/services-networking/service/,0.6037889238790036,true,services-networking/service,https://kubernetes.io/docs/concepts/services-networking/service/,1
kubernetes-docs:3,How do I use ConfigMaps to inject configuration into pods?,kubernetes-docs,crawlee,1,https://kubernetes.io/docs/tasks/configure-pod-container/configure-pod-configmap/,0.6703786775852104,true,configuration/configmap,https://kubernetes.io/docs/tasks/configure-pod-container/configure-pod-configmap/,1
kubernetes-docs:3,How do I use ConfigMaps to inject configuration into pods?,kubernetes-docs,crawlee,2,https://kubernetes.io/docs/concepts/configuration/configmap/,0.6686440420827413,true,configuration/configmap,https://kubernetes.io/docs/concepts/configuration/configmap/,2
kubernetes-docs:3,How do I use ConfigMaps to inject configuration into pods?,kubernetes-docs,crawlee,3,https://kubernetes.io/docs/tasks/configure-pod-container/configure-pod-configmap/,0.6483353291659116,true,configuration/configmap,https://kubernetes.io/docs/tasks/configure-pod-container/configure-pod-configmap/,1
kubernetes-docs:3,How do I use ConfigMaps to inject configuration into pods?,kubernetes-docs,crawlee,4,https://kubernetes.io/docs/concepts/configuration/configmap/,0.6416634393695244,true,configuration/configmap,https://kubernetes.io/docs/concepts/configuration/configmap/,2
kubernetes-docs:3,How do I use ConfigMaps to inject configuration into pods?,kubernetes-docs,crawlee,5,https://kubernetes.io/docs/concepts/configuration/configmap/,0.6335960607706153,true,configuration/configmap,https://kubernetes.io/docs/concepts/configuration/configmap/,2
kubernetes-docs:4,How do I manage Secrets in Kubernetes?,kubernetes-docs,crawlee,1,https://kubernetes.io/docs/concepts/configuration/secret/,0.7718606074739837,true,configuration/secret,https://kubernetes.io/docs/concepts/configuration/secret/,1
kubernetes-docs:4,How do I manage Secrets in Kubernetes?,kubernetes-docs,crawlee,2,https://kubernetes.io/docs/concepts/configuration/secret/,0.7312214214724122,true,configuration/secret,https://kubernetes.io/docs/concepts/configuration/secret/,1
kubernetes-docs:4,How do I manage Secrets in Kubernetes?,kubernetes-docs,crawlee,3,https://kubernetes.io/docs/concepts/security/secrets-good-practices/,0.709543576632361,true,configuration/secret,https://kubernetes.io/docs/concepts/security/secrets-good-practices/,2
kubernetes-docs:4,How do I manage Secrets in Kubernetes?,kubernetes-docs,crawlee,4,https://kubernetes.io/docs/tasks/configmap-secret/managing-secret-using-kubectl/,0.6981740744038896,true,configuration/secret,https://kubernetes.io/docs/tasks/configmap-secret/managing-secret-using-kubectl/,3
kubernetes-docs:4,How do I manage Secrets in Kubernetes?,kubernetes-docs,crawlee,5,https://kubernetes.io/docs/tasks/inject-data-application/distribute-credentials-secure/,0.6944647877135138,false,configuration/secret,https://kubernetes.io/docs/tasks/inject-data-application/distribute-credentials-secure/,4
kubernetes-docs:5,What are namespaces in Kubernetes and when should I use them?,kubernetes-docs,crawlee,1,https://kubernetes.io/docs/concepts/overview/working-with-objects/namespaces/,0.7437502682837247,true,working-with-objects/namespaces,https://kubernetes.io/docs/concepts/overview/working-with-objects/namespaces/,1
kubernetes-docs:5,What are namespaces in Kubernetes and when should I use them?,kubernetes-docs,crawlee,2,https://kubernetes.io/docs/tasks/administer-cluster/namespaces/,0.6737269341469406,true,working-with-objects/namespaces,https://kubernetes.io/docs/tasks/administer-cluster/namespaces/,2
kubernetes-docs:5,What are namespaces in Kubernetes and when should I use them?,kubernetes-docs,crawlee,3,https://kubernetes.io/docs/tasks/administer-cluster/namespaces/,0.673193138823324,true,working-with-objects/namespaces,https://kubernetes.io/docs/tasks/administer-cluster/namespaces/,2
kubernetes-docs:5,What are namespaces in Kubernetes and when should I use them?,kubernetes-docs,crawlee,4,https://kubernetes.io/docs/concepts/overview/working-with-objects/namespaces/,0.671089348017491,true,working-with-objects/namespaces,https://kubernetes.io/docs/concepts/overview/working-with-objects/namespaces/,1
kubernetes-docs:5,What are namespaces in Kubernetes and when should I use them?,kubernetes-docs,crawlee,5,https://kubernetes.io/docs/concepts/security/multi-tenancy/,0.6620115178021526,false,working-with-objects/namespaces,https://kubernetes.io/docs/concepts/security/multi-tenancy/,3
kubernetes-docs:6,How does Kubernetes Ingress route external traffic?,kubernetes-docs,crawlee,1,https://kubernetes.io/docs/concepts/services-networking/ingress/,0.6323799078548304,true,services-networking/ingress,https://kubernetes.io/docs/concepts/services-networking/ingress/,1
kubernetes-docs:6,How does Kubernetes Ingress route external traffic?,kubernetes-docs,crawlee,2,https://kubernetes.io/docs/concepts/services-networking/ingress-controllers/,0.6202605218295476,true,services-networking/ingress,https://kubernetes.io/docs/concepts/services-networking/ingress-controllers/,2
kubernetes-docs:6,How does Kubernetes Ingress route external traffic?,kubernetes-docs,crawlee,3,https://kubernetes.io/docs/concepts/services-networking/ingress/,0.5897905645459343,true,services-networking/ingress,https://kubernetes.io/docs/concepts/services-networking/ingress/,1
kubernetes-docs:6,How does Kubernetes Ingress route external traffic?,kubernetes-docs,crawlee,4,https://kubernetes.io/docs/concepts/services-networking/ingress-controllers/,0.5867935637216231,true,services-networking/ingress,https://kubernetes.io/docs/concepts/services-networking/ingress-controllers/,2
kubernetes-docs:6,How does Kubernetes Ingress route external traffic?,kubernetes-docs,crawlee,5,https://kubernetes.io/docs/concepts/services-networking/ingress/,0.5783430533692784,true,services-networking/ingress,https://kubernetes.io/docs/concepts/services-networking/ingress/,1
kubernetes-docs:7,What is a StatefulSet and when do I need one?,kubernetes-docs,crawlee,1,https://kubernetes.io/docs/concepts/workloads/controllers/statefulset/,0.5868671462045514,true,controllers/statefulset,https://kubernetes.io/docs/concepts/workloads/controllers/statefulset/,1
kubernetes-docs:7,What is a StatefulSet and when do I need one?,kubernetes-docs,crawlee,2,https://kubernetes.io/docs/concepts/workloads/controllers/statefulset/,0.5494285830117478,true,controllers/statefulset,https://kubernetes.io/docs/concepts/workloads/controllers/statefulset/,1
kubernetes-docs:7,What is a StatefulSet and when do I need one?,kubernetes-docs,crawlee,3,https://kubernetes.io/docs/concepts/workloads/controllers/statefulset/,0.4961319220551027,true,controllers/statefulset,https://kubernetes.io/docs/concepts/workloads/controllers/statefulset/,1
kubernetes-docs:7,What is a StatefulSet and when do I need one?,kubernetes-docs,crawlee,4,https://kubernetes.io/docs/tasks/run-application/force-delete-stateful-set-pod/,0.49051944795075386,false,controllers/statefulset,https://kubernetes.io/docs/tasks/run-application/force-delete-stateful-set-pod/,2
kubernetes-docs:7,What is a StatefulSet and when do I need one?,kubernetes-docs,crawlee,5,https://kubernetes.io/docs/concepts/workloads/controllers/statefulset/,0.4677571081518929,true,controllers/statefulset,https://kubernetes.io/docs/concepts/workloads/controllers/statefulset/,1
kubernetes-docs:0,What is a Kubernetes pod and what does it represent?,kubernetes-docs,colly+md,1,https://kubernetes.io/docs/concepts/workloads/pods/,0.6568059943753057,true,workloads/pods,https://kubernetes.io/docs/concepts/workloads/pods/,1
kubernetes-docs:0,What is a Kubernetes pod and what does it represent?,kubernetes-docs,colly+md,2,https://kubernetes.io/docs/concepts/workloads/pods/,0.5858878788105062,true,workloads/pods,https://kubernetes.io/docs/concepts/workloads/pods/,1
kubernetes-docs:0,What is a Kubernetes pod and what does it represent?,kubernetes-docs,colly+md,3,https://kubernetes.io/ru/docs/concepts/,0.5740857014927649,false,workloads/pods,https://kubernetes.io/ru/docs/concepts/,2
kubernetes-docs:0,What is a Kubernetes pod and what does it represent?,kubernetes-docs,colly+md,4,https://kubernetes.io/docs/concepts/workloads/pods/pod-lifecycle/,0.5718987551856054,true,workloads/pods,https://kubernetes.io/docs/concepts/workloads/pods/pod-lifecycle/,3
kubernetes-docs:0,What is a Kubernetes pod and what does it represent?,kubernetes-docs,colly+md,5,https://kubernetes.io/docs/concepts/overview/,0.5648962615617661,false,workloads/pods,https://kubernetes.io/docs/concepts/overview/,4
kubernetes-docs:1,How do Kubernetes Deployments manage replicas and rollouts?,kubernetes-docs,colly+md,1,https://kubernetes.io/docs/concepts/workloads/controllers/deployment/,0.6791566208148835,true,controllers/deployment,https://kubernetes.io/docs/concepts/workloads/controllers/deployment/,1
kubernetes-docs:1,How do Kubernetes Deployments manage replicas and rollouts?,kubernetes-docs,colly+md,2,https://kubernetes.io/docs/concepts/workloads/management/,0.6676027436251261,false,controllers/deployment,https://kubernetes.io/docs/concepts/workloads/management/,2
kubernetes-docs:1,How do Kubernetes Deployments manage replicas and rollouts?,kubernetes-docs,colly+md,3,https://kubernetes.io/docs/concepts/workloads/controllers/deployment/,0.6616676751219921,true,controllers/deployment,https://kubernetes.io/docs/concepts/workloads/controllers/deployment/,1
kubernetes-docs:1,How do Kubernetes Deployments manage replicas and rollouts?,kubernetes-docs,colly+md,4,https://kubernetes.io/docs/concepts/workloads/controllers/deployment/,0.6424577333324072,true,controllers/deployment,https://kubernetes.io/docs/concepts/workloads/controllers/deployment/,1
kubernetes-docs:1,How do Kubernetes Deployments manage replicas and rollouts?,kubernetes-docs,colly+md,5,https://kubernetes.io/docs/concepts/workloads/controllers/deployment/,0.6410084407750443,true,controllers/deployment,https://kubernetes.io/docs/concepts/workloads/controllers/deployment/,1
kubernetes-docs:2,What is a Kubernetes Service and how does it expose pods?,kubernetes-docs,colly+md,1,https://kubernetes.io/docs/concepts/services-networking/service/,0.6822805574202311,true,services-networking/service,https://kubernetes.io/docs/concepts/services-networking/service/,1
kubernetes-docs:2,What is a Kubernetes Service and how does it expose pods?,kubernetes-docs,colly+md,2,https://kubernetes.io/docs/concepts/services-networking/service/,0.667750416470168,true,services-networking/service,https://kubernetes.io/docs/concepts/services-networking/service/,1
kubernetes-docs:2,What is a Kubernetes Service and how does it expose pods?,kubernetes-docs,colly+md,3,https://kubernetes.io/docs/tasks/access-application-cluster/service-access-applica,0.627328466618187,true,services-networking/service,https://kubernetes.io/docs/tasks/access-application-cluster/service-access-applica,2
kubernetes-docs:2,What is a Kubernetes Service and how does it expose pods?,kubernetes-docs,colly+md,4,https://kubernetes.io/docs/concepts/services-networking/service/,0.6076539512085346,true,services-networking/service,https://kubernetes.io/docs/concepts/services-networking/service/,1
kubernetes-docs:2,What is a Kubernetes Service and how does it expose pods?,kubernetes-docs,colly+md,5,https://kubernetes.io/docs/concepts/services-networking/service/,0.6037889238790036,true,services-networking/service,https://kubernetes.io/docs/concepts/services-networking/service/,1
kubernetes-docs:3,How do I use ConfigMaps to inject configuration into pods?,kubernetes-docs,colly+md,1,https://kubernetes.io/docs/tasks/configure-pod-container/configure-pod-configmap/,0.6703786775852104,true,configuration/configmap,https://kubernetes.io/docs/tasks/configure-pod-container/configure-pod-configmap/,1
kubernetes-docs:3,How do I use ConfigMaps to inject configuration into pods?,kubernetes-docs,colly+md,2,https://kubernetes.io/docs/concepts/configuration/configmap/,0.6687318198246872,true,configuration/configmap,https://kubernetes.io/docs/concepts/configuration/configmap/,2
kubernetes-docs:3,How do I use ConfigMaps to inject configuration into pods?,kubernetes-docs,colly+md,3,https://kubernetes.io/docs/tasks/configure-pod-container/configure-pod-configmap/,0.6483353291659116,true,configuration/configmap,https://kubernetes.io/docs/tasks/configure-pod-container/configure-pod-configmap/,1
kubernetes-docs:3,How do I use ConfigMaps to inject configuration into pods?,kubernetes-docs,colly+md,4,https://kubernetes.io/docs/concepts/configuration/configmap/,0.6416634393695244,true,configuration/configmap,https://kubernetes.io/docs/concepts/configuration/configmap/,2
kubernetes-docs:3,How do I use ConfigMaps to inject configuration into pods?,kubernetes-docs,colly+md,5,https://kubernetes.io/docs/concepts/configuration/configmap/,0.6336468179027857,true,configuration/configmap,https://kubernetes.io/docs/concepts/configuration/configmap/,2
kubernetes-docs:4,How do I manage Secrets in Kubernetes?,kubernetes-docs,colly+md,1,https://kubernetes.io/docs/concepts/configuration/secret/,0.7718606074739837,true,configuration/secret,https://kubernetes.io/docs/concepts/configuration/secret/,1
kubernetes-docs:4,How do I manage Secrets in Kubernetes?,kubernetes-docs,colly+md,2,https://kubernetes.io/docs/concepts/configuration/secret/,0.7312214214724122,true,configuration/secret,https://kubernetes.io/docs/concepts/configuration/secret/,1
kubernetes-docs:4,How do I manage Secrets in Kubernetes?,kubernetes-docs,colly+md,3,https://kubernetes.io/docs/concepts/security/secrets-good-practices/,0.709543576632361,true,configuration/secret,https://kubernetes.io/docs/concepts/security/secrets-good-practices/,2
kubernetes-docs:4,How do I manage Secrets in Kubernetes?,kubernetes-docs,colly+md,4,https://kubernetes.io/docs/tasks/configmap-secret/managing-secret-using-kubectl/,0.6981740744038896,true,configuration/secret,https://kubernetes.io/docs/tasks/configmap-secret/managing-secret-using-kubectl/,3
kubernetes-docs:4,How do I manage Secrets in Kubernetes?,kubernetes-docs,colly+md,5,https://kubernetes.io/docs/tasks/inject-data-application/distribute-credentials-se,0.6944647877135138,false,configuration/secret,https://kubernetes.io/docs/tasks/inject-data-application/distribute-credentials-se,4
kubernetes-docs:5,What are namespaces in Kubernetes and when should I use them?,kubernetes-docs,colly+md,1,https://kubernetes.io/docs/concepts/overview/working-with-objects/namespaces/,0.7437502682837247,true,working-with-objects/namespaces,https://kubernetes.io/docs/concepts/overview/working-with-objects/namespaces/,1
kubernetes-docs:5,What are namespaces in Kubernetes and when should I use them?,kubernetes-docs,colly+md,2,https://kubernetes.io/docs/tasks/administer-cluster/namespaces/,0.6737269341469406,true,working-with-objects/namespaces,https://kubernetes.io/docs/tasks/administer-cluster/namespaces/,2
kubernetes-docs:5,What are namespaces in Kubernetes and when should I use them?,kubernetes-docs,colly+md,3,https://kubernetes.io/docs/tasks/administer-cluster/namespaces/,0.673193138823324,true,working-with-objects/namespaces,https://kubernetes.io/docs/tasks/administer-cluster/namespaces/,2
kubernetes-docs:5,What are namespaces in Kubernetes and when should I use them?,kubernetes-docs,colly+md,4,https://kubernetes.io/docs/concepts/overview/working-with-objects/namespaces/,0.671089348017491,true,working-with-objects/namespaces,https://kubernetes.io/docs/concepts/overview/working-with-objects/namespaces/,1
kubernetes-docs:5,What are namespaces in Kubernetes and when should I use them?,kubernetes-docs,colly+md,5,https://kubernetes.io/docs/concepts/security/multi-tenancy/,0.6620324706940596,false,working-with-objects/namespaces,https://kubernetes.io/docs/concepts/security/multi-tenancy/,3
kubernetes-docs:6,How does Kubernetes Ingress route external traffic?,kubernetes-docs,colly+md,1,https://kubernetes.io/docs/concepts/services-networking/ingress/,0.6323799078548304,true,services-networking/ingress,https://kubernetes.io/docs/concepts/services-networking/ingress/,1
kubernetes-docs:6,How does Kubernetes Ingress route external traffic?,kubernetes-docs,colly+md,2,https://kubernetes.io/docs/concepts/services-networking/ingress-controllers/,0.6202605218295476,true,services-networking/ingress,https://kubernetes.io/docs/concepts/services-networking/ingress-controllers/,2
kubernetes-docs:6,How does Kubernetes Ingress route external traffic?,kubernetes-docs,colly+md,3,https://kubernetes.io/docs/concepts/services-networking/ingress/,0.5897905645459343,true,services-networking/ingress,https://kubernetes.io/docs/concepts/services-networking/ingress/,1
kubernetes-docs:6,How does Kubernetes Ingress route external traffic?,kubernetes-docs,colly+md,4,https://kubernetes.io/docs/concepts/services-networking/ingress-controllers/,0.5867301322641563,true,services-networking/ingress,https://kubernetes.io/docs/concepts/services-networking/ingress-controllers/,2
kubernetes-docs:6,How does Kubernetes Ingress route external traffic?,kubernetes-docs,colly+md,5,https://kubernetes.io/docs/concepts/services-networking/ingress/,0.5783430533692784,true,services-networking/ingress,https://kubernetes.io/docs/concepts/services-networking/ingress/,1
kubernetes-docs:7,What is a StatefulSet and when do I need one?,kubernetes-docs,colly+md,1,https://kubernetes.io/docs/concepts/workloads/controllers/statefulset/,0.5868671462045514,true,controllers/statefulset,https://kubernetes.io/docs/concepts/workloads/controllers/statefulset/,1
kubernetes-docs:7,What is a StatefulSet and when do I need one?,kubernetes-docs,colly+md,2,https://kubernetes.io/docs/concepts/workloads/controllers/statefulset/,0.5494285830117478,true,controllers/statefulset,https://kubernetes.io/docs/concepts/workloads/controllers/statefulset/,1
kubernetes-docs:7,What is a StatefulSet and when do I need one?,kubernetes-docs,colly+md,3,https://kubernetes.io/docs/concepts/workloads/controllers/statefulset/,0.4960981426831057,true,controllers/statefulset,https://kubernetes.io/docs/concepts/workloads/controllers/statefulset/,1
kubernetes-docs:7,What is a StatefulSet and when do I need one?,kubernetes-docs,colly+md,4,https://kubernetes.io/docs/tasks/run-application/force-delete-stateful-set-pod/,0.49051944795075386,false,controllers/statefulset,https://kubernetes.io/docs/tasks/run-application/force-delete-stateful-set-pod/,2
kubernetes-docs:7,What is a StatefulSet and when do I need one?,kubernetes-docs,colly+md,5,https://kubernetes.io/docs/concepts/workloads/controllers/statefulset/,0.4677571081518929,true,controllers/statefulset,https://kubernetes.io/docs/concepts/workloads/controllers/statefulset/,1
kubernetes-docs:0,What is a Kubernetes pod and what does it represent?,kubernetes-docs,playwright,1,https://kubernetes.io/docs/concepts/workloads/pods/,0.6568277073853066,true,workloads/pods,https://kubernetes.io/docs/concepts/workloads/pods/,1
kubernetes-docs:0,What is a Kubernetes pod and what does it represent?,kubernetes-docs,playwright,2,https://kubernetes.io/docs/concepts/workloads/pods/,0.5858818386424732,true,workloads/pods,https://kubernetes.io/docs/concepts/workloads/pods/,1
kubernetes-docs:0,What is a Kubernetes pod and what does it represent?,kubernetes-docs,playwright,3,https://kubernetes.io/ru/docs/concepts/,0.5739440871729571,false,workloads/pods,https://kubernetes.io/ru/docs/concepts/,2
kubernetes-docs:0,What is a Kubernetes pod and what does it represent?,kubernetes-docs,playwright,4,https://kubernetes.io/docs/concepts/workloads/pods/pod-lifecycle/,0.5719087927305665,true,workloads/pods,https://kubernetes.io/docs/concepts/workloads/pods/pod-lifecycle/,3
kubernetes-docs:0,What is a Kubernetes pod and what does it represent?,kubernetes-docs,playwright,5,https://kubernetes.io/docs/concepts/overview/,0.5647305993826401,false,workloads/pods,https://kubernetes.io/docs/concepts/overview/,4
kubernetes-docs:1,How do Kubernetes Deployments manage replicas and rollouts?,kubernetes-docs,playwright,1,https://kubernetes.io/docs/concepts/workloads/controllers/deployment/,0.6791566208148835,true,controllers/deployment,https://kubernetes.io/docs/concepts/workloads/controllers/deployment/,1
kubernetes-docs:1,How do Kubernetes Deployments manage replicas and rollouts?,kubernetes-docs,playwright,2,https://kubernetes.io/docs/concepts/workloads/management/,0.6675744570829781,false,controllers/deployment,https://kubernetes.io/docs/concepts/workloads/management/,2
kubernetes-docs:1,How do Kubernetes Deployments manage replicas and rollouts?,kubernetes-docs,playwright,3,https://kubernetes.io/docs/concepts/workloads/controllers/deployment/,0.6616560217988876,true,controllers/deployment,https://kubernetes.io/docs/concepts/workloads/controllers/deployment/,1
kubernetes-docs:1,How do Kubernetes Deployments manage replicas and rollouts?,kubernetes-docs,playwright,4,https://kubernetes.io/docs/concepts/workloads/controllers/deployment/,0.6424577333324072,true,controllers/deployment,https://kubernetes.io/docs/concepts/workloads/controllers/deployment/,1
kubernetes-docs:1,How do Kubernetes Deployments manage replicas and rollouts?,kubernetes-docs,playwright,5,https://kubernetes.io/docs/concepts/workloads/controllers/deployment/,0.6410084407750443,true,controllers/deployment,https://kubernetes.io/docs/concepts/workloads/controllers/deployment/,1
kubernetes-docs:2,What is a Kubernetes Service and how does it expose pods?,kubernetes-docs,playwright,1,https://kubernetes.io/docs/concepts/services-networking/service/,0.6822805574202311,true,services-networking/service,https://kubernetes.io/docs/concepts/services-networking/service/,1
kubernetes-docs:2,What is a Kubernetes Service and how does it expose pods?,kubernetes-docs,playwright,2,https://kubernetes.io/docs/concepts/services-networking/service/,0.667750416470168,true,services-networking/service,https://kubernetes.io/docs/concepts/services-networking/service/,1
kubernetes-docs:2,What is a Kubernetes Service and how does it expose pods?,kubernetes-docs,playwright,3,https://kubernetes.io/docs/tasks/access-application-cluster/service-access-application-cluster/,0.6271927838831254,true,services-networking/service,https://kubernetes.io/docs/tasks/access-application-cluster/service-access-application-cluster/,2
kubernetes-docs:2,What is a Kubernetes Service and how does it expose pods?,kubernetes-docs,playwright,4,https://kubernetes.io/docs/concepts/services-networking/service/,0.6076539512085346,true,services-networking/service,https://kubernetes.io/docs/concepts/services-networking/service/,1
kubernetes-docs:2,What is a Kubernetes Service and how does it expose pods?,kubernetes-docs,playwright,5,https://kubernetes.io/docs/concepts/services-networking/service/,0.6037889238790036,true,services-networking/service,https://kubernetes.io/docs/concepts/services-networking/service/,1
kubernetes-docs:3,How do I use ConfigMaps to inject configuration into pods?,kubernetes-docs,playwright,1,https://kubernetes.io/docs/tasks/configure-pod-container/configure-pod-configmap/,0.6703786775852104,true,configuration/configmap,https://kubernetes.io/docs/tasks/configure-pod-container/configure-pod-configmap/,1
kubernetes-docs:3,How do I use ConfigMaps to inject configuration into pods?,kubernetes-docs,playwright,2,https://kubernetes.io/docs/concepts/configuration/configmap/,0.6687318198246872,true,configuration/configmap,https://kubernetes.io/docs/concepts/configuration/configmap/,2
kubernetes-docs:3,How do I use ConfigMaps to inject configuration into pods?,kubernetes-docs,playwright,3,https://kubernetes.io/docs/tasks/configure-pod-container/configure-pod-configmap/,0.6483353291659116,true,configuration/configmap,https://kubernetes.io/docs/tasks/configure-pod-container/configure-pod-configmap/,1
kubernetes-docs:3,How do I use ConfigMaps to inject configuration into pods?,kubernetes-docs,playwright,4,https://kubernetes.io/docs/concepts/configuration/configmap/,0.6416634393695244,true,configuration/configmap,https://kubernetes.io/docs/concepts/configuration/configmap/,2
kubernetes-docs:3,How do I use ConfigMaps to inject configuration into pods?,kubernetes-docs,playwright,5,https://kubernetes.io/docs/concepts/configuration/configmap/,0.6336468179027857,true,configuration/configmap,https://kubernetes.io/docs/concepts/configuration/configmap/,2
kubernetes-docs:4,How do I manage Secrets in Kubernetes?,kubernetes-docs,playwright,1,https://kubernetes.io/docs/concepts/configuration/secret/,0.7718606074739837,true,configuration/secret,https://kubernetes.io/docs/concepts/configuration/secret/,1
kubernetes-docs:4,How do I manage Secrets in Kubernetes?,kubernetes-docs,playwright,2,https://kubernetes.io/docs/concepts/configuration/secret/,0.7312214214724122,true,configuration/secret,https://kubernetes.io/docs/concepts/configuration/secret/,1
kubernetes-docs:4,How do I manage Secrets in Kubernetes?,kubernetes-docs,playwright,3,https://kubernetes.io/docs/concepts/security/secrets-good-practices/,0.709543576632361,true,configuration/secret,https://kubernetes.io/docs/concepts/security/secrets-good-practices/,2
kubernetes-docs:4,How do I manage Secrets in Kubernetes?,kubernetes-docs,playwright,4,https://kubernetes.io/docs/tasks/configmap-secret/managing-secret-using-kubectl/,0.6981740744038896,true,configuration/secret,https://kubernetes.io/docs/tasks/configmap-secret/managing-secret-using-kubectl/,3
kubernetes-docs:4,How do I manage Secrets in Kubernetes?,kubernetes-docs,playwright,5,https://kubernetes.io/docs/tasks/inject-data-application/distribute-credentials-secure/,0.6945811252648282,false,configuration/secret,https://kubernetes.io/docs/tasks/inject-data-application/distribute-credentials-secure/,4
kubernetes-docs:5,What are namespaces in Kubernetes and when should I use them?,kubernetes-docs,playwright,1,https://kubernetes.io/docs/concepts/overview/working-with-objects/namespaces/,0.7437502682837247,true,working-with-objects/namespaces,https://kubernetes.io/docs/concepts/overview/working-with-objects/namespaces/,1
kubernetes-docs:5,What are namespaces in Kubernetes and when should I use them?,kubernetes-docs,playwright,2,https://kubernetes.io/docs/tasks/administer-cluster/namespaces/,0.6737269341469406,true,working-with-objects/namespaces,https://kubernetes.io/docs/tasks/administer-cluster/namespaces/,2
kubernetes-docs:5,What are namespaces in Kubernetes and when should I use them?,kubernetes-docs,playwright,3,https://kubernetes.io/docs/tasks/administer-cluster/namespaces/,0.673193138823324,true,working-with-objects/namespaces,https://kubernetes.io/docs/tasks/administer-cluster/namespaces/,2
kubernetes-docs:5,What are namespaces in Kubernetes and when should I use them?,kubernetes-docs,playwright,4,https://kubernetes.io/docs/concepts/overview/working-with-objects/namespaces/,0.671089348017491,true,working-with-objects/namespaces,https://kubernetes.io/docs/concepts/overview/working-with-objects/namespaces/,1
kubernetes-docs:5,What are namespaces in Kubernetes and when should I use them?,kubernetes-docs,playwright,5,https://kubernetes.io/docs/concepts/security/multi-tenancy/,0.6620115178021526,false,working-with-objects/namespaces,https://kubernetes.io/docs/concepts/security/multi-tenancy/,3
kubernetes-docs:6,How does Kubernetes Ingress route external traffic?,kubernetes-docs,playwright,1,https://kubernetes.io/docs/concepts/services-networking/ingress/,0.6323799078548304,true,services-networking/ingress,https://kubernetes.io/docs/concepts/services-networking/ingress/,1
kubernetes-docs:6,How does Kubernetes Ingress route external traffic?,kubernetes-docs,playwright,2,https://kubernetes.io/docs/concepts/services-networking/ingress-controllers/,0.6202519659697627,true,services-networking/ingress,https://kubernetes.io/docs/concepts/services-networking/ingress-controllers/,2
kubernetes-docs:6,How does Kubernetes Ingress route external traffic?,kubernetes-docs,playwright,3,https://kubernetes.io/docs/concepts/services-networking/ingress/,0.5897905645459343,true,services-networking/ingress,https://kubernetes.io/docs/concepts/services-networking/ingress/,1
kubernetes-docs:6,How does Kubernetes Ingress route external traffic?,kubernetes-docs,playwright,4,https://kubernetes.io/docs/concepts/services-networking/ingress-controllers/,0.5867935637216231,true,services-networking/ingress,https://kubernetes.io/docs/concepts/services-networking/ingress-controllers/,2
kubernetes-docs:6,How does Kubernetes Ingress route external traffic?,kubernetes-docs,playwright,5,https://kubernetes.io/docs/concepts/services-networking/ingress/,0.5783430533692784,true,services-networking/ingress,https://kubernetes.io/docs/concepts/services-networking/ingress/,1
kubernetes-docs:7,What is a StatefulSet and when do I need one?,kubernetes-docs,playwright,1,https://kubernetes.io/docs/concepts/workloads/controllers/statefulset/,0.5868671462045514,true,controllers/statefulset,https://kubernetes.io/docs/concepts/workloads/controllers/statefulset/,1
kubernetes-docs:7,What is a StatefulSet and when do I need one?,kubernetes-docs,playwright,2,https://kubernetes.io/docs/concepts/workloads/controllers/statefulset/,0.5494285830117478,true,controllers/statefulset,https://kubernetes.io/docs/concepts/workloads/controllers/statefulset/,1
kubernetes-docs:7,What is a StatefulSet and when do I need one?,kubernetes-docs,playwright,3,https://kubernetes.io/docs/concepts/workloads/controllers/statefulset/,0.4961319220551027,true,controllers/statefulset,https://kubernetes.io/docs/concepts/workloads/controllers/statefulset/,1
kubernetes-docs:7,What is a StatefulSet and when do I need one?,kubernetes-docs,playwright,4,https://kubernetes.io/docs/tasks/run-application/force-delete-stateful-set-pod/,0.49051944795075386,false,controllers/statefulset,https://kubernetes.io/docs/tasks/run-application/force-delete-stateful-set-pod/,2
kubernetes-docs:7,What is a StatefulSet and when do I need one?,kubernetes-docs,playwright,5,https://kubernetes.io/docs/concepts/workloads/controllers/statefulset/,0.4677571081518929,true,controllers/statefulset,https://kubernetes.io/docs/concepts/workloads/controllers/statefulset/,1
postgres-docs:0,What data types does PostgreSQL support?,postgres-docs,markcrawl,1,https://www.postgresql.org/docs/current/extend-type-system.html,0.6539680942063812,false,datatype,https://www.postgresql.org/docs/current/extend-type-system.html,1
postgres-docs:0,What data types does PostgreSQL support?,postgres-docs,markcrawl,2,https://www.postgresql.org/docs/current/datatype.html,0.6379072161249668,true,datatype,https://www.postgresql.org/docs/current/datatype.html,2
postgres-docs:0,What data types does PostgreSQL support?,postgres-docs,markcrawl,3,https://www.postgresql.org/docs/current/typeconv-overview.html,0.6358332964373877,false,datatype,https://www.postgresql.org/docs/current/typeconv-overview.html,3
postgres-docs:0,What data types does PostgreSQL support?,postgres-docs,markcrawl,4,https://www.postgresql.org/docs/current/datatype-datetime.html,0.6355983373588328,true,datatype,https://www.postgresql.org/docs/current/datatype-datetime.html,4
postgres-docs:0,What data types does PostgreSQL support?,postgres-docs,markcrawl,5,https://www.postgresql.org/docs/current/datatype.html,0.6162651979591505,true,datatype,https://www.postgresql.org/docs/current/datatype.html,2
postgres-docs:1,What is the SQL syntax for queries in PostgreSQL?,postgres-docs,markcrawl,1,https://www.postgresql.org/docs/current/sql.html,0.6372796649836475,false,sql-syntax,https://www.postgresql.org/docs/current/sql.html,1
postgres-docs:1,What is the SQL syntax for queries in PostgreSQL?,postgres-docs,markcrawl,2,https://www.postgresql.org/docs/current/sql-commands.html,0.6153517435950862,false,sql-syntax,https://www.postgresql.org/docs/current/sql-commands.html,2
postgres-docs:1,What is the SQL syntax for queries in PostgreSQL?,postgres-docs,markcrawl,3,https://www.postgresql.org/docs/current/sql.html,0.6088007114922376,false,sql-syntax,https://www.postgresql.org/docs/current/sql.html,1
postgres-docs:1,What is the SQL syntax for queries in PostgreSQL?,postgres-docs,markcrawl,4,https://www.postgresql.org/docs/current/typeconv-overview.html,0.6056569116696978,false,sql-syntax,https://www.postgresql.org/docs/current/typeconv-overview.html,3
postgres-docs:1,What is the SQL syntax for queries in PostgreSQL?,postgres-docs,markcrawl,5,https://www.postgresql.org/docs/current/sql-select.html,0.5955386671968048,false,sql-syntax,https://www.postgresql.org/docs/current/sql-select.html,4
postgres-docs:2,How do indexes work in PostgreSQL?,postgres-docs,markcrawl,1,https://www.postgresql.org/docs/current/indexes-index-only-scans.html,0.6275741269732243,true,indexes,https://www.postgresql.org/docs/current/indexes-index-only-scans.html,1
postgres-docs:2,How do indexes work in PostgreSQL?,postgres-docs,markcrawl,2,https://www.postgresql.org/docs/current/indexes-index-only-scans.html,0.6159748087795284,true,indexes,https://www.postgresql.org/docs/current/indexes-index-only-scans.html,1
postgres-docs:2,How do indexes work in PostgreSQL?,postgres-docs,markcrawl,3,https://www.postgresql.org/docs/current/indexes-types.html,0.6112796912287566,true,indexes,https://www.postgresql.org/docs/current/indexes-types.html,2
postgres-docs:2,How do indexes work in PostgreSQL?,postgres-docs,markcrawl,4,https://www.postgresql.org/docs/current/indexes-types.html,0.6003802869484431,true,indexes,https://www.postgresql.org/docs/current/indexes-types.html,2
postgres-docs:2,How do indexes work in PostgreSQL?,postgres-docs,markcrawl,5,https://www.postgresql.org/docs/current/indexam.html,0.5775082883370093,false,indexes,https://www.postgresql.org/docs/current/indexam.html,3
postgres-docs:3,How does MVCC concurrency control work in PostgreSQL?,postgres-docs,markcrawl,1,https://www.postgresql.org/docs/current/mvcc.html,0.5799276353043249,true,mvcc,https://www.postgresql.org/docs/current/mvcc.html,1
postgres-docs:3,How does MVCC concurrency control work in PostgreSQL?,postgres-docs,markcrawl,2,https://www.postgresql.org/docs/current/mvcc-caveats.html,0.5615204025680383,true,mvcc,https://www.postgresql.org/docs/current/mvcc-caveats.html,2
postgres-docs:3,How does MVCC concurrency control work in PostgreSQL?,postgres-docs,markcrawl,3,https://www.postgresql.org/docs/current/applevel-consistency.html,0.5598040820820782,false,mvcc,https://www.postgresql.org/docs/current/applevel-consistency.html,3
postgres-docs:3,How does MVCC concurrency control work in PostgreSQL?,postgres-docs,markcrawl,4,https://www.postgresql.org/docs/current/mvcc-caveats.html,0.5465351758170872,true,mvcc,https://www.postgresql.org/docs/current/mvcc-caveats.html,2
postgres-docs:3,How does MVCC concurrency control work in PostgreSQL?,postgres-docs,markcrawl,5,https://www.postgresql.org/docs/current/applevel-consistency.html,0.5461731731380711,false,mvcc,https://www.postgresql.org/docs/current/applevel-consistency.html,3
postgres-docs:4,How do transactions work in PostgreSQL?,postgres-docs,markcrawl,1,https://www.postgresql.org/docs/current/plpgsql-transactions.html,0.6060278092550659,true,transactions,https://www.postgresql.org/docs/current/plpgsql-transactions.html,1
postgres-docs:4,How do transactions work in PostgreSQL?,postgres-docs,markcrawl,2,https://www.postgresql.org/docs/current/glossary.html,0.5688377869741769,false,transactions,https://www.postgresql.org/docs/current/glossary.html,2
postgres-docs:4,How do transactions work in PostgreSQL?,postgres-docs,markcrawl,3,https://www.postgresql.org/docs/current/transaction-id.html,0.5612779777361997,false,transactions,https://www.postgresql.org/docs/current/transaction-id.html,3
postgres-docs:4,How do transactions work in PostgreSQL?,postgres-docs,markcrawl,4,https://www.postgresql.org/docs/current/functions-datetime.html,0.5561762990441571,false,transactions,https://www.postgresql.org/docs/current/functions-datetime.html,4
postgres-docs:4,How do transactions work in PostgreSQL?,postgres-docs,markcrawl,5,https://www.postgresql.org/docs/current/routine-vacuuming.html,0.5366550391677485,false,transactions,https://www.postgresql.org/docs/current/routine-vacuuming.html,5
postgres-docs:5,How do I set up logical replication in PostgreSQL?,postgres-docs,markcrawl,1,https://www.postgresql.org/docs/current/logical-replication.html,0.7012580925474572,true,logical-replication,https://www.postgresql.org/docs/current/logical-replication.html,1
postgres-docs:5,How do I set up logical replication in PostgreSQL?,postgres-docs,markcrawl,2,https://www.postgresql.org/docs/current/logicaldecoding-explanation.html,0.5780102454213819,false,logical-replication,https://www.postgresql.org/docs/current/logicaldecoding-explanation.html,2
postgres-docs:5,How do I set up logical replication in PostgreSQL?,postgres-docs,markcrawl,3,https://www.postgresql.org/docs/current/warm-standby.html,0.571973388096681,false,logical-replication,https://www.postgresql.org/docs/current/warm-standby.html,3
postgres-docs:5,How do I set up logical replication in PostgreSQL?,postgres-docs,markcrawl,4,https://www.postgresql.org/docs/current/logical-replication-architecture.html,0.5694211048384705,true,logical-replication,https://www.postgresql.org/docs/current/logical-replication-architecture.html,4
postgres-docs:5,How do I set up logical replication in PostgreSQL?,postgres-docs,markcrawl,5,https://www.postgresql.org/docs/current/logical-replication.html,0.5616682318937443,true,logical-replication,https://www.postgresql.org/docs/current/logical-replication.html,1
postgres-docs:6,What built-in functions and operators are available in PostgreSQL?,postgres-docs,markcrawl,1,https://www.postgresql.org/docs/current/plpgsql-overview.html,0.6410588092072826,false,functions,https://www.postgresql.org/docs/current/plpgsql-overview.html,1
postgres-docs:6,What built-in functions and operators are available in PostgreSQL?,postgres-docs,markcrawl,2,https://www.postgresql.org/docs/current/tutorial-agg.html,0.6317873950332716,false,functions,https://www.postgresql.org/docs/current/tutorial-agg.html,2
postgres-docs:6,What built-in functions and operators are available in PostgreSQL?,postgres-docs,markcrawl,3,https://www.postgresql.org/docs/current/functions.html,0.6226972734797319,true,functions,https://www.postgresql.org/docs/current/functions.html,3
postgres-docs:6,What built-in functions and operators are available in PostgreSQL?,postgres-docs,markcrawl,4,https://www.postgresql.org/docs/current/gin.html,0.6224865676388074,false,functions,https://www.postgresql.org/docs/current/gin.html,4
postgres-docs:6,What built-in functions and operators are available in PostgreSQL?,postgres-docs,markcrawl,5,https://www.postgresql.org/docs/current/gist.html,0.6211482354723566,false,functions,https://www.postgresql.org/docs/current/gist.html,5
postgres-docs:7,How do I use full text search in PostgreSQL?,postgres-docs,markcrawl,1,https://www.postgresql.org/docs/current/textsearch-psql.html,0.5884952363714973,true,textsearch,https://www.postgresql.org/docs/current/textsearch-psql.html,1
postgres-docs:7,How do I use full text search in PostgreSQL?,postgres-docs,markcrawl,2,https://www.postgresql.org/docs/current/textsearch-controls.html,0.5872985000690979,true,textsearch,https://www.postgresql.org/docs/current/textsearch-controls.html,2
postgres-docs:7,How do I use full text search in PostgreSQL?,postgres-docs,markcrawl,3,https://www.postgresql.org/docs/current/textsearch-configuration.html,0.5475228555873961,true,textsearch,https://www.postgresql.org/docs/current/textsearch-configuration.html,3
postgres-docs:7,How do I use full text search in PostgreSQL?,postgres-docs,markcrawl,4,https://www.postgresql.org/docs/current/textsearch.html,0.5287385513796244,true,textsearch,https://www.postgresql.org/docs/current/textsearch.html,4
postgres-docs:7,How do I use full text search in PostgreSQL?,postgres-docs,markcrawl,5,https://www.postgresql.org/docs/current/pgtrgm.html,0.5001488991333403,false,textsearch,https://www.postgresql.org/docs/current/pgtrgm.html,5
postgres-docs:0,What data types does PostgreSQL support?,postgres-docs,crawl4ai,1,https://www.postgresql.org/docs/17/datatype.html,0.6964198667741113,true,datatype,https://www.postgresql.org/docs/17/datatype.html,1
postgres-docs:0,What data types does PostgreSQL support?,postgres-docs,crawl4ai,2,https://www.postgresql.org/docs/18/datatype.html,0.6963987511997711,true,datatype,https://www.postgresql.org/docs/18/datatype.html,2
postgres-docs:0,What data types does PostgreSQL support?,postgres-docs,crawl4ai,3,https://www.postgresql.org/docs/current/datatype.html,0.6963987511997711,true,datatype,https://www.postgresql.org/docs/current/datatype.html,3
postgres-docs:0,What data types does PostgreSQL support?,postgres-docs,crawl4ai,4,https://www.postgresql.org/about/,0.6460409795198977,false,datatype,https://www.postgresql.org/about/,4
postgres-docs:0,What data types does PostgreSQL support?,postgres-docs,crawl4ai,5,https://www.postgresql.org/docs/17/datatype.html,0.6076914472810663,true,datatype,https://www.postgresql.org/docs/17/datatype.html,1
postgres-docs:1,What is the SQL syntax for queries in PostgreSQL?,postgres-docs,crawl4ai,1,https://www.postgresql.org/docs/current/sql.html,0.6471735395318167,false,sql-syntax,https://www.postgresql.org/docs/current/sql.html,1
postgres-docs:1,What is the SQL syntax for queries in PostgreSQL?,postgres-docs,crawl4ai,2,https://www.postgresql.org/docs/18/sql.html,0.6471735395318167,false,sql-syntax,https://www.postgresql.org/docs/18/sql.html,2
postgres-docs:1,What is the SQL syntax for queries in PostgreSQL?,postgres-docs,crawl4ai,3,https://www.postgresql.org/docs/17/sql.html,0.6427603526187092,false,sql-syntax,https://www.postgresql.org/docs/17/sql.html,3
postgres-docs:1,What is the SQL syntax for queries in PostgreSQL?,postgres-docs,crawl4ai,4,https://www.postgresql.org/docs/current/sql-syntax.html,0.5741436799987444,true,sql-syntax,https://www.postgresql.org/docs/current/sql-syntax.html,4
postgres-docs:1,What is the SQL syntax for queries in PostgreSQL?,postgres-docs,crawl4ai,5,https://www.postgresql.org/docs/18/sql-syntax.html,0.5740448835823437,true,sql-syntax,https://www.postgresql.org/docs/18/sql-syntax.html,5
postgres-docs:2,How do indexes work in PostgreSQL?,postgres-docs,crawl4ai,1,https://www.postgresql.org/docs/18/indexam.html,0.5703771513503422,false,indexes,https://www.postgresql.org/docs/18/indexam.html,1
postgres-docs:2,How do indexes work in PostgreSQL?,postgres-docs,crawl4ai,2,https://www.postgresql.org/docs/current/indexam.html,0.5703758176806091,false,indexes,https://www.postgresql.org/docs/current/indexam.html,2
postgres-docs:2,How do indexes work in PostgreSQL?,postgres-docs,crawl4ai,3,https://www.postgresql.org/docs/18/indexes.html,0.5467246120988146,true,indexes,https://www.postgresql.org/docs/18/indexes.html,3
postgres-docs:2,How do indexes work in PostgreSQL?,postgres-docs,crawl4ai,4,https://www.postgresql.org/docs/current/indexes.html,0.5467246120988146,true,indexes,https://www.postgresql.org/docs/current/indexes.html,4
postgres-docs:2,How do indexes work in PostgreSQL?,postgres-docs,crawl4ai,5,https://www.postgresql.org/docs/17/indexes.html,0.5441904327401305,true,indexes,https://www.postgresql.org/docs/17/indexes.html,5
postgres-docs:3,How does MVCC concurrency control work in PostgreSQL?,postgres-docs,crawl4ai,1,https://www.postgresql.org/docs/current/glossary.html,0.45115557984994964,false,mvcc,https://www.postgresql.org/docs/current/glossary.html,1
postgres-docs:3,How does MVCC concurrency control work in PostgreSQL?,postgres-docs,crawl4ai,2,https://www.postgresql.org/docs/18/glossary.html,0.449020514527942,false,mvcc,https://www.postgresql.org/docs/18/glossary.html,2
postgres-docs:3,How does MVCC concurrency control work in PostgreSQL?,postgres-docs,crawl4ai,3,https://www.postgresql.org/docs/18/mvcc.html,0.44386988027972274,true,mvcc,https://www.postgresql.org/docs/18/mvcc.html,3
postgres-docs:3,How does MVCC concurrency control work in PostgreSQL?,postgres-docs,crawl4ai,4,https://www.postgresql.org/docs/current/mvcc.html,0.4437963391282043,true,mvcc,https://www.postgresql.org/docs/current/mvcc.html,4
postgres-docs:3,How does MVCC concurrency control work in PostgreSQL?,postgres-docs,crawl4ai,5,https://www.postgresql.org/docs/17/mvcc.html,0.44188151601603265,true,mvcc,https://www.postgresql.org/docs/17/mvcc.html,5
postgres-docs:4,How do transactions work in PostgreSQL?,postgres-docs,crawl4ai,1,https://www.postgresql.org/docs/current/reference.html,0.5669289968805078,false,transactions,https://www.postgresql.org/docs/current/reference.html,1
postgres-docs:4,How do transactions work in PostgreSQL?,postgres-docs,crawl4ai,2,https://www.postgresql.org/docs/18/reference.html,0.5669248396329927,false,transactions,https://www.postgresql.org/docs/18/reference.html,2
postgres-docs:4,How do transactions work in PostgreSQL?,postgres-docs,crawl4ai,3,https://www.postgresql.org/docs/current/transactions.html,0.5599614578208283,true,transactions,https://www.postgresql.org/docs/current/transactions.html,3
postgres-docs:4,How do transactions work in PostgreSQL?,postgres-docs,crawl4ai,4,https://www.postgresql.org/docs/18/transactions.html,0.5597925266854324,true,transactions,https://www.postgresql.org/docs/18/transactions.html,4
postgres-docs:4,How do transactions work in PostgreSQL?,postgres-docs,crawl4ai,5,https://www.postgresql.org/docs/current/glossary.html,0.547141982963896,false,transactions,https://www.postgresql.org/docs/current/glossary.html,5
postgres-docs:5,How do I set up logical replication in PostgreSQL?,postgres-docs,crawl4ai,1,https://www.postgresql.org/docs/current/logical-replication.html,0.7060425760578747,true,logical-replication,https://www.postgresql.org/docs/current/logical-replication.html,1
postgres-docs:5,How do I set up logical replication in PostgreSQL?,postgres-docs,crawl4ai,2,https://www.postgresql.org/docs/18/logical-replication.html,0.7060425760578747,true,logical-replication,https://www.postgresql.org/docs/18/logical-replication.html,2
postgres-docs:5,How do I set up logical replication in PostgreSQL?,postgres-docs,crawl4ai,3,https://www.postgresql.org/docs/17/logical-replication.html,0.7010729322922338,true,logical-replication,https://www.postgresql.org/docs/17/logical-replication.html,3
postgres-docs:5,How do I set up logical replication in PostgreSQL?,postgres-docs,crawl4ai,4,https://www.postgresql.org/docs/17/logical-replication.html,0.6366846916315795,true,logical-replication,https://www.postgresql.org/docs/17/logical-replication.html,3
postgres-docs:5,How do I set up logical replication in PostgreSQL?,postgres-docs,crawl4ai,5,https://www.postgresql.org/docs/current/logical-replication.html,0.6366235178954118,true,logical-replication,https://www.postgresql.org/docs/current/logical-replication.html,1
postgres-docs:6,What built-in functions and operators are available in PostgreSQL?,postgres-docs,crawl4ai,1,https://www.postgresql.org/docs/17/functions.html,0.6581436293896594,true,functions,https://www.postgresql.org/docs/17/functions.html,1
postgres-docs:6,What built-in functions and operators are available in PostgreSQL?,postgres-docs,crawl4ai,2,https://www.postgresql.org/docs/current/functions.html,0.6578065561088092,true,functions,https://www.postgresql.org/docs/current/functions.html,2
postgres-docs:6,What built-in functions and operators are available in PostgreSQL?,postgres-docs,crawl4ai,3,https://www.postgresql.org/docs/18/functions.html,0.6578065561088092,true,functions,https://www.postgresql.org/docs/18/functions.html,3
postgres-docs:6,What built-in functions and operators are available in PostgreSQL?,postgres-docs,crawl4ai,4,https://www.postgresql.org/docs/7.4/index.html,0.6506797157954999,false,functions,https://www.postgresql.org/docs/7.4/index.html,4
postgres-docs:6,What built-in functions and operators are available in PostgreSQL?,postgres-docs,crawl4ai,5,https://www.postgresql.org/docs/current/functions-string.html,0.6504935425323498,true,functions,https://www.postgresql.org/docs/current/functions-string.html,5
postgres-docs:7,How do I use full text search in PostgreSQL?,postgres-docs,crawl4ai,1,https://www.postgresql.org/docs/18/textsearch.html,0.5449777388922512,true,textsearch,https://www.postgresql.org/docs/18/textsearch.html,1
postgres-docs:7,How do I use full text search in PostgreSQL?,postgres-docs,crawl4ai,2,https://www.postgresql.org/docs/current/textsearch.html,0.5449777388922512,true,textsearch,https://www.postgresql.org/docs/current/textsearch.html,2
postgres-docs:7,How do I use full text search in PostgreSQL?,postgres-docs,crawl4ai,3,https://www.postgresql.org/docs/17/textsearch.html,0.5440564995215706,true,textsearch,https://www.postgresql.org/docs/17/textsearch.html,3
postgres-docs:7,How do I use full text search in PostgreSQL?,postgres-docs,crawl4ai,4,https://www.postgresql.org/docs/current/pgtrgm.html,0.5116263521896212,false,textsearch,https://www.postgresql.org/docs/current/pgtrgm.html,4
postgres-docs:7,How do I use full text search in PostgreSQL?,postgres-docs,crawl4ai,5,https://www.postgresql.org/docs/current/pgtrgm.html,0.49233741431910333,false,textsearch,https://www.postgresql.org/docs/current/pgtrgm.html,4
postgres-docs:0,What data types does PostgreSQL support?,postgres-docs,crawl4ai-raw,1,https://www.postgresql.org/docs/18/datatype.html,0.6963987511997711,true,datatype,https://www.postgresql.org/docs/18/datatype.html,1
postgres-docs:0,What data types does PostgreSQL support?,postgres-docs,crawl4ai-raw,2,https://www.postgresql.org/docs/17/datatype.html,0.6963987511997711,true,datatype,https://www.postgresql.org/docs/17/datatype.html,2
postgres-docs:0,What data types does PostgreSQL support?,postgres-docs,crawl4ai-raw,3,https://www.postgresql.org/docs/current/datatype.html,0.6963987511997711,true,datatype,https://www.postgresql.org/docs/current/datatype.html,3
postgres-docs:0,What data types does PostgreSQL support?,postgres-docs,crawl4ai-raw,4,https://www.postgresql.org/about/,0.6460409795198977,false,datatype,https://www.postgresql.org/about/,4
postgres-docs:0,What data types does PostgreSQL support?,postgres-docs,crawl4ai-raw,5,https://www.postgresql.org/docs/18/datatype.html,0.6076678729504789,true,datatype,https://www.postgresql.org/docs/18/datatype.html,1
postgres-docs:1,What is the SQL syntax for queries in PostgreSQL?,postgres-docs,crawl4ai-raw,1,https://www.postgresql.org/docs/18/sql.html,0.6471735395318167,false,sql-syntax,https://www.postgresql.org/docs/18/sql.html,1
postgres-docs:1,What is the SQL syntax for queries in PostgreSQL?,postgres-docs,crawl4ai-raw,2,https://www.postgresql.org/docs/current/sql.html,0.6471735395318167,false,sql-syntax,https://www.postgresql.org/docs/current/sql.html,2
postgres-docs:1,What is the SQL syntax for queries in PostgreSQL?,postgres-docs,crawl4ai-raw,3,https://www.postgresql.org/docs/17/sql.html,0.6427958198155074,false,sql-syntax,https://www.postgresql.org/docs/17/sql.html,3
postgres-docs:1,What is the SQL syntax for queries in PostgreSQL?,postgres-docs,crawl4ai-raw,4,https://www.postgresql.org/docs/current/sql-syntax.html,0.5741436799987444,true,sql-syntax,https://www.postgresql.org/docs/current/sql-syntax.html,4
postgres-docs:1,What is the SQL syntax for queries in PostgreSQL?,postgres-docs,crawl4ai-raw,5,https://www.postgresql.org/docs/18/sql-syntax.html,0.5741436799987444,true,sql-syntax,https://www.postgresql.org/docs/18/sql-syntax.html,5
postgres-docs:2,How do indexes work in PostgreSQL?,postgres-docs,crawl4ai-raw,1,https://www.postgresql.org/docs/18/indexam.html,0.5703771513503422,false,indexes,https://www.postgresql.org/docs/18/indexam.html,1
postgres-docs:2,How do indexes work in PostgreSQL?,postgres-docs,crawl4ai-raw,2,https://www.postgresql.org/docs/current/indexam.html,0.5703771513503422,false,indexes,https://www.postgresql.org/docs/current/indexam.html,2
postgres-docs:2,How do indexes work in PostgreSQL?,postgres-docs,crawl4ai-raw,3,https://www.postgresql.org/docs/18/indexes.html,0.5467246120988146,true,indexes,https://www.postgresql.org/docs/18/indexes.html,3
postgres-docs:2,How do indexes work in PostgreSQL?,postgres-docs,crawl4ai-raw,4,https://www.postgresql.org/docs/current/indexes.html,0.5465443753673326,true,indexes,https://www.postgresql.org/docs/current/indexes.html,4
postgres-docs:2,How do indexes work in PostgreSQL?,postgres-docs,crawl4ai-raw,5,https://www.postgresql.org/docs/17/indexes.html,0.5443193097277396,true,indexes,https://www.postgresql.org/docs/17/indexes.html,5
postgres-docs:3,How does MVCC concurrency control work in PostgreSQL?,postgres-docs,crawl4ai-raw,1,https://www.postgresql.org/docs/current/glossary.html,0.4513483683338223,false,mvcc,https://www.postgresql.org/docs/current/glossary.html,1
postgres-docs:3,How does MVCC concurrency control work in PostgreSQL?,postgres-docs,crawl4ai-raw,2,https://www.postgresql.org/docs/18/glossary.html,0.449020514527942,false,mvcc,https://www.postgresql.org/docs/18/glossary.html,2
postgres-docs:3,How does MVCC concurrency control work in PostgreSQL?,postgres-docs,crawl4ai-raw,3,https://www.postgresql.org/docs/18/mvcc.html,0.4437963391282043,true,mvcc,https://www.postgresql.org/docs/18/mvcc.html,3
postgres-docs:3,How does MVCC concurrency control work in PostgreSQL?,postgres-docs,crawl4ai-raw,4,https://www.postgresql.org/docs/current/mvcc.html,0.44369832190096137,true,mvcc,https://www.postgresql.org/docs/current/mvcc.html,4
postgres-docs:3,How does MVCC concurrency control work in PostgreSQL?,postgres-docs,crawl4ai-raw,5,https://www.postgresql.org/docs/17/mvcc.html,0.4421577361772563,true,mvcc,https://www.postgresql.org/docs/17/mvcc.html,5
postgres-docs:4,How do transactions work in PostgreSQL?,postgres-docs,crawl4ai-raw,1,https://www.postgresql.org/docs/current/reference.html,0.5669248396329927,false,transactions,https://www.postgresql.org/docs/current/reference.html,1
postgres-docs:4,How do transactions work in PostgreSQL?,postgres-docs,crawl4ai-raw,2,https://www.postgresql.org/docs/18/reference.html,0.5669248396329927,false,transactions,https://www.postgresql.org/docs/18/reference.html,2
postgres-docs:4,How do transactions work in PostgreSQL?,postgres-docs,crawl4ai-raw,3,https://www.postgresql.org/docs/18/transactions.html,0.5597925266854324,true,transactions,https://www.postgresql.org/docs/18/transactions.html,3
postgres-docs:4,How do transactions work in PostgreSQL?,postgres-docs,crawl4ai-raw,4,https://www.postgresql.org/docs/current/transactions.html,0.5597925266854324,true,transactions,https://www.postgresql.org/docs/current/transactions.html,4
postgres-docs:4,How do transactions work in PostgreSQL?,postgres-docs,crawl4ai-raw,5,https://www.postgresql.org/docs/current/glossary.html,0.547141982963896,false,transactions,https://www.postgresql.org/docs/current/glossary.html,5
postgres-docs:5,How do I set up logical replication in PostgreSQL?,postgres-docs,crawl4ai-raw,1,https://www.postgresql.org/docs/18/logical-replication.html,0.7060425760578747,true,logical-replication,https://www.postgresql.org/docs/18/logical-replication.html,1
postgres-docs:5,How do I set up logical replication in PostgreSQL?,postgres-docs,crawl4ai-raw,2,https://www.postgresql.org/docs/current/logical-replication.html,0.7060425760578747,true,logical-replication,https://www.postgresql.org/docs/current/logical-replication.html,2
postgres-docs:5,How do I set up logical replication in PostgreSQL?,postgres-docs,crawl4ai-raw,3,https://www.postgresql.org/docs/17/logical-replication.html,0.7011204348227889,true,logical-replication,https://www.postgresql.org/docs/17/logical-replication.html,3
postgres-docs:5,How do I set up logical replication in PostgreSQL?,postgres-docs,crawl4ai-raw,4,https://www.postgresql.org/docs/18/logical-replication.html,0.6366235178954118,true,logical-replication,https://www.postgresql.org/docs/18/logical-replication.html,1
postgres-docs:5,How do I set up logical replication in PostgreSQL?,postgres-docs,crawl4ai-raw,5,https://www.postgresql.org/docs/17/logical-replication.html,0.6366235178954118,true,logical-replication,https://www.postgresql.org/docs/17/logical-replication.html,3
postgres-docs:6,What built-in functions and operators are available in PostgreSQL?,postgres-docs,crawl4ai-raw,1,https://www.postgresql.org/docs/17/functions.html,0.6578065561088092,true,functions,https://www.postgresql.org/docs/17/functions.html,1
postgres-docs:6,What built-in functions and operators are available in PostgreSQL?,postgres-docs,crawl4ai-raw,2,https://www.postgresql.org/docs/18/functions.html,0.6578065561088092,true,functions,https://www.postgresql.org/docs/18/functions.html,2
postgres-docs:6,What built-in functions and operators are available in PostgreSQL?,postgres-docs,crawl4ai-raw,3,https://www.postgresql.org/docs/current/functions.html,0.6578065561088092,true,functions,https://www.postgresql.org/docs/current/functions.html,3
postgres-docs:6,What built-in functions and operators are available in PostgreSQL?,postgres-docs,crawl4ai-raw,4,https://www.postgresql.org/docs/7.4/index.html,0.6506797157954999,false,functions,https://www.postgresql.org/docs/7.4/index.html,4
postgres-docs:6,What built-in functions and operators are available in PostgreSQL?,postgres-docs,crawl4ai-raw,5,https://www.postgresql.org/docs/current/functions-string.html,0.6504935425323498,true,functions,https://www.postgresql.org/docs/current/functions-string.html,5
postgres-docs:7,How do I use full text search in PostgreSQL?,postgres-docs,crawl4ai-raw,1,https://www.postgresql.org/docs/current/textsearch.html,0.5450085336653933,true,textsearch,https://www.postgresql.org/docs/current/textsearch.html,1
postgres-docs:7,How do I use full text search in PostgreSQL?,postgres-docs,crawl4ai-raw,2,https://www.postgresql.org/docs/18/textsearch.html,0.5449777388922512,true,textsearch,https://www.postgresql.org/docs/18/textsearch.html,2
postgres-docs:7,How do I use full text search in PostgreSQL?,postgres-docs,crawl4ai-raw,3,https://www.postgresql.org/docs/17/textsearch.html,0.5441463973424112,true,textsearch,https://www.postgresql.org/docs/17/textsearch.html,3
postgres-docs:7,How do I use full text search in PostgreSQL?,postgres-docs,crawl4ai-raw,4,https://www.postgresql.org/docs/current/pgtrgm.html,0.5116263521896212,false,textsearch,https://www.postgresql.org/docs/current/pgtrgm.html,4
postgres-docs:7,How do I use full text search in PostgreSQL?,postgres-docs,crawl4ai-raw,5,https://www.postgresql.org/docs/current/pgtrgm.html,0.49233741431910333,false,textsearch,https://www.postgresql.org/docs/current/pgtrgm.html,4
postgres-docs:0,What data types does PostgreSQL support?,postgres-docs,scrapy+md,1,https://www.postgresql.org/docs/9.1/datatype-datetime.html,0.6149919961564976,true,datatype,https://www.postgresql.org/docs/9.1/datatype-datetime.html,1
postgres-docs:0,What data types does PostgreSQL support?,postgres-docs,scrapy+md,2,https://www.postgresql.org/docs/8.0/multibyte.html,0.5917473205981322,false,datatype,https://www.postgresql.org/docs/8.0/multibyte.html,2
postgres-docs:0,What data types does PostgreSQL support?,postgres-docs,scrapy+md,3,https://www.postgresql.org/docs/9.2/multibyte.html,0.5760091033096081,false,datatype,https://www.postgresql.org/docs/9.2/multibyte.html,3
postgres-docs:0,What data types does PostgreSQL support?,postgres-docs,scrapy+md,4,https://www.postgresql.org/docs/9.1/datatype-datetime.html,0.5644328989443096,true,datatype,https://www.postgresql.org/docs/9.1/datatype-datetime.html,1
postgres-docs:0,What data types does PostgreSQL support?,postgres-docs,scrapy+md,5,https://www.postgresql.org/docs/9.0/datatype-oid.html,0.5558233558163123,true,datatype,https://www.postgresql.org/docs/9.0/datatype-oid.html,4
postgres-docs:1,What is the SQL syntax for queries in PostgreSQL?,postgres-docs,scrapy+md,1,https://www.postgresql.org/docs/7.4/sql.html,0.6410722369449606,false,sql-syntax,https://www.postgresql.org/docs/7.4/sql.html,1
postgres-docs:1,What is the SQL syntax for queries in PostgreSQL?,postgres-docs,scrapy+md,2,https://www.postgresql.org/docs/7.2/biblio.html,0.583170802081738,false,sql-syntax,https://www.postgresql.org/docs/7.2/biblio.html,2
postgres-docs:1,What is the SQL syntax for queries in PostgreSQL?,postgres-docs,scrapy+md,3,https://www.postgresql.org/docs/7.1/biblio.html,0.5784913640436375,false,sql-syntax,https://www.postgresql.org/docs/7.1/biblio.html,3
postgres-docs:1,What is the SQL syntax for queries in PostgreSQL?,postgres-docs,scrapy+md,4,https://www.postgresql.org/docs/7.4/sql-select.html,0.5759579172587018,false,sql-syntax,https://www.postgresql.org/docs/7.4/sql-select.html,4
postgres-docs:1,What is the SQL syntax for queries in PostgreSQL?,postgres-docs,scrapy+md,5,https://www.postgresql.org/docs/7.4/sql.html,0.5757989580270272,false,sql-syntax,https://www.postgresql.org/docs/7.4/sql.html,1
postgres-docs:2,How do indexes work in PostgreSQL?,postgres-docs,scrapy+md,1,https://www.postgresql.org/docs/7.4/sql-cluster.html,0.5420026138553031,false,indexes,https://www.postgresql.org/docs/7.4/sql-cluster.html,1
postgres-docs:2,How do indexes work in PostgreSQL?,postgres-docs,scrapy+md,2,https://www.postgresql.org/docs/7.4/sql-reindex.html,0.5080478715516228,false,indexes,https://www.postgresql.org/docs/7.4/sql-reindex.html,2
postgres-docs:2,How do indexes work in PostgreSQL?,postgres-docs,scrapy+md,3,https://www.postgresql.org/docs/7.4/sql-reindex.html,0.5019729711120534,false,indexes,https://www.postgresql.org/docs/7.4/sql-reindex.html,2
postgres-docs:2,How do indexes work in PostgreSQL?,postgres-docs,scrapy+md,4,https://www.postgresql.org/docs/8.0/sql-reindex.html,0.4996105273372748,false,indexes,https://www.postgresql.org/docs/8.0/sql-reindex.html,3
postgres-docs:2,How do indexes work in PostgreSQL?,postgres-docs,scrapy+md,5,https://www.postgresql.org/docs/8.1/ddl-partitioning.html,0.4956236527689832,false,indexes,https://www.postgresql.org/docs/8.1/ddl-partitioning.html,4
postgres-docs:3,How does MVCC concurrency control work in PostgreSQL?,postgres-docs,scrapy+md,1,https://www.postgresql.org/docs/8.0/mvcc.html,0.675220716827946,true,mvcc,https://www.postgresql.org/docs/8.0/mvcc.html,1
postgres-docs:3,How does MVCC concurrency control work in PostgreSQL?,postgres-docs,scrapy+md,2,https://www.postgresql.org/docs/8.0/mvcc.html,0.5486735724669174,true,mvcc,https://www.postgresql.org/docs/8.0/mvcc.html,1
postgres-docs:3,How does MVCC concurrency control work in PostgreSQL?,postgres-docs,scrapy+md,3,https://www.postgresql.org/docs/7.1/sql-set-transaction.html,0.45062653496229116,false,mvcc,https://www.postgresql.org/docs/7.1/sql-set-transaction.html,2
postgres-docs:3,How does MVCC concurrency control work in PostgreSQL?,postgres-docs,scrapy+md,4,https://www.postgresql.org/docs/8.0/maintenance.html,0.44775655292327987,false,mvcc,https://www.postgresql.org/docs/8.0/maintenance.html,3
postgres-docs:3,How does MVCC concurrency control work in PostgreSQL?,postgres-docs,scrapy+md,5,https://www.postgresql.org/docs/8.0/maintenance.html,0.4439948352308248,false,mvcc,https://www.postgresql.org/docs/8.0/maintenance.html,3
postgres-docs:4,How do transactions work in PostgreSQL?,postgres-docs,scrapy+md,1,https://www.postgresql.org/docs/7.4/sql-begin.html,0.5943726535534034,false,transactions,https://www.postgresql.org/docs/7.4/sql-begin.html,1
postgres-docs:4,How do transactions work in PostgreSQL?,postgres-docs,scrapy+md,2,https://www.postgresql.org/docs/8.0/mvcc.html,0.5741935325498424,false,transactions,https://www.postgresql.org/docs/8.0/mvcc.html,2
postgres-docs:4,How do transactions work in PostgreSQL?,postgres-docs,scrapy+md,3,https://www.postgresql.org/docs/7.4/sql-begin.html,0.567568506819887,false,transactions,https://www.postgresql.org/docs/7.4/sql-begin.html,1
postgres-docs:4,How do transactions work in PostgreSQL?,postgres-docs,scrapy+md,4,https://www.postgresql.org/docs/8.0/mvcc.html,0.5586302918354311,false,transactions,https://www.postgresql.org/docs/8.0/mvcc.html,2
postgres-docs:4,How do transactions work in PostgreSQL?,postgres-docs,scrapy+md,5,https://www.postgresql.org/docs/9.1/sql-prepare-transaction.html,0.5382834368201076,false,transactions,https://www.postgresql.org/docs/9.1/sql-prepare-transaction.html,3
postgres-docs:5,How do I set up logical replication in PostgreSQL?,postgres-docs,scrapy+md,1,https://www.postgresql.org/docs/9.2/runtime-config-logging.html,0.47369170645730746,false,logical-replication,https://www.postgresql.org/docs/9.2/runtime-config-logging.html,1
postgres-docs:5,How do I set up logical replication in PostgreSQL?,postgres-docs,scrapy+md,2,https://www.postgresql.org/docs/9.1/upgrading.html,0.46488655464679723,false,logical-replication,https://www.postgresql.org/docs/9.1/upgrading.html,2
postgres-docs:5,How do I set up logical replication in PostgreSQL?,postgres-docs,scrapy+md,3,https://www.postgresql.org/docs/9.1/upgrading.html,0.4480852714162869,false,logical-replication,https://www.postgresql.org/docs/9.1/upgrading.html,2
postgres-docs:5,How do I set up logical replication in PostgreSQL?,postgres-docs,scrapy+md,4,https://www.postgresql.org/docs/9.2/runtime-config-logging.html,0.4459018840089315,false,logical-replication,https://www.postgresql.org/docs/9.2/runtime-config-logging.html,1
postgres-docs:5,How do I set up logical replication in PostgreSQL?,postgres-docs,scrapy+md,5,https://www.postgresql.org/docs/9.5/test-decoding.html,0.44273252779355293,false,logical-replication,https://www.postgresql.org/docs/9.5/test-decoding.html,3
postgres-docs:6,What built-in functions and operators are available in PostgreSQL?,postgres-docs,scrapy+md,1,https://www.postgresql.org/docs/8.1/functions.html,0.7195665944079919,true,functions,https://www.postgresql.org/docs/8.1/functions.html,1
postgres-docs:6,What built-in functions and operators are available in PostgreSQL?,postgres-docs,scrapy+md,2,https://www.postgresql.org/docs/7.3/functions.html,0.7164032400986704,true,functions,https://www.postgresql.org/docs/7.3/functions.html,2
postgres-docs:6,What built-in functions and operators are available in PostgreSQL?,postgres-docs,scrapy+md,3,https://www.postgresql.org/docs/7.3/functions.html,0.6674078151671166,true,functions,https://www.postgresql.org/docs/7.3/functions.html,2
postgres-docs:6,What built-in functions and operators are available in PostgreSQL?,postgres-docs,scrapy+md,4,https://www.postgresql.org/docs/8.1/functions.html,0.6522397731379491,true,functions,https://www.postgresql.org/docs/8.1/functions.html,1
postgres-docs:6,What built-in functions and operators are available in PostgreSQL?,postgres-docs,scrapy+md,5,https://www.postgresql.org/docs/7.4/sql.html,0.6244443427315599,false,functions,https://www.postgresql.org/docs/7.4/sql.html,3
postgres-docs:7,How do I use full text search in PostgreSQL?,postgres-docs,scrapy+md,1,https://www.postgresql.org/docs/8.4/tsearch2.html,0.5051312269659287,false,textsearch,https://www.postgresql.org/docs/8.4/tsearch2.html,1
postgres-docs:7,How do I use full text search in PostgreSQL?,postgres-docs,scrapy+md,2,https://www.postgresql.org/docs/8.3/tsearch2.html,0.503919400962392,false,textsearch,https://www.postgresql.org/docs/8.3/tsearch2.html,2
postgres-docs:7,How do I use full text search in PostgreSQL?,postgres-docs,scrapy+md,3,https://www.postgresql.org/docs/9.6/tsearch2.html,0.4993572826623319,false,textsearch,https://www.postgresql.org/docs/9.6/tsearch2.html,3
postgres-docs:7,How do I use full text search in PostgreSQL?,postgres-docs,scrapy+md,4,https://www.postgresql.org/docs/9.4/tsearch2.html,0.49786357716973445,false,textsearch,https://www.postgresql.org/docs/9.4/tsearch2.html,4
postgres-docs:7,How do I use full text search in PostgreSQL?,postgres-docs,scrapy+md,5,https://www.postgresql.org/docs/9.0/tsearch2.html,0.4948824177238408,false,textsearch,https://www.postgresql.org/docs/9.0/tsearch2.html,5
postgres-docs:0,What data types does PostgreSQL support?,postgres-docs,crawlee,1,https://www.postgresql.org/docs/18/datatype.html,0.6958152398957924,true,datatype,https://www.postgresql.org/docs/18/datatype.html,1
postgres-docs:0,What data types does PostgreSQL support?,postgres-docs,crawlee,2,https://www.postgresql.org/docs/current/datatype.html,0.6958152398957924,true,datatype,https://www.postgresql.org/docs/current/datatype.html,2
postgres-docs:0,What data types does PostgreSQL support?,postgres-docs,crawlee,3,https://www.postgresql.org/docs/17/datatype.html,0.6932028837257759,true,datatype,https://www.postgresql.org/docs/17/datatype.html,3
postgres-docs:0,What data types does PostgreSQL support?,postgres-docs,crawlee,4,https://www.postgresql.org/about/,0.6356341308529561,false,datatype,https://www.postgresql.org/about/,4
postgres-docs:0,What data types does PostgreSQL support?,postgres-docs,crawlee,5,https://www.postgresql.org/docs/current/datatype.html,0.6348189634680789,true,datatype,https://www.postgresql.org/docs/current/datatype.html,2
postgres-docs:1,What is the SQL syntax for queries in PostgreSQL?,postgres-docs,crawlee,1,https://www.postgresql.org/docs/18/sql.html,0.6368621455534341,false,sql-syntax,https://www.postgresql.org/docs/18/sql.html,1
postgres-docs:1,What is the SQL syntax for queries in PostgreSQL?,postgres-docs,crawlee,2,https://www.postgresql.org/docs/current/sql.html,0.6368621455534341,false,sql-syntax,https://www.postgresql.org/docs/current/sql.html,2
postgres-docs:1,What is the SQL syntax for queries in PostgreSQL?,postgres-docs,crawlee,3,https://www.postgresql.org/docs/17/sql.html,0.6337519262792906,false,sql-syntax,https://www.postgresql.org/docs/17/sql.html,3
postgres-docs:1,What is the SQL syntax for queries in PostgreSQL?,postgres-docs,crawlee,4,https://www.postgresql.org/docs/18/sql-syntax.html,0.6178527666990765,true,sql-syntax,https://www.postgresql.org/docs/18/sql-syntax.html,4
postgres-docs:1,What is the SQL syntax for queries in PostgreSQL?,postgres-docs,crawlee,5,https://www.postgresql.org/docs/current/sql-syntax.html,0.6178527666990765,true,sql-syntax,https://www.postgresql.org/docs/current/sql-syntax.html,5
postgres-docs:2,How do indexes work in PostgreSQL?,postgres-docs,crawlee,1,https://www.postgresql.org/docs/current/indexes.html,0.59920642483127,true,indexes,https://www.postgresql.org/docs/current/indexes.html,1
postgres-docs:2,How do indexes work in PostgreSQL?,postgres-docs,crawlee,2,https://www.postgresql.org/docs/18/indexes.html,0.597742738067098,true,indexes,https://www.postgresql.org/docs/18/indexes.html,2
postgres-docs:2,How do indexes work in PostgreSQL?,postgres-docs,crawlee,3,https://www.postgresql.org/docs/17/indexes.html,0.5937161570808919,true,indexes,https://www.postgresql.org/docs/17/indexes.html,3
postgres-docs:2,How do indexes work in PostgreSQL?,postgres-docs,crawlee,4,https://www.postgresql.org/docs/current/indexam.html,0.5726118925116457,false,indexes,https://www.postgresql.org/docs/current/indexam.html,4
postgres-docs:2,How do indexes work in PostgreSQL?,postgres-docs,crawlee,5,https://www.postgresql.org/docs/18/indexam.html,0.5726118925116457,false,indexes,https://www.postgresql.org/docs/18/indexam.html,5
postgres-docs:3,How does MVCC concurrency control work in PostgreSQL?,postgres-docs,crawlee,1,https://www.postgresql.org/docs/18/mvcc.html,0.5777732353161129,true,mvcc,https://www.postgresql.org/docs/18/mvcc.html,1
postgres-docs:3,How does MVCC concurrency control work in PostgreSQL?,postgres-docs,crawlee,2,https://www.postgresql.org/docs/current/mvcc.html,0.5777732353161129,true,mvcc,https://www.postgresql.org/docs/current/mvcc.html,2
postgres-docs:3,How does MVCC concurrency control work in PostgreSQL?,postgres-docs,crawlee,3,https://www.postgresql.org/docs/17/mvcc.html,0.571772269592213,true,mvcc,https://www.postgresql.org/docs/17/mvcc.html,3
postgres-docs:3,How does MVCC concurrency control work in PostgreSQL?,postgres-docs,crawlee,4,https://www.postgresql.org/docs/18/glossary.html,0.4783204772945163,false,mvcc,https://www.postgresql.org/docs/18/glossary.html,4
postgres-docs:3,How does MVCC concurrency control work in PostgreSQL?,postgres-docs,crawlee,5,https://www.postgresql.org/docs/current/glossary.html,0.4783204772945163,false,mvcc,https://www.postgresql.org/docs/current/glossary.html,5
postgres-docs:4,How do transactions work in PostgreSQL?,postgres-docs,crawlee,1,https://www.postgresql.org/docs/18/transactions.html,0.6204402239939826,true,transactions,https://www.postgresql.org/docs/18/transactions.html,1
postgres-docs:4,How do transactions work in PostgreSQL?,postgres-docs,crawlee,2,https://www.postgresql.org/docs/current/transactions.html,0.6204320856715114,true,transactions,https://www.postgresql.org/docs/current/transactions.html,2
postgres-docs:4,How do transactions work in PostgreSQL?,postgres-docs,crawlee,3,https://www.postgresql.org/docs/17/tutorial.html,0.5831156276227544,false,transactions,https://www.postgresql.org/docs/17/tutorial.html,3
postgres-docs:4,How do transactions work in PostgreSQL?,postgres-docs,crawlee,4,https://www.postgresql.org/docs/18/tutorial.html,0.5831156276227544,false,transactions,https://www.postgresql.org/docs/18/tutorial.html,4
postgres-docs:4,How do transactions work in PostgreSQL?,postgres-docs,crawlee,5,https://www.postgresql.org/docs/current/tutorial.html,0.5831156276227544,false,transactions,https://www.postgresql.org/docs/current/tutorial.html,5
postgres-docs:5,How do I set up logical replication in PostgreSQL?,postgres-docs,crawlee,1,https://www.postgresql.org/docs/current/logical-replication.html,0.6955394523792034,true,logical-replication,https://www.postgresql.org/docs/current/logical-replication.html,1
postgres-docs:5,How do I set up logical replication in PostgreSQL?,postgres-docs,crawlee,2,https://www.postgresql.org/docs/18/logical-replication.html,0.6954530407336168,true,logical-replication,https://www.postgresql.org/docs/18/logical-replication.html,2
postgres-docs:5,How do I set up logical replication in PostgreSQL?,postgres-docs,crawlee,3,https://www.postgresql.org/docs/18/logical-replication.html,0.6878510542848418,true,logical-replication,https://www.postgresql.org/docs/18/logical-replication.html,2
postgres-docs:5,How do I set up logical replication in PostgreSQL?,postgres-docs,crawlee,4,https://www.postgresql.org/docs/current/logical-replication.html,0.6878510542848418,true,logical-replication,https://www.postgresql.org/docs/current/logical-replication.html,1
postgres-docs:5,How do I set up logical replication in PostgreSQL?,postgres-docs,crawlee,5,https://www.postgresql.org/docs/17/logical-replication.html,0.6829544478536205,true,logical-replication,https://www.postgresql.org/docs/17/logical-replication.html,3
postgres-docs:6,What built-in functions and operators are available in PostgreSQL?,postgres-docs,crawlee,1,https://www.postgresql.org/docs/current/functions.html,0.7056559707669623,true,functions,https://www.postgresql.org/docs/current/functions.html,1
postgres-docs:6,What built-in functions and operators are available in PostgreSQL?,postgres-docs,crawlee,2,https://www.postgresql.org/docs/18/functions.html,0.7056559707669623,true,functions,https://www.postgresql.org/docs/18/functions.html,2
postgres-docs:6,What built-in functions and operators are available in PostgreSQL?,postgres-docs,crawlee,3,https://www.postgresql.org/docs/17/functions.html,0.6998895785048521,true,functions,https://www.postgresql.org/docs/17/functions.html,3
postgres-docs:6,What built-in functions and operators are available in PostgreSQL?,postgres-docs,crawlee,4,https://www.postgresql.org/docs/8.0/index.html,0.6521259363605058,false,functions,https://www.postgresql.org/docs/8.0/index.html,4
postgres-docs:6,What built-in functions and operators are available in PostgreSQL?,postgres-docs,crawlee,5,https://www.postgresql.org/docs/current/functions-string.html#id-1.5.8.10.5.2.2.17.1.1.1,0.6382228814444598,true,functions,https://www.postgresql.org/docs/current/functions-string.html,5
postgres-docs:7,How do I use full text search in PostgreSQL?,postgres-docs,crawlee,1,https://www.postgresql.org/docs/current/textsearch.html,0.7012478081343662,true,textsearch,https://www.postgresql.org/docs/current/textsearch.html,1
postgres-docs:7,How do I use full text search in PostgreSQL?,postgres-docs,crawlee,2,https://www.postgresql.org/docs/18/textsearch.html,0.7012478081343662,true,textsearch,https://www.postgresql.org/docs/18/textsearch.html,2
postgres-docs:7,How do I use full text search in PostgreSQL?,postgres-docs,crawlee,3,https://www.postgresql.org/docs/17/textsearch.html,0.6974445115154223,true,textsearch,https://www.postgresql.org/docs/17/textsearch.html,3
postgres-docs:7,How do I use full text search in PostgreSQL?,postgres-docs,crawlee,4,https://www.postgresql.org/docs/current/pgtrgm.html,0.4880340058141724,false,textsearch,https://www.postgresql.org/docs/current/pgtrgm.html,4
postgres-docs:7,How do I use full text search in PostgreSQL?,postgres-docs,crawlee,5,https://www.postgresql.org/docs/current/pgtrgm.html,0.4817886490683168,false,textsearch,https://www.postgresql.org/docs/current/pgtrgm.html,4
postgres-docs:0,What data types does PostgreSQL support?,postgres-docs,colly+md,1,https://www.postgresql.org/docs/18/datatype.html,0.6958152398957924,true,datatype,https://www.postgresql.org/docs/18/datatype.html,1
postgres-docs:0,What data types does PostgreSQL support?,postgres-docs,colly+md,2,https://www.postgresql.org/docs/current/datatype.html,0.6958152398957924,true,datatype,https://www.postgresql.org/docs/current/datatype.html,2
postgres-docs:0,What data types does PostgreSQL support?,postgres-docs,colly+md,3,https://www.postgresql.org/docs/17/datatype.html,0.693192890877129,true,datatype,https://www.postgresql.org/docs/17/datatype.html,3
postgres-docs:0,What data types does PostgreSQL support?,postgres-docs,colly+md,4,https://www.postgresql.org/docs/16/datatype.html,0.6924377536056097,true,datatype,https://www.postgresql.org/docs/16/datatype.html,4
postgres-docs:0,What data types does PostgreSQL support?,postgres-docs,colly+md,5,https://www.postgresql.org/about/,0.6357588738962154,false,datatype,https://www.postgresql.org/about/,5
postgres-docs:1,What is the SQL syntax for queries in PostgreSQL?,postgres-docs,colly+md,1,https://www.postgresql.org/docs/current/sql.html,0.6368621455534341,false,sql-syntax,https://www.postgresql.org/docs/current/sql.html,1
postgres-docs:1,What is the SQL syntax for queries in PostgreSQL?,postgres-docs,colly+md,2,https://www.postgresql.org/docs/18/sql.html,0.6368621455534341,false,sql-syntax,https://www.postgresql.org/docs/18/sql.html,2
postgres-docs:1,What is the SQL syntax for queries in PostgreSQL?,postgres-docs,colly+md,3,https://www.postgresql.org/docs/17/sql.html,0.6337519262792906,false,sql-syntax,https://www.postgresql.org/docs/17/sql.html,3
postgres-docs:1,What is the SQL syntax for queries in PostgreSQL?,postgres-docs,colly+md,4,https://www.postgresql.org/docs/16/sql.html,0.6249249438297336,false,sql-syntax,https://www.postgresql.org/docs/16/sql.html,4
postgres-docs:1,What is the SQL syntax for queries in PostgreSQL?,postgres-docs,colly+md,5,https://www.postgresql.org/docs/18/sql-syntax.html,0.6178527666990765,true,sql-syntax,https://www.postgresql.org/docs/18/sql-syntax.html,5
postgres-docs:2,How do indexes work in PostgreSQL?,postgres-docs,colly+md,1,https://www.postgresql.org/docs/18/indexes.html,0.59920642483127,true,indexes,https://www.postgresql.org/docs/18/indexes.html,1
postgres-docs:2,How do indexes work in PostgreSQL?,postgres-docs,colly+md,2,https://www.postgresql.org/docs/current/indexes.html,0.5979479798596643,true,indexes,https://www.postgresql.org/docs/current/indexes.html,2
postgres-docs:2,How do indexes work in PostgreSQL?,postgres-docs,colly+md,3,https://www.postgresql.org/docs/17/indexes.html,0.5935261481783364,true,indexes,https://www.postgresql.org/docs/17/indexes.html,3
postgres-docs:2,How do indexes work in PostgreSQL?,postgres-docs,colly+md,4,https://www.postgresql.org/docs/16/indexes.html,0.5885014235025864,true,indexes,https://www.postgresql.org/docs/16/indexes.html,4
postgres-docs:2,How do indexes work in PostgreSQL?,postgres-docs,colly+md,5,https://www.postgresql.org/docs/current/indexam.html,0.57281495354978,false,indexes,https://www.postgresql.org/docs/current/indexam.html,5
postgres-docs:3,How does MVCC concurrency control work in PostgreSQL?,postgres-docs,colly+md,1,https://www.postgresql.org/docs/current/mvcc.html,0.5777858410157811,true,mvcc,https://www.postgresql.org/docs/current/mvcc.html,1
postgres-docs:3,How does MVCC concurrency control work in PostgreSQL?,postgres-docs,colly+md,2,https://www.postgresql.org/docs/18/mvcc.html,0.5777732353161129,true,mvcc,https://www.postgresql.org/docs/18/mvcc.html,2
postgres-docs:3,How does MVCC concurrency control work in PostgreSQL?,postgres-docs,colly+md,3,https://www.postgresql.org/docs/17/mvcc.html,0.571772269592213,true,mvcc,https://www.postgresql.org/docs/17/mvcc.html,3
postgres-docs:3,How does MVCC concurrency control work in PostgreSQL?,postgres-docs,colly+md,4,https://www.postgresql.org/docs/16/mvcc.html,0.5659385705721635,true,mvcc,https://www.postgresql.org/docs/16/mvcc.html,4
postgres-docs:3,How does MVCC concurrency control work in PostgreSQL?,postgres-docs,colly+md,5,https://www.postgresql.org/docs/current/glossary.html,0.4783204772945163,false,mvcc,https://www.postgresql.org/docs/current/glossary.html,5
postgres-docs:4,How do transactions work in PostgreSQL?,postgres-docs,colly+md,1,https://www.postgresql.org/docs/current/transactions.html,0.6204320856715114,true,transactions,https://www.postgresql.org/docs/current/transactions.html,1
postgres-docs:4,How do transactions work in PostgreSQL?,postgres-docs,colly+md,2,https://www.postgresql.org/docs/18/tutorial.html,0.5831156276227544,false,transactions,https://www.postgresql.org/docs/18/tutorial.html,2
postgres-docs:4,How do transactions work in PostgreSQL?,postgres-docs,colly+md,3,https://www.postgresql.org/docs/16/tutorial.html,0.5831156276227544,false,transactions,https://www.postgresql.org/docs/16/tutorial.html,3
postgres-docs:4,How do transactions work in PostgreSQL?,postgres-docs,colly+md,4,https://www.postgresql.org/docs/current/tutorial.html,0.5831156276227544,false,transactions,https://www.postgresql.org/docs/current/tutorial.html,4
postgres-docs:4,How do transactions work in PostgreSQL?,postgres-docs,colly+md,5,https://www.postgresql.org/docs/17/tutorial.html,0.5831156276227544,false,transactions,https://www.postgresql.org/docs/17/tutorial.html,5
postgres-docs:5,How do I set up logical replication in PostgreSQL?,postgres-docs,colly+md,1,https://www.postgresql.org/docs/18/logical-replication.html,0.6955394523792034,true,logical-replication,https://www.postgresql.org/docs/18/logical-replication.html,1
postgres-docs:5,How do I set up logical replication in PostgreSQL?,postgres-docs,colly+md,2,https://www.postgresql.org/docs/current/logical-replication.html,0.6954923412194686,true,logical-replication,https://www.postgresql.org/docs/current/logical-replication.html,2
postgres-docs:5,How do I set up logical replication in PostgreSQL?,postgres-docs,colly+md,3,https://www.postgresql.org/docs/current/logical-replication.html,0.6878626402102328,true,logical-replication,https://www.postgresql.org/docs/current/logical-replication.html,2
postgres-docs:5,How do I set up logical replication in PostgreSQL?,postgres-docs,colly+md,4,https://www.postgresql.org/docs/18/logical-replication.html,0.6878358110627754,true,logical-replication,https://www.postgresql.org/docs/18/logical-replication.html,1
postgres-docs:5,How do I set up logical replication in PostgreSQL?,postgres-docs,colly+md,5,https://www.postgresql.org/docs/17/logical-replication.html,0.682871184210867,true,logical-replication,https://www.postgresql.org/docs/17/logical-replication.html,3
postgres-docs:6,What built-in functions and operators are available in PostgreSQL?,postgres-docs,colly+md,1,https://www.postgresql.org/docs/18/functions.html,0.7056559707669623,true,functions,https://www.postgresql.org/docs/18/functions.html,1
postgres-docs:6,What built-in functions and operators are available in PostgreSQL?,postgres-docs,colly+md,2,https://www.postgresql.org/docs/current/functions.html,0.7056559707669623,true,functions,https://www.postgresql.org/docs/current/functions.html,2
postgres-docs:6,What built-in functions and operators are available in PostgreSQL?,postgres-docs,colly+md,3,https://www.postgresql.org/docs/16/functions.html,0.7021686538556932,true,functions,https://www.postgresql.org/docs/16/functions.html,3
postgres-docs:6,What built-in functions and operators are available in PostgreSQL?,postgres-docs,colly+md,4,https://www.postgresql.org/docs/17/functions.html,0.6998915429330634,true,functions,https://www.postgresql.org/docs/17/functions.html,4
postgres-docs:6,What built-in functions and operators are available in PostgreSQL?,postgres-docs,colly+md,5,https://www.postgresql.org/docs/8.0/index.html,0.6521259363605058,false,functions,https://www.postgresql.org/docs/8.0/index.html,5
postgres-docs:7,How do I use full text search in PostgreSQL?,postgres-docs,colly+md,1,https://www.postgresql.org/docs/18/textsearch.html,0.7012478081343662,true,textsearch,https://www.postgresql.org/docs/18/textsearch.html,1
postgres-docs:7,How do I use full text search in PostgreSQL?,postgres-docs,colly+md,2,https://www.postgresql.org/docs/current/textsearch.html,0.7012478081343662,true,textsearch,https://www.postgresql.org/docs/current/textsearch.html,2
postgres-docs:7,How do I use full text search in PostgreSQL?,postgres-docs,colly+md,3,https://www.postgresql.org/docs/17/textsearch.html,0.6975150198549086,true,textsearch,https://www.postgresql.org/docs/17/textsearch.html,3
postgres-docs:7,How do I use full text search in PostgreSQL?,postgres-docs,colly+md,4,https://www.postgresql.org/docs/16/textsearch.html,0.6951135190821895,true,textsearch,https://www.postgresql.org/docs/16/textsearch.html,4
postgres-docs:7,How do I use full text search in PostgreSQL?,postgres-docs,colly+md,5,https://www.postgresql.org/docs/current/pgtrgm.html,0.4879838418578283,false,textsearch,https://www.postgresql.org/docs/current/pgtrgm.html,5
postgres-docs:0,What data types does PostgreSQL support?,postgres-docs,playwright,1,https://www.postgresql.org/docs/18/datatype.html,0.6958152398957924,true,datatype,https://www.postgresql.org/docs/18/datatype.html,1
postgres-docs:0,What data types does PostgreSQL support?,postgres-docs,playwright,2,https://www.postgresql.org/docs/current/datatype.html,0.6958152398957924,true,datatype,https://www.postgresql.org/docs/current/datatype.html,2
postgres-docs:0,What data types does PostgreSQL support?,postgres-docs,playwright,3,https://www.postgresql.org/docs/17/datatype.html,0.693192890877129,true,datatype,https://www.postgresql.org/docs/17/datatype.html,3
postgres-docs:0,What data types does PostgreSQL support?,postgres-docs,playwright,4,https://www.postgresql.org/about/,0.6356341308529561,false,datatype,https://www.postgresql.org/about/,4
postgres-docs:0,What data types does PostgreSQL support?,postgres-docs,playwright,5,https://www.postgresql.org/docs/current/datatype.html,0.6348189634680789,true,datatype,https://www.postgresql.org/docs/current/datatype.html,2
postgres-docs:1,What is the SQL syntax for queries in PostgreSQL?,postgres-docs,playwright,1,https://www.postgresql.org/docs/18/sql.html,0.6368621455534341,false,sql-syntax,https://www.postgresql.org/docs/18/sql.html,1
postgres-docs:1,What is the SQL syntax for queries in PostgreSQL?,postgres-docs,playwright,2,https://www.postgresql.org/docs/current/sql.html,0.6368621455534341,false,sql-syntax,https://www.postgresql.org/docs/current/sql.html,2
postgres-docs:1,What is the SQL syntax for queries in PostgreSQL?,postgres-docs,playwright,3,https://www.postgresql.org/docs/17/sql.html,0.6337519262792906,false,sql-syntax,https://www.postgresql.org/docs/17/sql.html,3
postgres-docs:1,What is the SQL syntax for queries in PostgreSQL?,postgres-docs,playwright,4,https://www.postgresql.org/docs/current/sql-syntax.html,0.6178527666990765,true,sql-syntax,https://www.postgresql.org/docs/current/sql-syntax.html,4
postgres-docs:1,What is the SQL syntax for queries in PostgreSQL?,postgres-docs,playwright,5,https://www.postgresql.org/docs/18/sql-syntax.html,0.6178527666990765,true,sql-syntax,https://www.postgresql.org/docs/18/sql-syntax.html,5
postgres-docs:2,How do indexes work in PostgreSQL?,postgres-docs,playwright,1,https://www.postgresql.org/docs/current/indexes.html,0.59920642483127,true,indexes,https://www.postgresql.org/docs/current/indexes.html,1
postgres-docs:2,How do indexes work in PostgreSQL?,postgres-docs,playwright,2,https://www.postgresql.org/docs/18/indexes.html,0.59920642483127,true,indexes,https://www.postgresql.org/docs/18/indexes.html,2
postgres-docs:2,How do indexes work in PostgreSQL?,postgres-docs,playwright,3,https://www.postgresql.org/docs/17/indexes.html,0.5935261481783364,true,indexes,https://www.postgresql.org/docs/17/indexes.html,3
postgres-docs:2,How do indexes work in PostgreSQL?,postgres-docs,playwright,4,https://www.postgresql.org/docs/18/indexam.html,0.5726118925116457,false,indexes,https://www.postgresql.org/docs/18/indexam.html,4
postgres-docs:2,How do indexes work in PostgreSQL?,postgres-docs,playwright,5,https://www.postgresql.org/docs/current/indexam.html,0.5726118925116457,false,indexes,https://www.postgresql.org/docs/current/indexam.html,5
postgres-docs:3,How does MVCC concurrency control work in PostgreSQL?,postgres-docs,playwright,1,https://www.postgresql.org/docs/current/mvcc.html,0.5777732353161129,true,mvcc,https://www.postgresql.org/docs/current/mvcc.html,1
postgres-docs:3,How does MVCC concurrency control work in PostgreSQL?,postgres-docs,playwright,2,https://www.postgresql.org/docs/18/mvcc.html,0.5777732353161129,true,mvcc,https://www.postgresql.org/docs/18/mvcc.html,2
postgres-docs:3,How does MVCC concurrency control work in PostgreSQL?,postgres-docs,playwright,3,https://www.postgresql.org/docs/17/mvcc.html,0.571772269592213,true,mvcc,https://www.postgresql.org/docs/17/mvcc.html,3
postgres-docs:3,How does MVCC concurrency control work in PostgreSQL?,postgres-docs,playwright,4,https://www.postgresql.org/docs/18/glossary.html,0.4783497814841341,false,mvcc,https://www.postgresql.org/docs/18/glossary.html,4
postgres-docs:3,How does MVCC concurrency control work in PostgreSQL?,postgres-docs,playwright,5,https://www.postgresql.org/docs/current/glossary.html,0.4783204772945163,false,mvcc,https://www.postgresql.org/docs/current/glossary.html,5
postgres-docs:4,How do transactions work in PostgreSQL?,postgres-docs,playwright,1,https://www.postgresql.org/docs/18/transactions.html,0.6204320856715114,true,transactions,https://www.postgresql.org/docs/18/transactions.html,1
postgres-docs:4,How do transactions work in PostgreSQL?,postgres-docs,playwright,2,https://www.postgresql.org/docs/current/transactions.html,0.6204320856715114,true,transactions,https://www.postgresql.org/docs/current/transactions.html,2
postgres-docs:4,How do transactions work in PostgreSQL?,postgres-docs,playwright,3,https://www.postgresql.org/docs/current/tutorial.html,0.5831844668234684,false,transactions,https://www.postgresql.org/docs/current/tutorial.html,3
postgres-docs:4,How do transactions work in PostgreSQL?,postgres-docs,playwright,4,https://www.postgresql.org/docs/17/tutorial.html,0.5831156276227544,false,transactions,https://www.postgresql.org/docs/17/tutorial.html,4
postgres-docs:4,How do transactions work in PostgreSQL?,postgres-docs,playwright,5,https://www.postgresql.org/docs/18/tutorial.html,0.5831156276227544,false,transactions,https://www.postgresql.org/docs/18/tutorial.html,5
postgres-docs:5,How do I set up logical replication in PostgreSQL?,postgres-docs,playwright,1,https://www.postgresql.org/docs/18/logical-replication.html,0.6955394523792034,true,logical-replication,https://www.postgresql.org/docs/18/logical-replication.html,1
postgres-docs:5,How do I set up logical replication in PostgreSQL?,postgres-docs,playwright,2,https://www.postgresql.org/docs/current/logical-replication.html,0.6955394523792034,true,logical-replication,https://www.postgresql.org/docs/current/logical-replication.html,2
postgres-docs:5,How do I set up logical replication in PostgreSQL?,postgres-docs,playwright,3,https://www.postgresql.org/docs/current/logical-replication.html,0.6878510542848418,true,logical-replication,https://www.postgresql.org/docs/current/logical-replication.html,2
postgres-docs:5,How do I set up logical replication in PostgreSQL?,postgres-docs,playwright,4,https://www.postgresql.org/docs/18/logical-replication.html,0.6878510542848418,true,logical-replication,https://www.postgresql.org/docs/18/logical-replication.html,1
postgres-docs:5,How do I set up logical replication in PostgreSQL?,postgres-docs,playwright,5,https://www.postgresql.org/docs/17/logical-replication.html,0.682871184210867,true,logical-replication,https://www.postgresql.org/docs/17/logical-replication.html,3
postgres-docs:6,What built-in functions and operators are available in PostgreSQL?,postgres-docs,playwright,1,https://www.postgresql.org/docs/18/functions.html,0.7056559707669623,true,functions,https://www.postgresql.org/docs/18/functions.html,1
postgres-docs:6,What built-in functions and operators are available in PostgreSQL?,postgres-docs,playwright,2,https://www.postgresql.org/docs/current/functions.html,0.7056559707669623,true,functions,https://www.postgresql.org/docs/current/functions.html,2
postgres-docs:6,What built-in functions and operators are available in PostgreSQL?,postgres-docs,playwright,3,https://www.postgresql.org/docs/17/functions.html,0.6998915429330634,true,functions,https://www.postgresql.org/docs/17/functions.html,3
postgres-docs:6,What built-in functions and operators are available in PostgreSQL?,postgres-docs,playwright,4,https://www.postgresql.org/docs/8.0/index.html,0.6521401304051785,false,functions,https://www.postgresql.org/docs/8.0/index.html,4
postgres-docs:6,What built-in functions and operators are available in PostgreSQL?,postgres-docs,playwright,5,https://www.postgresql.org/docs/current/functions-string.html,0.6382228814444598,true,functions,https://www.postgresql.org/docs/current/functions-string.html,5
postgres-docs:7,How do I use full text search in PostgreSQL?,postgres-docs,playwright,1,https://www.postgresql.org/docs/current/textsearch.html,0.7012478081343662,true,textsearch,https://www.postgresql.org/docs/current/textsearch.html,1
postgres-docs:7,How do I use full text search in PostgreSQL?,postgres-docs,playwright,2,https://www.postgresql.org/docs/18/textsearch.html,0.7012478081343662,true,textsearch,https://www.postgresql.org/docs/18/textsearch.html,2
postgres-docs:7,How do I use full text search in PostgreSQL?,postgres-docs,playwright,3,https://www.postgresql.org/docs/17/textsearch.html,0.6975150198549086,true,textsearch,https://www.postgresql.org/docs/17/textsearch.html,3
postgres-docs:7,How do I use full text search in PostgreSQL?,postgres-docs,playwright,4,https://www.postgresql.org/docs/current/pgtrgm.html,0.4880340058141724,false,textsearch,https://www.postgresql.org/docs/current/pgtrgm.html,4
postgres-docs:7,How do I use full text search in PostgreSQL?,postgres-docs,playwright,5,https://www.postgresql.org/docs/current/pgtrgm.html,0.4817886490683168,false,textsearch,https://www.postgresql.org/docs/current/pgtrgm.html,4
mdn-css:0,How does the CSS display property work?,mdn-css,markcrawl,1,https://developer.mozilla.org/en-US/docs/Web/CSS/Guides/Round_display,0.5681270825130167,true,CSS/Reference/Properties/display,https://developer.mozilla.org/en-us/docs/web/css/guides/round_display,1
mdn-css:0,How does the CSS display property work?,mdn-css,markcrawl,2,https://developer.mozilla.org/en-US/docs/Web/CSS/Guides/Colors/Applying_color,0.5643194132179156,false,CSS/Reference/Properties/display,https://developer.mozilla.org/en-us/docs/web/css/guides/colors/applying_color,2
mdn-css:0,How does the CSS display property work?,mdn-css,markcrawl,3,https://developer.mozilla.org/en-US/docs/Web/CSS/Guides/Properties_and_values_API/Houdini,0.5632436875624003,false,CSS/Reference/Properties/display,https://developer.mozilla.org/en-us/docs/web/css/guides/properties_and_values_api/houdini,3
mdn-css:0,How does the CSS display property work?,mdn-css,markcrawl,4,https://developer.mozilla.org/en-US/docs/Web/CSS/Guides/Text,0.5529516164810355,false,CSS/Reference/Properties/display,https://developer.mozilla.org/en-us/docs/web/css/guides/text,4
mdn-css:0,How does the CSS display property work?,mdn-css,markcrawl,5,https://developer.mozilla.org/en-US/docs/Web/CSS/Guides,0.5519086546602541,false,CSS/Reference/Properties/display,https://developer.mozilla.org/en-us/docs/web/css/guides,5
mdn-css:1,How do I use flexbox for page layout?,mdn-css,markcrawl,1,https://developer.mozilla.org/en-US/docs/Web/CSS/Guides/Flexible_box_layout,0.6119931540889954,true,Flexible_box_layout,https://developer.mozilla.org/en-us/docs/web/css/guides/flexible_box_layout,1
mdn-css:1,How do I use flexbox for page layout?,mdn-css,markcrawl,2,https://developer.mozilla.org/en-US/docs/Web/CSS/Guides/Grid_layout/Relationship_with_other_layout_methods,0.5909185044423668,false,Flexible_box_layout,https://developer.mozilla.org/en-us/docs/web/css/guides/grid_layout/relationship_with_other_layout_methods,2
mdn-css:1,How do I use flexbox for page layout?,mdn-css,markcrawl,3,https://developer.mozilla.org/en-US/docs/Web/CSS/Guides/Grid_layout/Relationship_with_other_layout_methods,0.5863841229197513,false,Flexible_box_layout,https://developer.mozilla.org/en-us/docs/web/css/guides/grid_layout/relationship_with_other_layout_methods,2
mdn-css:1,How do I use flexbox for page layout?,mdn-css,markcrawl,4,https://developer.mozilla.org/en-US/docs/Web/CSS/Guides/Grid_layout/Relationship_with_other_layout_methods,0.5602127862744178,false,Flexible_box_layout,https://developer.mozilla.org/en-us/docs/web/css/guides/grid_layout/relationship_with_other_layout_methods,2
mdn-css:1,How do I use flexbox for page layout?,mdn-css,markcrawl,5,https://developer.mozilla.org/en-US/docs/Web/CSS/How_to/Layout_cookbook/Column_layouts,0.559669182068791,false,Flexible_box_layout,https://developer.mozilla.org/en-us/docs/web/css/how_to/layout_cookbook/column_layouts,3
mdn-css:2,How does CSS Grid layout work?,mdn-css,markcrawl,1,https://developer.mozilla.org/en-US/docs/Web/CSS/Guides/Grid_layout/Basic_concepts,0.7204217621249823,true,Grid_layout,https://developer.mozilla.org/en-us/docs/web/css/guides/grid_layout/basic_concepts,1
mdn-css:2,How does CSS Grid layout work?,mdn-css,markcrawl,2,https://developer.mozilla.org/en-US/docs/Web/CSS/Guides/Grid_layout/Relationship_with_other_layout_methods,0.7029468887029212,true,Grid_layout,https://developer.mozilla.org/en-us/docs/web/css/guides/grid_layout/relationship_with_other_layout_methods,2
mdn-css:2,How does CSS Grid layout work?,mdn-css,markcrawl,3,https://developer.mozilla.org/en-US/docs/Web/CSS/Guides/Grid_layout/Auto-placement,0.630430348296404,true,Grid_layout,https://developer.mozilla.org/en-us/docs/web/css/guides/grid_layout/auto-placement,3
mdn-css:2,How does CSS Grid layout work?,mdn-css,markcrawl,4,https://developer.mozilla.org/en-US/docs/Web/CSS/Guides/Grid_layout/Basic_concepts,0.6303573380877582,true,Grid_layout,https://developer.mozilla.org/en-us/docs/web/css/guides/grid_layout/basic_concepts,1
mdn-css:2,How does CSS Grid layout work?,mdn-css,markcrawl,5,https://developer.mozilla.org/en-US/docs/Web/CSS/Guides/Grid_layout/Common_grid_layouts,0.6271899557514996,true,Grid_layout,https://developer.mozilla.org/en-us/docs/web/css/guides/grid_layout/common_grid_layouts,4
mdn-css:3,What is the CSS box model?,mdn-css,markcrawl,1,https://developer.mozilla.org/en-US/docs/Web/CSS/Guides/Box_sizing,0.6402619173476068,false,Box_model,https://developer.mozilla.org/en-us/docs/web/css/guides/box_sizing,1
mdn-css:3,What is the CSS box model?,mdn-css,markcrawl,2,https://developer.mozilla.org/en-US/docs/Web/CSS/Guides/Box_model/Introduction,0.6367032646933428,true,Box_model,https://developer.mozilla.org/en-us/docs/web/css/guides/box_model/introduction,2
mdn-css:3,What is the CSS box model?,mdn-css,markcrawl,3,https://developer.mozilla.org/en-US/docs/Web/CSS/Guides/Flexible_box_layout,0.6273936331574179,false,Box_model,https://developer.mozilla.org/en-us/docs/web/css/guides/flexible_box_layout,3
mdn-css:3,What is the CSS box model?,mdn-css,markcrawl,4,https://developer.mozilla.org/en-US/docs/Web/CSS/Guides,0.5995221777011283,false,Box_model,https://developer.mozilla.org/en-us/docs/web/css/guides,4
mdn-css:3,What is the CSS box model?,mdn-css,markcrawl,5,https://developer.mozilla.org/en-US/docs/Web/CSS/Guides/Box_sizing,0.5786079548120602,false,Box_model,https://developer.mozilla.org/en-us/docs/web/css/guides/box_sizing,1
mdn-css:4,How does the CSS margin property work?,mdn-css,markcrawl,1,https://developer.mozilla.org/en-US/docs/Web/CSS/Reference/Properties/margin-left,0.6411349005296048,true,Reference/Properties/margin,https://developer.mozilla.org/en-us/docs/web/css/reference/properties/margin-left,1
mdn-css:4,How does the CSS margin property work?,mdn-css,markcrawl,2,https://developer.mozilla.org/en-US/docs/Web/CSS/Reference/Properties/margin-right,0.625127610561702,true,Reference/Properties/margin,https://developer.mozilla.org/en-us/docs/web/css/reference/properties/margin-right,2
mdn-css:4,How does the CSS margin property work?,mdn-css,markcrawl,3,https://developer.mozilla.org/en-US/docs/Web/CSS/Reference/Properties/margin-bottom,0.6142098091873732,true,Reference/Properties/margin,https://developer.mozilla.org/en-us/docs/web/css/reference/properties/margin-bottom,3
mdn-css:4,How does the CSS margin property work?,mdn-css,markcrawl,4,https://developer.mozilla.org/en-US/docs/Web/CSS/Reference/Properties/margin-block-end,0.6053285682535555,true,Reference/Properties/margin,https://developer.mozilla.org/en-us/docs/web/css/reference/properties/margin-block-end,4
mdn-css:4,How does the CSS margin property work?,mdn-css,markcrawl,5,https://developer.mozilla.org/en-US/docs/Web/CSS/Reference/Properties/margin-top,0.5972766938846304,true,Reference/Properties/margin,https://developer.mozilla.org/en-us/docs/web/css/reference/properties/margin-top,5
mdn-css:5,How does CSS specificity determine which rules win?,mdn-css,markcrawl,1,https://developer.mozilla.org/en-US/docs/Web/CSS/Reference/Selectors,0.5299344560598261,false,Cascade/Specificity,https://developer.mozilla.org/en-us/docs/web/css/reference/selectors,1
mdn-css:5,How does CSS specificity determine which rules win?,mdn-css,markcrawl,2,https://developer.mozilla.org/en-US/docs/Web/CSS/Guides/Nesting/Using,0.5267994434600249,false,Cascade/Specificity,https://developer.mozilla.org/en-us/docs/web/css/guides/nesting/using,2
mdn-css:5,How does CSS specificity determine which rules win?,mdn-css,markcrawl,3,https://developer.mozilla.org/en-US/docs/Web/CSS/Guides/Selectors,0.5157274487276873,false,Cascade/Specificity,https://developer.mozilla.org/en-us/docs/web/css/guides/selectors,3
mdn-css:5,How does CSS specificity determine which rules win?,mdn-css,markcrawl,4,https://developer.mozilla.org/en-US/docs/Web/CSS/Guides/Nesting/Using,0.5078062476122157,false,Cascade/Specificity,https://developer.mozilla.org/en-us/docs/web/css/guides/nesting/using,2
mdn-css:5,How does CSS specificity determine which rules win?,mdn-css,markcrawl,5,https://developer.mozilla.org/en-US/docs/Web/CSS/Reference/Values/if,0.5061250406344013,false,Cascade/Specificity,https://developer.mozilla.org/en-us/docs/web/css/reference/values/if,4
mdn-css:6,How does the :hover pseudo-class work in CSS?,mdn-css,markcrawl,1,https://developer.mozilla.org/en-US/docs/Web/CSS/Reference/Selectors/Pseudo-classes,0.6999699645412459,false,Selectors/:hover,https://developer.mozilla.org/en-us/docs/web/css/reference/selectors/pseudo-classes,1
mdn-css:6,How does the :hover pseudo-class work in CSS?,mdn-css,markcrawl,2,https://developer.mozilla.org/en-US/docs/Web/CSS/Reference/Selectors/Pseudo-classes,0.5487124720325554,false,Selectors/:hover,https://developer.mozilla.org/en-us/docs/web/css/reference/selectors/pseudo-classes,1
mdn-css:6,How does the :hover pseudo-class work in CSS?,mdn-css,markcrawl,3,https://developer.mozilla.org/en-US/docs/Web/CSS/Guides/Selectors/Selectors_and_combinators,0.5447372943886926,false,Selectors/:hover,https://developer.mozilla.org/en-us/docs/web/css/guides/selectors/selectors_and_combinators,2
mdn-css:6,How does the :hover pseudo-class work in CSS?,mdn-css,markcrawl,4,https://developer.mozilla.org/en-US/docs/Web/CSS/Reference/Selectors/Pseudo-classes,0.5440532086177873,false,Selectors/:hover,https://developer.mozilla.org/en-us/docs/web/css/reference/selectors/pseudo-classes,1
mdn-css:6,How does the :hover pseudo-class work in CSS?,mdn-css,markcrawl,5,https://developer.mozilla.org/en-US/docs/Web/CSS/Reference/Selectors/Pseudo-classes,0.543253258833138,false,Selectors/:hover,https://developer.mozilla.org/en-us/docs/web/css/reference/selectors/pseudo-classes,1
mdn-css:7,How do I create CSS animations?,mdn-css,markcrawl,1,https://developer.mozilla.org/en-US/docs/Web/CSS/Guides/Animations,0.6937570653815801,true,Animations/Using,https://developer.mozilla.org/en-us/docs/web/css/guides/animations,1
mdn-css:7,How do I create CSS animations?,mdn-css,markcrawl,2,https://developer.mozilla.org/en-US/docs/Web/CSS/Guides/Animations,0.5982608683458106,true,Animations/Using,https://developer.mozilla.org/en-us/docs/web/css/guides/animations,1
mdn-css:7,How do I create CSS animations?,mdn-css,markcrawl,3,https://developer.mozilla.org/en-US/docs/Web/CSS/Guides/Animations/Animatable_properties,0.5962295178405065,true,Animations/Using,https://developer.mozilla.org/en-us/docs/web/css/guides/animations/animatable_properties,2
mdn-css:7,How do I create CSS animations?,mdn-css,markcrawl,4,https://developer.mozilla.org/en-US/docs/Web/CSS/Guides/Animations,0.5885807558272397,true,Animations/Using,https://developer.mozilla.org/en-us/docs/web/css/guides/animations,1
mdn-css:7,How do I create CSS animations?,mdn-css,markcrawl,5,https://developer.mozilla.org/en-US/docs/Web/CSS/Reference/Properties/animation-range,0.5858459419771547,false,Animations/Using,https://developer.mozilla.org/en-us/docs/web/css/reference/properties/animation-range,3
mdn-css:0,How does the CSS display property work?,mdn-css,crawl4ai,1,https://developer.mozilla.org/en-US/docs/Web/CSS/Guides/Cascade/Property_value_processing,0.5881232821815715,false,CSS/Reference/Properties/display,https://developer.mozilla.org/en-us/docs/web/css/guides/cascade/property_value_processing,1
mdn-css:0,How does the CSS display property work?,mdn-css,crawl4ai,2,https://developer.mozilla.org/en-US/docs/Web/CSS/Guides,0.5831068519277037,false,CSS/Reference/Properties/display,https://developer.mozilla.org/en-us/docs/web/css/guides,2
mdn-css:0,How does the CSS display property work?,mdn-css,crawl4ai,3,https://developer.mozilla.org/en-US/docs/Web/CSS/Guides/Transitions/Using,0.5792649690940816,false,CSS/Reference/Properties/display,https://developer.mozilla.org/en-us/docs/web/css/guides/transitions/using,3
mdn-css:0,How does the CSS display property work?,mdn-css,crawl4ai,4,https://developer.mozilla.org/en-US/docs/Web/CSS/Guides/Cascade/Property_value_processing,0.5749181826022385,false,CSS/Reference/Properties/display,https://developer.mozilla.org/en-us/docs/web/css/guides/cascade/property_value_processing,1
mdn-css:0,How does the CSS display property work?,mdn-css,crawl4ai,5,https://developer.mozilla.org/en-US/docs/Web/CSS/Guides/Display/Multi-keyword_syntax,0.5743534945386805,true,CSS/Reference/Properties/display,https://developer.mozilla.org/en-us/docs/web/css/guides/display/multi-keyword_syntax,4
mdn-css:1,How do I use flexbox for page layout?,mdn-css,crawl4ai,1,https://developer.mozilla.org/en-US/docs/Web/CSS/Guides/Flexible_box_layout/Use_cases,0.6132481184567008,true,Flexible_box_layout,https://developer.mozilla.org/en-us/docs/web/css/guides/flexible_box_layout/use_cases,1
mdn-css:1,How do I use flexbox for page layout?,mdn-css,crawl4ai,2,https://developer.mozilla.org/en-US/docs/Web/CSS/How_to/Layout_cookbook/Column_layouts,0.6013623432678228,false,Flexible_box_layout,https://developer.mozilla.org/en-us/docs/web/css/how_to/layout_cookbook/column_layouts,2
mdn-css:1,How do I use flexbox for page layout?,mdn-css,crawl4ai,3,https://developer.mozilla.org/en-US/docs/Web/CSS/Guides/Flexible_box_layout/Use_cases,0.5938524051639943,true,Flexible_box_layout,https://developer.mozilla.org/en-us/docs/web/css/guides/flexible_box_layout/use_cases,1
mdn-css:1,How do I use flexbox for page layout?,mdn-css,crawl4ai,4,https://developer.mozilla.org/en-US/docs/Web/CSS/Guides/Flexible_box_layout/Relationship_with_other_layout_methods,0.5935944305731242,true,Flexible_box_layout,https://developer.mozilla.org/en-us/docs/web/css/guides/flexible_box_layout/relationship_with_other_layout_methods,3
mdn-css:1,How do I use flexbox for page layout?,mdn-css,crawl4ai,5,https://developer.mozilla.org/en-US/docs/Web/CSS/Guides/Flexible_box_layout/Basic_concepts,0.5898018095973802,true,Flexible_box_layout,https://developer.mozilla.org/en-us/docs/web/css/guides/flexible_box_layout/basic_concepts,4
mdn-css:2,How does CSS Grid layout work?,mdn-css,crawl4ai,1,https://developer.mozilla.org/en-US/docs/Web/CSS/Guides/Display,0.6821968879402152,false,Grid_layout,https://developer.mozilla.org/en-us/docs/web/css/guides/display,1
mdn-css:2,How does CSS Grid layout work?,mdn-css,crawl4ai,2,https://developer.mozilla.org/en-US/docs/Web/CSS/Guides/Grid_layout/Relationship_with_other_layout_methods,0.6579034282674738,true,Grid_layout,https://developer.mozilla.org/en-us/docs/web/css/guides/grid_layout/relationship_with_other_layout_methods,2
mdn-css:2,How does CSS Grid layout work?,mdn-css,crawl4ai,3,https://developer.mozilla.org/en-US/docs/Web/CSS/Guides/Grid_layout/Box_alignment,0.6560943740769669,true,Grid_layout,https://developer.mozilla.org/en-us/docs/web/css/guides/grid_layout/box_alignment,3
mdn-css:2,How does CSS Grid layout work?,mdn-css,crawl4ai,4,https://developer.mozilla.org/en-US/docs/Web/CSS/Guides/Grid_layout,0.6450292799997034,true,Grid_layout,https://developer.mozilla.org/en-us/docs/web/css/guides/grid_layout,4
mdn-css:2,How does CSS Grid layout work?,mdn-css,crawl4ai,5,https://developer.mozilla.org/en-US/docs/Web/CSS/Guides/Grid_layout/Basic_concepts,0.6430791618605204,true,Grid_layout,https://developer.mozilla.org/en-us/docs/web/css/guides/grid_layout/basic_concepts,5
mdn-css:3,What is the CSS box model?,mdn-css,crawl4ai,1,https://developer.mozilla.org/en-US/docs/Web/CSS/Guides/Box_model,0.6473730366758726,true,Box_model,https://developer.mozilla.org/en-us/docs/web/css/guides/box_model,1
mdn-css:3,What is the CSS box model?,mdn-css,crawl4ai,2,https://developer.mozilla.org/en-US/docs/Web/CSS/Guides/Box_model/Introduction,0.6323108370892073,true,Box_model,https://developer.mozilla.org/en-us/docs/web/css/guides/box_model/introduction,2
mdn-css:3,What is the CSS box model?,mdn-css,crawl4ai,3,https://developer.mozilla.org/en-US/docs/Web/CSS/Guides/Box_model,0.6287733296679106,true,Box_model,https://developer.mozilla.org/en-us/docs/web/css/guides/box_model,1
mdn-css:3,What is the CSS box model?,mdn-css,crawl4ai,4,https://developer.mozilla.org/en-US/docs/Web/CSS/Guides/Box_model,0.620176265725352,true,Box_model,https://developer.mozilla.org/en-us/docs/web/css/guides/box_model,1
mdn-css:3,What is the CSS box model?,mdn-css,crawl4ai,5,https://developer.mozilla.org/en-US/docs/Web/CSS/Guides/Display/Visual_formatting_model,0.611081661693796,false,Box_model,https://developer.mozilla.org/en-us/docs/web/css/guides/display/visual_formatting_model,3
mdn-css:4,How does the CSS margin property work?,mdn-css,crawl4ai,1,https://developer.mozilla.org/en-US/docs/Web/CSS/Guides/Box_model/Margin_collapsing,0.626806464303437,true,Reference/Properties/margin,https://developer.mozilla.org/en-us/docs/web/css/guides/box_model/margin_collapsing,1
mdn-css:4,How does the CSS margin property work?,mdn-css,crawl4ai,2,https://developer.mozilla.org/en-US/docs/Web/CSS/Guides/Box_model/Introduction,0.556837594039056,false,Reference/Properties/margin,https://developer.mozilla.org/en-us/docs/web/css/guides/box_model/introduction,2
mdn-css:4,How does the CSS margin property work?,mdn-css,crawl4ai,3,https://developer.mozilla.org/en-US/docs/Web/CSS/Guides/Box_model,0.5420004511483123,false,Reference/Properties/margin,https://developer.mozilla.org/en-us/docs/web/css/guides/box_model,3
mdn-css:4,How does the CSS margin property work?,mdn-css,crawl4ai,4,https://developer.mozilla.org/en-US/docs/Web/CSS/Guides/Logical_properties_and_values/Margins_borders_padding,0.5335713989977212,true,Reference/Properties/margin,https://developer.mozilla.org/en-us/docs/web/css/guides/logical_properties_and_values/margins_borders_padding,4
mdn-css:4,How does the CSS margin property work?,mdn-css,crawl4ai,5,https://developer.mozilla.org/en-US/docs/Web/CSS/Guides/Logical_properties_and_values/Margins_borders_padding,0.5308245505170183,true,Reference/Properties/margin,https://developer.mozilla.org/en-us/docs/web/css/guides/logical_properties_and_values/margins_borders_padding,4
mdn-css:5,How does CSS specificity determine which rules win?,mdn-css,crawl4ai,1,https://developer.mozilla.org/en-US/docs/Web/CSS/Guides/Cascade/Specificity,0.6754574273889346,true,Cascade/Specificity,https://developer.mozilla.org/en-us/docs/web/css/guides/cascade/specificity,1
mdn-css:5,How does CSS specificity determine which rules win?,mdn-css,crawl4ai,2,https://developer.mozilla.org/en-US/docs/Web/CSS/Guides/Cascade/Introduction,0.6744357039736447,false,Cascade/Specificity,https://developer.mozilla.org/en-us/docs/web/css/guides/cascade/introduction,2
mdn-css:5,How does CSS specificity determine which rules win?,mdn-css,crawl4ai,3,https://developer.mozilla.org/en-US/docs/Web/CSS/Guides/Cascade/Specificity,0.664921300273911,true,Cascade/Specificity,https://developer.mozilla.org/en-us/docs/web/css/guides/cascade/specificity,1
mdn-css:5,How does CSS specificity determine which rules win?,mdn-css,crawl4ai,4,https://developer.mozilla.org/en-US/docs/Web/CSS/Guides/Cascade/Specificity,0.6428559081858123,true,Cascade/Specificity,https://developer.mozilla.org/en-us/docs/web/css/guides/cascade/specificity,1
mdn-css:5,How does CSS specificity determine which rules win?,mdn-css,crawl4ai,5,https://developer.mozilla.org/en-US/docs/Web/CSS/Guides/Cascade/Specificity,0.6078466036428639,true,Cascade/Specificity,https://developer.mozilla.org/en-us/docs/web/css/guides/cascade/specificity,1
mdn-css:6,How does the :hover pseudo-class work in CSS?,mdn-css,crawl4ai,1,https://developer.mozilla.org/en-US/docs/Web/CSS/Reference/Selectors/Pseudo-classes,0.5794861783449771,false,Selectors/:hover,https://developer.mozilla.org/en-us/docs/web/css/reference/selectors/pseudo-classes,1
mdn-css:6,How does the :hover pseudo-class work in CSS?,mdn-css,crawl4ai,2,https://developer.mozilla.org/en-US/docs/Web/CSS/Reference/Selectors/Pseudo-classes,0.5563123917622774,false,Selectors/:hover,https://developer.mozilla.org/en-us/docs/web/css/reference/selectors/pseudo-classes,1
mdn-css:6,How does the :hover pseudo-class work in CSS?,mdn-css,crawl4ai,3,https://developer.mozilla.org/en-US/docs/Web/CSS/Reference/Selectors/Pseudo-elements,0.5474406923856991,false,Selectors/:hover,https://developer.mozilla.org/en-us/docs/web/css/reference/selectors/pseudo-elements,2
mdn-css:6,How does the :hover pseudo-class work in CSS?,mdn-css,crawl4ai,4,https://developer.mozilla.org/en-US/docs/Web/CSS/Guides/Cascade/Specificity,0.5364709370337641,false,Selectors/:hover,https://developer.mozilla.org/en-us/docs/web/css/guides/cascade/specificity,3
mdn-css:6,How does the :hover pseudo-class work in CSS?,mdn-css,crawl4ai,5,https://developer.mozilla.org/en-US/docs/Web/CSS/Reference/Selectors/Pseudo-classes,0.534302941923357,false,Selectors/:hover,https://developer.mozilla.org/en-us/docs/web/css/reference/selectors/pseudo-classes,1
mdn-css:7,How do I create CSS animations?,mdn-css,crawl4ai,1,https://developer.mozilla.org/en-US/docs/Web/CSS/Guides/Animations/Using,0.6639734384278155,true,Animations/Using,https://developer.mozilla.org/en-us/docs/web/css/guides/animations/using,1
mdn-css:7,How do I create CSS animations?,mdn-css,crawl4ai,2,https://developer.mozilla.org/en-US/docs/Web/API/Web_Animations_API/Using_the_Web_Animations_API,0.6136092632905428,true,Animations/Using,https://developer.mozilla.org/en-us/docs/web/api/web_animations_api/using_the_web_animations_api,2
mdn-css:7,How do I create CSS animations?,mdn-css,crawl4ai,3,https://developer.mozilla.org/en-US/docs/Web/CSS/Guides/Animations,0.6056147383098369,true,Animations/Using,https://developer.mozilla.org/en-us/docs/web/css/guides/animations,3
mdn-css:7,How do I create CSS animations?,mdn-css,crawl4ai,4,https://developer.mozilla.org/en-US/docs/Web/CSS/Guides/Transitions/Using,0.6019043758605404,false,Animations/Using,https://developer.mozilla.org/en-us/docs/web/css/guides/transitions/using,4
mdn-css:7,How do I create CSS animations?,mdn-css,crawl4ai,5,https://developer.mozilla.org/en-US/docs/Web/CSS/Guides/Animations,0.5994403208570184,true,Animations/Using,https://developer.mozilla.org/en-us/docs/web/css/guides/animations,3
mdn-css:0,How does the CSS display property work?,mdn-css,crawl4ai-raw,1,https://developer.mozilla.org/en-US/docs/Web/CSS/Guides/Cascade/Property_value_processing,0.5881232821815715,false,CSS/Reference/Properties/display,https://developer.mozilla.org/en-us/docs/web/css/guides/cascade/property_value_processing,1
mdn-css:0,How does the CSS display property work?,mdn-css,crawl4ai-raw,2,https://developer.mozilla.org/en-US/docs/Web/CSS/Guides,0.5831068519277037,false,CSS/Reference/Properties/display,https://developer.mozilla.org/en-us/docs/web/css/guides,2
mdn-css:0,How does the CSS display property work?,mdn-css,crawl4ai-raw,3,https://developer.mozilla.org/en-US/docs/Web/CSS/Guides/Transitions/Using,0.5792649690940816,false,CSS/Reference/Properties/display,https://developer.mozilla.org/en-us/docs/web/css/guides/transitions/using,3
mdn-css:0,How does the CSS display property work?,mdn-css,crawl4ai-raw,4,https://developer.mozilla.org/en-US/docs/Web/CSS/Guides/Cascade/Property_value_processing,0.5750738171690191,false,CSS/Reference/Properties/display,https://developer.mozilla.org/en-us/docs/web/css/guides/cascade/property_value_processing,1
mdn-css:0,How does the CSS display property work?,mdn-css,crawl4ai-raw,5,https://developer.mozilla.org/en-US/docs/Web/CSS/Guides/Display/Multi-keyword_syntax,0.5743534945386805,true,CSS/Reference/Properties/display,https://developer.mozilla.org/en-us/docs/web/css/guides/display/multi-keyword_syntax,4
mdn-css:1,How do I use flexbox for page layout?,mdn-css,crawl4ai-raw,1,https://developer.mozilla.org/en-US/docs/Web/CSS/Guides/Flexible_box_layout/Use_cases,0.6132667531429512,true,Flexible_box_layout,https://developer.mozilla.org/en-us/docs/web/css/guides/flexible_box_layout/use_cases,1
mdn-css:1,How do I use flexbox for page layout?,mdn-css,crawl4ai-raw,2,https://developer.mozilla.org/en-US/docs/Web/CSS/How_to/Layout_cookbook/Column_layouts,0.6013385854198955,false,Flexible_box_layout,https://developer.mozilla.org/en-us/docs/web/css/how_to/layout_cookbook/column_layouts,2
mdn-css:1,How do I use flexbox for page layout?,mdn-css,crawl4ai-raw,3,https://developer.mozilla.org/en-US/docs/Web/CSS/Guides/Flexible_box_layout/Use_cases,0.593767600336976,true,Flexible_box_layout,https://developer.mozilla.org/en-us/docs/web/css/guides/flexible_box_layout/use_cases,1
mdn-css:1,How do I use flexbox for page layout?,mdn-css,crawl4ai-raw,4,https://developer.mozilla.org/en-US/docs/Web/CSS/Guides/Flexible_box_layout/Relationship_with_other_layout_methods,0.5935944305731242,true,Flexible_box_layout,https://developer.mozilla.org/en-us/docs/web/css/guides/flexible_box_layout/relationship_with_other_layout_methods,3
mdn-css:1,How do I use flexbox for page layout?,mdn-css,crawl4ai-raw,5,https://developer.mozilla.org/en-US/docs/Web/CSS/Guides/Flexible_box_layout/Basic_concepts,0.5896702150340494,true,Flexible_box_layout,https://developer.mozilla.org/en-us/docs/web/css/guides/flexible_box_layout/basic_concepts,4
mdn-css:2,How does CSS Grid layout work?,mdn-css,crawl4ai-raw,1,https://developer.mozilla.org/en-US/docs/Web/CSS/Guides/Display,0.6821968879402152,false,Grid_layout,https://developer.mozilla.org/en-us/docs/web/css/guides/display,1
mdn-css:2,How does CSS Grid layout work?,mdn-css,crawl4ai-raw,2,https://developer.mozilla.org/en-US/docs/Web/CSS/Guides/Grid_layout/Relationship_with_other_layout_methods,0.6579034282674738,true,Grid_layout,https://developer.mozilla.org/en-us/docs/web/css/guides/grid_layout/relationship_with_other_layout_methods,2
mdn-css:2,How does CSS Grid layout work?,mdn-css,crawl4ai-raw,3,https://developer.mozilla.org/en-US/docs/Web/CSS/Guides/Grid_layout/Box_alignment,0.6561292611027971,true,Grid_layout,https://developer.mozilla.org/en-us/docs/web/css/guides/grid_layout/box_alignment,3
mdn-css:2,How does CSS Grid layout work?,mdn-css,crawl4ai-raw,4,https://developer.mozilla.org/en-US/docs/Web/CSS/Guides/Grid_layout,0.6449858003340936,true,Grid_layout,https://developer.mozilla.org/en-us/docs/web/css/guides/grid_layout,4
mdn-css:2,How does CSS Grid layout work?,mdn-css,crawl4ai-raw,5,https://developer.mozilla.org/en-US/docs/Web/CSS/Guides/Grid_layout/Basic_concepts,0.6430791618605204,true,Grid_layout,https://developer.mozilla.org/en-us/docs/web/css/guides/grid_layout/basic_concepts,5
mdn-css:3,What is the CSS box model?,mdn-css,crawl4ai-raw,1,https://developer.mozilla.org/en-US/docs/Web/CSS/Guides/Box_model,0.647640298888658,true,Box_model,https://developer.mozilla.org/en-us/docs/web/css/guides/box_model,1
mdn-css:3,What is the CSS box model?,mdn-css,crawl4ai-raw,2,https://developer.mozilla.org/en-US/docs/Web/CSS/Guides/Box_model/Introduction,0.6323108370892073,true,Box_model,https://developer.mozilla.org/en-us/docs/web/css/guides/box_model/introduction,2
mdn-css:3,What is the CSS box model?,mdn-css,crawl4ai-raw,3,https://developer.mozilla.org/en-US/docs/Web/CSS/Guides/Box_model,0.628722446888018,true,Box_model,https://developer.mozilla.org/en-us/docs/web/css/guides/box_model,1
mdn-css:3,What is the CSS box model?,mdn-css,crawl4ai-raw,4,https://developer.mozilla.org/en-US/docs/Web/CSS/Guides/Box_model,0.6200825793121105,true,Box_model,https://developer.mozilla.org/en-us/docs/web/css/guides/box_model,1
mdn-css:3,What is the CSS box model?,mdn-css,crawl4ai-raw,5,https://developer.mozilla.org/en-US/docs/Web/CSS/Guides/Display/Visual_formatting_model,0.611081661693796,false,Box_model,https://developer.mozilla.org/en-us/docs/web/css/guides/display/visual_formatting_model,3
mdn-css:4,How does the CSS margin property work?,mdn-css,crawl4ai-raw,1,https://developer.mozilla.org/en-US/docs/Web/CSS/Guides/Box_model/Margin_collapsing,0.626806464303437,true,Reference/Properties/margin,https://developer.mozilla.org/en-us/docs/web/css/guides/box_model/margin_collapsing,1
mdn-css:4,How does the CSS margin property work?,mdn-css,crawl4ai-raw,2,https://developer.mozilla.org/en-US/docs/Web/CSS/Guides/Box_model/Introduction,0.556837594039056,false,Reference/Properties/margin,https://developer.mozilla.org/en-us/docs/web/css/guides/box_model/introduction,2
mdn-css:4,How does the CSS margin property work?,mdn-css,crawl4ai-raw,3,https://developer.mozilla.org/en-US/docs/Web/CSS/Guides/Box_model,0.5420007400574075,false,Reference/Properties/margin,https://developer.mozilla.org/en-us/docs/web/css/guides/box_model,3
mdn-css:4,How does the CSS margin property work?,mdn-css,crawl4ai-raw,4,https://developer.mozilla.org/en-US/docs/Web/CSS/Guides/Logical_properties_and_values/Margins_borders_padding,0.5335713989977212,true,Reference/Properties/margin,https://developer.mozilla.org/en-us/docs/web/css/guides/logical_properties_and_values/margins_borders_padding,4
mdn-css:4,How does the CSS margin property work?,mdn-css,crawl4ai-raw,5,https://developer.mozilla.org/en-US/docs/Web/CSS/Guides/Logical_properties_and_values/Margins_borders_padding,0.5308245505170183,true,Reference/Properties/margin,https://developer.mozilla.org/en-us/docs/web/css/guides/logical_properties_and_values/margins_borders_padding,4
mdn-css:5,How does CSS specificity determine which rules win?,mdn-css,crawl4ai-raw,1,https://developer.mozilla.org/en-US/docs/Web/CSS/Guides/Cascade/Specificity,0.6754574273889346,true,Cascade/Specificity,https://developer.mozilla.org/en-us/docs/web/css/guides/cascade/specificity,1
mdn-css:5,How does CSS specificity determine which rules win?,mdn-css,crawl4ai-raw,2,https://developer.mozilla.org/en-US/docs/Web/CSS/Guides/Cascade/Introduction,0.6744675532961568,false,Cascade/Specificity,https://developer.mozilla.org/en-us/docs/web/css/guides/cascade/introduction,2
mdn-css:5,How does CSS specificity determine which rules win?,mdn-css,crawl4ai-raw,3,https://developer.mozilla.org/en-US/docs/Web/CSS/Guides/Cascade/Specificity,0.664921300273911,true,Cascade/Specificity,https://developer.mozilla.org/en-us/docs/web/css/guides/cascade/specificity,1
mdn-css:5,How does CSS specificity determine which rules win?,mdn-css,crawl4ai-raw,4,https://developer.mozilla.org/en-US/docs/Web/CSS/Guides/Cascade/Specificity,0.6428559081858123,true,Cascade/Specificity,https://developer.mozilla.org/en-us/docs/web/css/guides/cascade/specificity,1
mdn-css:5,How does CSS specificity determine which rules win?,mdn-css,crawl4ai-raw,5,https://developer.mozilla.org/en-US/docs/Web/CSS/Guides/Cascade/Specificity,0.6078466036428639,true,Cascade/Specificity,https://developer.mozilla.org/en-us/docs/web/css/guides/cascade/specificity,1
mdn-css:6,How does the :hover pseudo-class work in CSS?,mdn-css,crawl4ai-raw,1,https://developer.mozilla.org/en-US/docs/Web/CSS/Reference/Selectors/Pseudo-classes,0.5794861783449771,false,Selectors/:hover,https://developer.mozilla.org/en-us/docs/web/css/reference/selectors/pseudo-classes,1
mdn-css:6,How does the :hover pseudo-class work in CSS?,mdn-css,crawl4ai-raw,2,https://developer.mozilla.org/en-US/docs/Web/CSS/Reference/Selectors/Pseudo-classes,0.5563123917622774,false,Selectors/:hover,https://developer.mozilla.org/en-us/docs/web/css/reference/selectors/pseudo-classes,1
mdn-css:6,How does the :hover pseudo-class work in CSS?,mdn-css,crawl4ai-raw,3,https://developer.mozilla.org/en-US/docs/Web/CSS/Reference/Selectors/Pseudo-elements,0.5474406923856991,false,Selectors/:hover,https://developer.mozilla.org/en-us/docs/web/css/reference/selectors/pseudo-elements,2
mdn-css:6,How does the :hover pseudo-class work in CSS?,mdn-css,crawl4ai-raw,4,https://developer.mozilla.org/en-US/docs/Web/CSS/Guides/Cascade/Specificity,0.5364709370337641,false,Selectors/:hover,https://developer.mozilla.org/en-us/docs/web/css/guides/cascade/specificity,3
mdn-css:6,How does the :hover pseudo-class work in CSS?,mdn-css,crawl4ai-raw,5,https://developer.mozilla.org/en-US/docs/Web/CSS/Reference/Selectors/Pseudo-classes,0.534302941923357,false,Selectors/:hover,https://developer.mozilla.org/en-us/docs/web/css/reference/selectors/pseudo-classes,1
mdn-css:7,How do I create CSS animations?,mdn-css,crawl4ai-raw,1,https://developer.mozilla.org/en-US/docs/Web/CSS/Guides/Animations/Using,0.6639734384278155,true,Animations/Using,https://developer.mozilla.org/en-us/docs/web/css/guides/animations/using,1
mdn-css:7,How do I create CSS animations?,mdn-css,crawl4ai-raw,2,https://developer.mozilla.org/en-US/docs/Web/API/Web_Animations_API/Using_the_Web_Animations_API,0.6136092632905428,true,Animations/Using,https://developer.mozilla.org/en-us/docs/web/api/web_animations_api/using_the_web_animations_api,2
mdn-css:7,How do I create CSS animations?,mdn-css,crawl4ai-raw,3,https://developer.mozilla.org/en-US/docs/Web/CSS/Guides/Animations,0.6055165344404245,true,Animations/Using,https://developer.mozilla.org/en-us/docs/web/css/guides/animations,3
mdn-css:7,How do I create CSS animations?,mdn-css,crawl4ai-raw,4,https://developer.mozilla.org/en-US/docs/Web/CSS/Guides/Transitions/Using,0.6019043758605404,false,Animations/Using,https://developer.mozilla.org/en-us/docs/web/css/guides/transitions/using,4
mdn-css:7,How do I create CSS animations?,mdn-css,crawl4ai-raw,5,https://developer.mozilla.org/en-US/docs/Web/CSS/Guides/Animations,0.5994391010033617,true,Animations/Using,https://developer.mozilla.org/en-us/docs/web/css/guides/animations,3
mdn-css:0,How does the CSS display property work?,mdn-css,scrapy+md,1,https://developer.mozilla.org/en-US/docs/Web/CSS/Guides/Display,0.5959039320026922,true,CSS/Reference/Properties/display,https://developer.mozilla.org/en-us/docs/web/css/guides/display,1
mdn-css:0,How does the CSS display property work?,mdn-css,scrapy+md,2,https://developer.mozilla.org/en-US/docs/Web/CSS/Guides/Cascading_variables,0.5461489611139831,false,CSS/Reference/Properties/display,https://developer.mozilla.org/en-us/docs/web/css/guides/cascading_variables,2
mdn-css:0,How does the CSS display property work?,mdn-css,scrapy+md,3,https://developer.mozilla.org/en-US/docs/Learn_web_development/Howto/Solve_CSS_problems/Generated_content,0.5232421659892103,false,CSS/Reference/Properties/display,https://developer.mozilla.org/en-us/docs/learn_web_development/howto/solve_css_problems/generated_content,3
mdn-css:0,How does the CSS display property work?,mdn-css,scrapy+md,4,https://developer.mozilla.org/en-US/docs/Web/CSS,0.5094857801933591,false,CSS/Reference/Properties/display,https://developer.mozilla.org/en-us/docs/web/css,4
mdn-css:0,How does the CSS display property work?,mdn-css,scrapy+md,5,https://developer.mozilla.org/en-US/docs/Web/API/CSSFunctionDescriptors,0.4840484500844259,false,CSS/Reference/Properties/display,https://developer.mozilla.org/en-us/docs/web/api/cssfunctiondescriptors,5
mdn-css:1,How do I use flexbox for page layout?,mdn-css,scrapy+md,1,https://developer.mozilla.org/en-US/docs/Web/CSS/Guides/Display,0.48944760046884056,false,Flexible_box_layout,https://developer.mozilla.org/en-us/docs/web/css/guides/display,1
mdn-css:1,How do I use flexbox for page layout?,mdn-css,scrapy+md,2,https://developer.mozilla.org/en-US/docs/Learn_web_development/Core/Styling_basics/Images_media_forms,0.4217650829246445,false,Flexible_box_layout,https://developer.mozilla.org/en-us/docs/learn_web_development/core/styling_basics/images_media_forms,2
mdn-css:1,How do I use flexbox for page layout?,mdn-css,scrapy+md,3,https://developer.mozilla.org/en-US/docs/Web/CSS,0.4122500259262878,false,Flexible_box_layout,https://developer.mozilla.org/en-us/docs/web/css,3
mdn-css:1,How do I use flexbox for page layout?,mdn-css,scrapy+md,4,https://developer.mozilla.org/en-US/docs/Learn_web_development/Core/Styling_basics/Images_media_forms,0.3975020436240788,false,Flexible_box_layout,https://developer.mozilla.org/en-us/docs/learn_web_development/core/styling_basics/images_media_forms,2
mdn-css:1,How do I use flexbox for page layout?,mdn-css,scrapy+md,5,https://developer.mozilla.org/en-US/docs/Learn_web_development/Core/Styling_basics/Images_media_forms,0.38697001599277214,false,Flexible_box_layout,https://developer.mozilla.org/en-us/docs/learn_web_development/core/styling_basics/images_media_forms,2
mdn-css:2,How does CSS Grid layout work?,mdn-css,scrapy+md,1,https://developer.mozilla.org/en-US/docs/Web/CSS/Guides/Display,0.5337958892715151,false,Grid_layout,https://developer.mozilla.org/en-us/docs/web/css/guides/display,1
mdn-css:2,How does CSS Grid layout work?,mdn-css,scrapy+md,2,https://developer.mozilla.org/en-US/docs/Web/CSS,0.511528909361008,false,Grid_layout,https://developer.mozilla.org/en-us/docs/web/css,2
mdn-css:2,How does CSS Grid layout work?,mdn-css,scrapy+md,3,https://developer.mozilla.org/en-US/docs/Web/CSS,0.4557321380190747,false,Grid_layout,https://developer.mozilla.org/en-us/docs/web/css,2
mdn-css:2,How does CSS Grid layout work?,mdn-css,scrapy+md,4,https://developer.mozilla.org/en-US/docs/Learn_web_development/Core/Styling_basics/Images_media_forms,0.45107867424511106,false,Grid_layout,https://developer.mozilla.org/en-us/docs/learn_web_development/core/styling_basics/images_media_forms,3
mdn-css:2,How does CSS Grid layout work?,mdn-css,scrapy+md,5,https://developer.mozilla.org/en-US/docs/Web/CSS/Guides/Cascading_variables,0.42914822271511477,false,Grid_layout,https://developer.mozilla.org/en-us/docs/web/css/guides/cascading_variables,4
mdn-css:3,What is the CSS box model?,mdn-css,scrapy+md,1,https://developer.mozilla.org/en-US/docs/Web/CSS/Guides/Display,0.5345316831658912,false,Box_model,https://developer.mozilla.org/en-us/docs/web/css/guides/display,1
mdn-css:3,What is the CSS box model?,mdn-css,scrapy+md,2,https://developer.mozilla.org/en-US/docs/Web/CSS,0.46208910509613565,false,Box_model,https://developer.mozilla.org/en-us/docs/web/css,2
mdn-css:3,What is the CSS box model?,mdn-css,scrapy+md,3,https://developer.mozilla.org/en-US/docs/Web/CSS,0.45939387850420216,false,Box_model,https://developer.mozilla.org/en-us/docs/web/css,2
mdn-css:3,What is the CSS box model?,mdn-css,scrapy+md,4,https://developer.mozilla.org/en-US/docs/Learn_web_development/Core/Styling_basics/Images_media_forms,0.43617128970370145,false,Box_model,https://developer.mozilla.org/en-us/docs/learn_web_development/core/styling_basics/images_media_forms,3
mdn-css:3,What is the CSS box model?,mdn-css,scrapy+md,5,https://developer.mozilla.org/en-US/docs/Learn_web_development/Howto/Solve_CSS_problems/Make_box_transparent,0.4346180062930287,false,Box_model,https://developer.mozilla.org/en-us/docs/learn_web_development/howto/solve_css_problems/make_box_transparent,4
mdn-css:4,How does the CSS margin property work?,mdn-css,scrapy+md,1,https://developer.mozilla.org/en-US/docs/Web/CSS/Guides/Cascading_variables,0.4493705578968498,false,Reference/Properties/margin,https://developer.mozilla.org/en-us/docs/web/css/guides/cascading_variables,1
mdn-css:4,How does the CSS margin property work?,mdn-css,scrapy+md,2,https://developer.mozilla.org/en-US/docs/Web/CSS/Guides/Display,0.4404850789594045,false,Reference/Properties/margin,https://developer.mozilla.org/en-us/docs/web/css/guides/display,2
mdn-css:4,How does the CSS margin property work?,mdn-css,scrapy+md,3,https://developer.mozilla.org/en-US/docs/Learn_web_development/Howto/Solve_CSS_problems/Generated_content,0.4179669239765462,false,Reference/Properties/margin,https://developer.mozilla.org/en-us/docs/learn_web_development/howto/solve_css_problems/generated_content,3
mdn-css:4,How does the CSS margin property work?,mdn-css,scrapy+md,4,https://developer.mozilla.org/en-US/docs/Web/CSS,0.41609167465736924,false,Reference/Properties/margin,https://developer.mozilla.org/en-us/docs/web/css,4
mdn-css:4,How does the CSS margin property work?,mdn-css,scrapy+md,5,https://developer.mozilla.org/en-US/docs/Web/CSS/Guides/Custom_functions_and_mixins,0.4094918895977174,false,Reference/Properties/margin,https://developer.mozilla.org/en-us/docs/web/css/guides/custom_functions_and_mixins,5
mdn-css:5,How does CSS specificity determine which rules win?,mdn-css,scrapy+md,1,https://developer.mozilla.org/en-US/docs/Web/CSS/Guides/Cascading_variables,0.4417251347035132,false,Cascade/Specificity,https://developer.mozilla.org/en-us/docs/web/css/guides/cascading_variables,1
mdn-css:5,How does CSS specificity determine which rules win?,mdn-css,scrapy+md,2,https://developer.mozilla.org/en-US/docs/Learn_web_development/Core/Styling_basics/Images_media_forms,0.43280343363478996,false,Cascade/Specificity,https://developer.mozilla.org/en-us/docs/learn_web_development/core/styling_basics/images_media_forms,2
mdn-css:5,How does CSS specificity determine which rules win?,mdn-css,scrapy+md,3,https://developer.mozilla.org/en-US/docs/Web/CSS/Guides/Custom_functions_and_mixins,0.42748600007204035,false,Cascade/Specificity,https://developer.mozilla.org/en-us/docs/web/css/guides/custom_functions_and_mixins,3
mdn-css:5,How does CSS specificity determine which rules win?,mdn-css,scrapy+md,4,https://developer.mozilla.org/en-US/docs/Learn_web_development/Howto/Solve_CSS_problems/Generated_content,0.42049264264081215,false,Cascade/Specificity,https://developer.mozilla.org/en-us/docs/learn_web_development/howto/solve_css_problems/generated_content,4
mdn-css:5,How does CSS specificity determine which rules win?,mdn-css,scrapy+md,5,https://developer.mozilla.org/en-US/docs/Web/CSS,0.40287313865259006,false,Cascade/Specificity,https://developer.mozilla.org/en-us/docs/web/css,5
mdn-css:6,How does the :hover pseudo-class work in CSS?,mdn-css,scrapy+md,1,https://developer.mozilla.org/en-US/docs/Web/API/CSSFunctionDescriptors,0.4226026605474135,false,Selectors/:hover,https://developer.mozilla.org/en-us/docs/web/api/cssfunctiondescriptors,1
mdn-css:6,How does the :hover pseudo-class work in CSS?,mdn-css,scrapy+md,2,https://developer.mozilla.org/en-US/docs/Web/CSS/Guides/Easing_functions,0.4215012879042801,false,Selectors/:hover,https://developer.mozilla.org/en-us/docs/web/css/guides/easing_functions,2
mdn-css:6,How does the :hover pseudo-class work in CSS?,mdn-css,scrapy+md,3,https://developer.mozilla.org/en-US/docs/Web/HTML/Reference/Attributes/rel/prerender,0.4198673775243364,false,Selectors/:hover,https://developer.mozilla.org/en-us/docs/web/html/reference/attributes/rel/prerender,3
mdn-css:6,How does the :hover pseudo-class work in CSS?,mdn-css,scrapy+md,4,https://developer.mozilla.org/en-US/docs/Learn_web_development/Howto/Solve_CSS_problems/Highlight_first_para,0.41929558206699874,false,Selectors/:hover,https://developer.mozilla.org/en-us/docs/learn_web_development/howto/solve_css_problems/highlight_first_para,4
mdn-css:6,How does the :hover pseudo-class work in CSS?,mdn-css,scrapy+md,5,https://developer.mozilla.org/en-US/docs/Web/CSS/Guides/Custom_functions_and_mixins,0.41868485350107093,false,Selectors/:hover,https://developer.mozilla.org/en-us/docs/web/css/guides/custom_functions_and_mixins,5
mdn-css:7,How do I create CSS animations?,mdn-css,scrapy+md,1,https://developer.mozilla.org/en-US/docs/Web/CSS,0.48595539973165974,false,Animations/Using,https://developer.mozilla.org/en-us/docs/web/css,1
mdn-css:7,How do I create CSS animations?,mdn-css,scrapy+md,2,https://developer.mozilla.org/en-US/docs/Web/CSS,0.47998295774595545,false,Animations/Using,https://developer.mozilla.org/en-us/docs/web/css,1
mdn-css:7,How do I create CSS animations?,mdn-css,scrapy+md,3,https://developer.mozilla.org/en-US/docs/Learn_web_development/Howto/Solve_CSS_problems/Generated_content,0.46457215464521845,false,Animations/Using,https://developer.mozilla.org/en-us/docs/learn_web_development/howto/solve_css_problems/generated_content,2
mdn-css:7,How do I create CSS animations?,mdn-css,scrapy+md,4,https://developer.mozilla.org/en-US/docs/Learn_web_development/Core/Styling_basics/Test_your_skills/Images,0.4476007598415143,false,Animations/Using,https://developer.mozilla.org/en-us/docs/learn_web_development/core/styling_basics/test_your_skills/images,3
mdn-css:7,How do I create CSS animations?,mdn-css,scrapy+md,5,https://developer.mozilla.org/en-US/docs/Web/CSS/Guides/Cascading_variables,0.4461344127590081,false,Animations/Using,https://developer.mozilla.org/en-us/docs/web/css/guides/cascading_variables,4
mdn-css:0,How does the CSS display property work?,mdn-css,crawlee,1,https://developer.mozilla.org/en-US/docs/Web/CSS/Guides/Syntax/Introduction,0.5708630912155898,false,CSS/Reference/Properties/display,https://developer.mozilla.org/en-us/docs/web/css/guides/syntax/introduction,1
mdn-css:0,How does the CSS display property work?,mdn-css,crawlee,2,https://developer.mozilla.org/en-US/docs/Web/CSS/Guides/Easing_functions,0.5683978796881215,false,CSS/Reference/Properties/display,https://developer.mozilla.org/en-us/docs/web/css/guides/easing_functions,2
mdn-css:0,How does the CSS display property work?,mdn-css,crawlee,3,https://developer.mozilla.org/en-US/docs/Web/CSS/Guides/Colors/Applying_color,0.565417157400022,false,CSS/Reference/Properties/display,https://developer.mozilla.org/en-us/docs/web/css/guides/colors/applying_color,3
mdn-css:0,How does the CSS display property work?,mdn-css,crawlee,4,https://developer.mozilla.org/en-US/docs/Web/CSS/Guides/Cascade/Property_value_processing,0.5652923417026743,false,CSS/Reference/Properties/display,https://developer.mozilla.org/en-us/docs/web/css/guides/cascade/property_value_processing,4
mdn-css:0,How does the CSS display property work?,mdn-css,crawlee,5,https://developer.mozilla.org/en-US/docs/Web/CSS/Guides/Transitions/Using,0.5651901118563745,false,CSS/Reference/Properties/display,https://developer.mozilla.org/en-us/docs/web/css/guides/transitions/using,5
mdn-css:1,How do I use flexbox for page layout?,mdn-css,crawlee,1,https://developer.mozilla.org/en-US/docs/Web/CSS/Guides/Flexible_box_layout/Use_cases,0.6223866972297138,true,Flexible_box_layout,https://developer.mozilla.org/en-us/docs/web/css/guides/flexible_box_layout/use_cases,1
mdn-css:1,How do I use flexbox for page layout?,mdn-css,crawlee,2,https://developer.mozilla.org/en-US/docs/Web/CSS/Guides/Flexible_box_layout/Controlling_flex_item_ratios,0.6103582612231725,true,Flexible_box_layout,https://developer.mozilla.org/en-us/docs/web/css/guides/flexible_box_layout/controlling_flex_item_ratios,2
mdn-css:1,How do I use flexbox for page layout?,mdn-css,crawlee,3,https://developer.mozilla.org/en-US/docs/Web/CSS/How_to/Layout_cookbook/Column_layouts,0.6041076826975982,false,Flexible_box_layout,https://developer.mozilla.org/en-us/docs/web/css/how_to/layout_cookbook/column_layouts,3
mdn-css:1,How do I use flexbox for page layout?,mdn-css,crawlee,4,https://developer.mozilla.org/en-US/docs/Web/CSS/Guides/Flexible_box_layout/Use_cases,0.5936511681885305,true,Flexible_box_layout,https://developer.mozilla.org/en-us/docs/web/css/guides/flexible_box_layout/use_cases,1
mdn-css:1,How do I use flexbox for page layout?,mdn-css,crawlee,5,https://developer.mozilla.org/en-US/docs/Web/CSS/Guides/Flexible_box_layout/Basic_concepts,0.5910052069135407,true,Flexible_box_layout,https://developer.mozilla.org/en-us/docs/web/css/guides/flexible_box_layout/basic_concepts,4
mdn-css:2,How does CSS Grid layout work?,mdn-css,crawlee,1,https://developer.mozilla.org/en-US/docs/Web/CSS/Guides/Grid_layout/Basic_concepts,0.655567888120566,true,Grid_layout,https://developer.mozilla.org/en-us/docs/web/css/guides/grid_layout/basic_concepts,1
mdn-css:2,How does CSS Grid layout work?,mdn-css,crawlee,2,https://developer.mozilla.org/en-US/docs/Web/CSS/Guides/Grid_layout/Relationship_with_other_layout_methods,0.6496014764311567,true,Grid_layout,https://developer.mozilla.org/en-us/docs/web/css/guides/grid_layout/relationship_with_other_layout_methods,2
mdn-css:2,How does CSS Grid layout work?,mdn-css,crawlee,3,https://developer.mozilla.org/en-US/docs/Web/CSS/Guides/Grid_layout,0.6467222960790312,true,Grid_layout,https://developer.mozilla.org/en-us/docs/web/css/guides/grid_layout,3
mdn-css:2,How does CSS Grid layout work?,mdn-css,crawlee,4,https://developer.mozilla.org/en-US/docs/Web/CSS/Guides/Grid_layout/Common_grid_layouts,0.6442364255541495,true,Grid_layout,https://developer.mozilla.org/en-us/docs/web/css/guides/grid_layout/common_grid_layouts,4
mdn-css:2,How does CSS Grid layout work?,mdn-css,crawlee,5,https://developer.mozilla.org/en-US/docs/Web/CSS/Guides/Display,0.6336722253513092,false,Grid_layout,https://developer.mozilla.org/en-us/docs/web/css/guides/display,5
mdn-css:3,What is the CSS box model?,mdn-css,crawlee,1,https://developer.mozilla.org/en-US/docs/Web/CSS/Guides/Box_model,0.677531375655519,true,Box_model,https://developer.mozilla.org/en-us/docs/web/css/guides/box_model,1
mdn-css:3,What is the CSS box model?,mdn-css,crawlee,2,https://developer.mozilla.org/en-US/docs/Web/CSS/Guides/Box_model/Introduction,0.6269895543251173,true,Box_model,https://developer.mozilla.org/en-us/docs/web/css/guides/box_model/introduction,2
mdn-css:3,What is the CSS box model?,mdn-css,crawlee,3,https://developer.mozilla.org/en-US/docs/Web/CSS/Guides/Display/Visual_formatting_model,0.6232089608757362,false,Box_model,https://developer.mozilla.org/en-us/docs/web/css/guides/display/visual_formatting_model,3
mdn-css:3,What is the CSS box model?,mdn-css,crawlee,4,https://developer.mozilla.org/en-US/docs/Web/CSS/Guides/Box_model,0.616211809959715,true,Box_model,https://developer.mozilla.org/en-us/docs/web/css/guides/box_model,1
mdn-css:3,What is the CSS box model?,mdn-css,crawlee,5,https://developer.mozilla.org/en-US/docs/Web/CSS/Guides/Display/Formatting_contexts,0.6118773720729345,false,Box_model,https://developer.mozilla.org/en-us/docs/web/css/guides/display/formatting_contexts,4
mdn-css:4,How does the CSS margin property work?,mdn-css,crawlee,1,https://developer.mozilla.org/en-US/docs/Web/CSS/Guides/Box_model/Margin_collapsing,0.6308417173513108,true,Reference/Properties/margin,https://developer.mozilla.org/en-us/docs/web/css/guides/box_model/margin_collapsing,1
mdn-css:4,How does the CSS margin property work?,mdn-css,crawlee,2,https://developer.mozilla.org/en-US/docs/Web/CSS/Guides/Box_model/Introduction,0.5663097504585065,false,Reference/Properties/margin,https://developer.mozilla.org/en-us/docs/web/css/guides/box_model/introduction,2
mdn-css:4,How does the CSS margin property work?,mdn-css,crawlee,3,https://developer.mozilla.org/en-US/docs/Web/CSS/Guides/Box_model,0.5484605116034555,false,Reference/Properties/margin,https://developer.mozilla.org/en-us/docs/web/css/guides/box_model,3
mdn-css:4,How does the CSS margin property work?,mdn-css,crawlee,4,https://developer.mozilla.org/en-US/docs/Web/CSS/Guides/Box_model/Margin_collapsing,0.5248019127431285,true,Reference/Properties/margin,https://developer.mozilla.org/en-us/docs/web/css/guides/box_model/margin_collapsing,1
mdn-css:4,How does the CSS margin property work?,mdn-css,crawlee,5,https://developer.mozilla.org/en-US/docs/Web/CSS/Guides/Cascade/Shorthand_properties,0.5196958620568347,false,Reference/Properties/margin,https://developer.mozilla.org/en-us/docs/web/css/guides/cascade/shorthand_properties,4
mdn-css:5,How does CSS specificity determine which rules win?,mdn-css,crawlee,1,https://developer.mozilla.org/en-US/docs/Web/CSS/Guides/Cascade/Specificity,0.6774335579987061,true,Cascade/Specificity,https://developer.mozilla.org/en-us/docs/web/css/guides/cascade/specificity,1
mdn-css:5,How does CSS specificity determine which rules win?,mdn-css,crawlee,2,https://developer.mozilla.org/en-US/docs/Web/CSS/Guides/Cascade/Specificity,0.6465638945767993,true,Cascade/Specificity,https://developer.mozilla.org/en-us/docs/web/css/guides/cascade/specificity,1
mdn-css:5,How does CSS specificity determine which rules win?,mdn-css,crawlee,3,https://developer.mozilla.org/en-US/docs/Web/CSS/Guides/Cascade/Introduction,0.6195116938923539,false,Cascade/Specificity,https://developer.mozilla.org/en-us/docs/web/css/guides/cascade/introduction,2
mdn-css:5,How does CSS specificity determine which rules win?,mdn-css,crawlee,4,https://developer.mozilla.org/en-US/docs/Web/CSS/Guides/Cascade/Specificity,0.6169411782092056,true,Cascade/Specificity,https://developer.mozilla.org/en-us/docs/web/css/guides/cascade/specificity,1
mdn-css:5,How does CSS specificity determine which rules win?,mdn-css,crawlee,5,https://developer.mozilla.org/en-US/docs/Web/CSS/Guides/Cascade/Specificity,0.5990735808205359,true,Cascade/Specificity,https://developer.mozilla.org/en-us/docs/web/css/guides/cascade/specificity,1
mdn-css:6,How does the :hover pseudo-class work in CSS?,mdn-css,crawlee,1,https://developer.mozilla.org/en-US/docs/Web/CSS/Reference/Selectors/Pseudo-classes,0.5443332591503486,false,Selectors/:hover,https://developer.mozilla.org/en-us/docs/web/css/reference/selectors/pseudo-classes,1
mdn-css:6,How does the :hover pseudo-class work in CSS?,mdn-css,crawlee,2,https://developer.mozilla.org/en-US/docs/Web/CSS/Reference/Selectors/Pseudo-elements,0.539632332934314,false,Selectors/:hover,https://developer.mozilla.org/en-us/docs/web/css/reference/selectors/pseudo-elements,2
mdn-css:6,How does the :hover pseudo-class work in CSS?,mdn-css,crawlee,3,https://developer.mozilla.org/en-US/docs/Web/CSS/Reference/Selectors/Pseudo-classes,0.536203578753567,false,Selectors/:hover,https://developer.mozilla.org/en-us/docs/web/css/reference/selectors/pseudo-classes,1
mdn-css:6,How does the :hover pseudo-class work in CSS?,mdn-css,crawlee,4,https://developer.mozilla.org/en-US/docs/Web/CSS/Guides/Selectors/Selectors_and_combinators,0.5301912816256145,false,Selectors/:hover,https://developer.mozilla.org/en-us/docs/web/css/guides/selectors/selectors_and_combinators,3
mdn-css:6,How does the :hover pseudo-class work in CSS?,mdn-css,crawlee,5,https://developer.mozilla.org/en-US/docs/Web/CSS/Guides/Cascade/Specificity,0.528886760077616,false,Selectors/:hover,https://developer.mozilla.org/en-us/docs/web/css/guides/cascade/specificity,4
mdn-css:7,How do I create CSS animations?,mdn-css,crawlee,1,https://developer.mozilla.org/en-US/docs/Web/CSS/Guides/Animations/Using,0.6642814217114719,true,Animations/Using,https://developer.mozilla.org/en-us/docs/web/css/guides/animations/using,1
mdn-css:7,How do I create CSS animations?,mdn-css,crawlee,2,https://developer.mozilla.org/en-US/docs/Web/API/Web_Animations_API/Using_the_Web_Animations_API,0.6123130171511105,true,Animations/Using,https://developer.mozilla.org/en-us/docs/web/api/web_animations_api/using_the_web_animations_api,2
mdn-css:7,How do I create CSS animations?,mdn-css,crawlee,3,https://developer.mozilla.org/en-US/docs/Web/CSS/Guides/Animations,0.6041515825389459,true,Animations/Using,https://developer.mozilla.org/en-us/docs/web/css/guides/animations,3
mdn-css:7,How do I create CSS animations?,mdn-css,crawlee,4,https://developer.mozilla.org/en-US/docs/Web/CSS/Guides/Animations,0.6029522597945403,true,Animations/Using,https://developer.mozilla.org/en-us/docs/web/css/guides/animations,3
mdn-css:7,How do I create CSS animations?,mdn-css,crawlee,5,https://developer.mozilla.org/en-US/docs/Web/CSS/Guides/Transitions/Using,0.5868968647485515,false,Animations/Using,https://developer.mozilla.org/en-us/docs/web/css/guides/transitions/using,4
mdn-css:0,How does the CSS display property work?,mdn-css,colly+md,1,https://developer.mozilla.org/en-US/docs/Web/CSS/Guides/Display/Multi-keyword/synt,0.6070882381604628,true,CSS/Reference/Properties/display,https://developer.mozilla.org/en-us/docs/web/css/guides/display/multi-keyword/synt,1
mdn-css:0,How does the CSS display property work?,mdn-css,colly+md,2,https://developer.mozilla.org/en-US/docs/Web/CSS/Guides/Display,0.5994472123419663,true,CSS/Reference/Properties/display,https://developer.mozilla.org/en-us/docs/web/css/guides/display,2
mdn-css:0,How does the CSS display property work?,mdn-css,colly+md,3,https://developer.mozilla.org/en-US/docs/Web/CSS/Guides/Display/Multi-keyword/synt,0.5808373194338717,true,CSS/Reference/Properties/display,https://developer.mozilla.org/en-us/docs/web/css/guides/display/multi-keyword/synt,1
mdn-css:0,How does the CSS display property work?,mdn-css,colly+md,4,https://developer.mozilla.org/en-US/docs/Web/CSS/Guides/Cascade/Property/value/pro,0.5783553009477665,false,CSS/Reference/Properties/display,https://developer.mozilla.org/en-us/docs/web/css/guides/cascade/property/value/pro,3
mdn-css:0,How does the CSS display property work?,mdn-css,colly+md,5,https://developer.mozilla.org/en-US/docs/Web/CSS/Guides/Syntax/Introduction,0.5699914495456389,false,CSS/Reference/Properties/display,https://developer.mozilla.org/en-us/docs/web/css/guides/syntax/introduction,4
mdn-css:1,How do I use flexbox for page layout?,mdn-css,colly+md,1,https://developer.mozilla.org/en-US/docs/Web/CSS/Guides/Flexible/box/layout/Wrappi,0.6216250099435786,false,Flexible_box_layout,https://developer.mozilla.org/en-us/docs/web/css/guides/flexible/box/layout/wrappi,1
mdn-css:1,How do I use flexbox for page layout?,mdn-css,colly+md,2,https://developer.mozilla.org/en-US/docs/Web/CSS/Guides/Flexible/box/layout/Use/ca,0.6162478674441557,false,Flexible_box_layout,https://developer.mozilla.org/en-us/docs/web/css/guides/flexible/box/layout/use/ca,2
mdn-css:1,How do I use flexbox for page layout?,mdn-css,colly+md,3,https://developer.mozilla.org/en-US/docs/Web/CSS/Guides/Flexible/box/layout,0.6089328094879606,false,Flexible_box_layout,https://developer.mozilla.org/en-us/docs/web/css/guides/flexible/box/layout,3
mdn-css:1,How do I use flexbox for page layout?,mdn-css,colly+md,4,https://developer.mozilla.org/en-US/docs/Web/CSS/Guides/Flexible/box/layout/Use/ca,0.6033077205888254,false,Flexible_box_layout,https://developer.mozilla.org/en-us/docs/web/css/guides/flexible/box/layout/use/ca,2
mdn-css:1,How do I use flexbox for page layout?,mdn-css,colly+md,5,https://developer.mozilla.org/en-US/docs/Web/CSS/Guides/Flexible/box/layout/Relati,0.6029245381711297,false,Flexible_box_layout,https://developer.mozilla.org/en-us/docs/web/css/guides/flexible/box/layout/relati,4
mdn-css:2,How does CSS Grid layout work?,mdn-css,colly+md,1,https://developer.mozilla.org/en-US/docs/Web/CSS/Guides/Grid/layout/Relationship/w,0.6777142950220416,true,Grid_layout,https://developer.mozilla.org/en-us/docs/web/css/guides/grid/layout/relationship/w,1
mdn-css:2,How does CSS Grid layout work?,mdn-css,colly+md,2,https://developer.mozilla.org/en-US/docs/Web/CSS/Guides/Grid/layout,0.6713942661897689,true,Grid_layout,https://developer.mozilla.org/en-us/docs/web/css/guides/grid/layout,2
mdn-css:2,How does CSS Grid layout work?,mdn-css,colly+md,3,https://developer.mozilla.org/en-US/docs/Web/CSS/Guides/Grid/layout/Common/grid/la,0.655914269224662,true,Grid_layout,https://developer.mozilla.org/en-us/docs/web/css/guides/grid/layout/common/grid/la,3
mdn-css:2,How does CSS Grid layout work?,mdn-css,colly+md,4,https://developer.mozilla.org/en-US/docs/Web/CSS/Guides/Grid/layout/Basic/concepts,0.6454896872726313,true,Grid_layout,https://developer.mozilla.org/en-us/docs/web/css/guides/grid/layout/basic/concepts,4
mdn-css:2,How does CSS Grid layout work?,mdn-css,colly+md,5,https://developer.mozilla.org/en-US/docs/Web/CSS/Guides/Grid/layout/Basic/concepts,0.6346916195971147,true,Grid_layout,https://developer.mozilla.org/en-us/docs/web/css/guides/grid/layout/basic/concepts,4
mdn-css:3,What is the CSS box model?,mdn-css,colly+md,1,https://developer.mozilla.org/en-US/docs/Web/CSS/Guides/Box/model/Introduction,0.6520699571719559,false,Box_model,https://developer.mozilla.org/en-us/docs/web/css/guides/box/model/introduction,1
mdn-css:3,What is the CSS box model?,mdn-css,colly+md,2,https://developer.mozilla.org/en-US/docs/Web/CSS/Guides/Box/model,0.6517882811755757,false,Box_model,https://developer.mozilla.org/en-us/docs/web/css/guides/box/model,2
mdn-css:3,What is the CSS box model?,mdn-css,colly+md,3,https://developer.mozilla.org/en-US/docs/Web/CSS/Guides/Box/model,0.6478222910179452,false,Box_model,https://developer.mozilla.org/en-us/docs/web/css/guides/box/model,2
mdn-css:3,What is the CSS box model?,mdn-css,colly+md,4,https://developer.mozilla.org/en-US/docs/Web/CSS/Guides/Box/model/Introduction,0.6346852211995813,false,Box_model,https://developer.mozilla.org/en-us/docs/web/css/guides/box/model/introduction,1
mdn-css:3,What is the CSS box model?,mdn-css,colly+md,5,https://developer.mozilla.org/en-US/docs/Web/CSS/Guides/Display/Visual/formatting/,0.6086335030397547,false,Box_model,https://developer.mozilla.org/en-us/docs/web/css/guides/display/visual/formatting/,3
mdn-css:4,How does the CSS margin property work?,mdn-css,colly+md,1,https://developer.mozilla.org/en-US/docs/Web/CSS/Guides/Box/model,0.5633665321100436,false,Reference/Properties/margin,https://developer.mozilla.org/en-us/docs/web/css/guides/box/model,1
mdn-css:4,How does the CSS margin property work?,mdn-css,colly+md,2,https://developer.mozilla.org/en-US/docs/Web/CSS/Reference/Properties,0.5407639907564661,false,Reference/Properties/margin,https://developer.mozilla.org/en-us/docs/web/css/reference/properties,2
mdn-css:4,How does the CSS margin property work?,mdn-css,colly+md,3,https://developer.mozilla.org/en-US/docs/Web/CSS/Guides/Display/Block/and/inline/l,0.5380119936027838,false,Reference/Properties/margin,https://developer.mozilla.org/en-us/docs/web/css/guides/display/block/and/inline/l,3
mdn-css:4,How does the CSS margin property work?,mdn-css,colly+md,4,https://developer.mozilla.org/en-US/docs/Web/CSS/Guides/Box/model/Margin/collapsin,0.5205341310966421,true,Reference/Properties/margin,https://developer.mozilla.org/en-us/docs/web/css/guides/box/model/margin/collapsin,4
mdn-css:4,How does the CSS margin property work?,mdn-css,colly+md,5,https://developer.mozilla.org/en-US/docs/Web/CSS/Guides/Box/model,0.5157964608507712,false,Reference/Properties/margin,https://developer.mozilla.org/en-us/docs/web/css/guides/box/model,1
mdn-css:5,How does CSS specificity determine which rules win?,mdn-css,colly+md,1,https://developer.mozilla.org/en-US/docs/Web/CSS/Guides/Cascade/Specificity,0.6208369859949168,true,Cascade/Specificity,https://developer.mozilla.org/en-us/docs/web/css/guides/cascade/specificity,1
mdn-css:5,How does CSS specificity determine which rules win?,mdn-css,colly+md,2,https://developer.mozilla.org/en-US/docs/Web/CSS/Guides/Cascade/Specificity,0.6201601455542419,true,Cascade/Specificity,https://developer.mozilla.org/en-us/docs/web/css/guides/cascade/specificity,1
mdn-css:5,How does CSS specificity determine which rules win?,mdn-css,colly+md,3,https://developer.mozilla.org/en-US/docs/Web/CSS/Guides/Cascade/Specificity,0.6183839758613384,true,Cascade/Specificity,https://developer.mozilla.org/en-us/docs/web/css/guides/cascade/specificity,1
mdn-css:5,How does CSS specificity determine which rules win?,mdn-css,colly+md,4,https://developer.mozilla.org/en-US/docs/Web/CSS/Guides/Cascade/Specificity,0.6158955719009127,true,Cascade/Specificity,https://developer.mozilla.org/en-us/docs/web/css/guides/cascade/specificity,1
mdn-css:5,How does CSS specificity determine which rules win?,mdn-css,colly+md,5,https://developer.mozilla.org/en-US/docs/Web/CSS/Guides/Cascade/Introduction,0.6127157892859197,false,Cascade/Specificity,https://developer.mozilla.org/en-us/docs/web/css/guides/cascade/introduction,2
mdn-css:6,How does the :hover pseudo-class work in CSS?,mdn-css,colly+md,1,https://developer.mozilla.org/en-US/docs/Web/CSS/Reference/Selectors/Pseudo-classe,0.6488740915112442,false,Selectors/:hover,https://developer.mozilla.org/en-us/docs/web/css/reference/selectors/pseudo-classe,1
mdn-css:6,How does the :hover pseudo-class work in CSS?,mdn-css,colly+md,2,https://developer.mozilla.org/en-US/docs/Web/CSS/Guides/Pseudo-elements,0.5714812054145327,false,Selectors/:hover,https://developer.mozilla.org/en-us/docs/web/css/guides/pseudo-elements,2
mdn-css:6,How does the :hover pseudo-class work in CSS?,mdn-css,colly+md,3,https://developer.mozilla.org/en-US/docs/Web/CSS/Reference/Selectors/Pseudo-classe,0.5467094641354661,false,Selectors/:hover,https://developer.mozilla.org/en-us/docs/web/css/reference/selectors/pseudo-classe,1
mdn-css:6,How does the :hover pseudo-class work in CSS?,mdn-css,colly+md,4,https://developer.mozilla.org/en-US/docs/Web/CSS/Reference/Selectors/Pseudo-elemen,0.545211560512738,false,Selectors/:hover,https://developer.mozilla.org/en-us/docs/web/css/reference/selectors/pseudo-elemen,3
mdn-css:6,How does the :hover pseudo-class work in CSS?,mdn-css,colly+md,5,https://developer.mozilla.org/en-US/docs/Web/CSS/Guides/Cascade/Specificity,0.5342117224733018,false,Selectors/:hover,https://developer.mozilla.org/en-us/docs/web/css/guides/cascade/specificity,4
mdn-css:7,How do I create CSS animations?,mdn-css,colly+md,1,https://developer.mozilla.org/en-US/docs/Web/CSS/Guides/Animations/Using,0.6304604524632024,true,Animations/Using,https://developer.mozilla.org/en-us/docs/web/css/guides/animations/using,1
mdn-css:7,How do I create CSS animations?,mdn-css,colly+md,2,https://developer.mozilla.org/en-US/docs/Web/API/Web/Animations/API/Using/the/Web/,0.6107077688706853,true,Animations/Using,https://developer.mozilla.org/en-us/docs/web/api/web/animations/api/using/the/web/,2
mdn-css:7,How do I create CSS animations?,mdn-css,colly+md,3,https://developer.mozilla.org/en-US/docs/Web/CSS/Guides/Animations,0.593130905174959,true,Animations/Using,https://developer.mozilla.org/en-us/docs/web/css/guides/animations,3
mdn-css:7,How do I create CSS animations?,mdn-css,colly+md,4,https://developer.mozilla.org/en-US/docs/Web/CSS/Guides/Animations,0.5889498894506943,true,Animations/Using,https://developer.mozilla.org/en-us/docs/web/css/guides/animations,3
mdn-css:7,How do I create CSS animations?,mdn-css,colly+md,5,https://developer.mozilla.org/en-US/docs/Web/CSS/Guides/Animations,0.5869571234715412,true,Animations/Using,https://developer.mozilla.org/en-us/docs/web/css/guides/animations,3
mdn-css:0,How does the CSS display property work?,mdn-css,playwright,1,https://developer.mozilla.org/en-US/docs/Web/CSS/Guides/Display/Multi-keyword_syntax,0.5807956219212779,true,CSS/Reference/Properties/display,https://developer.mozilla.org/en-us/docs/web/css/guides/display/multi-keyword_syntax,1
mdn-css:0,How does the CSS display property work?,mdn-css,playwright,2,https://developer.mozilla.org/en-US/docs/Web/CSS/Guides/Custom_functions_and_mixins/Using_custom_functions,0.5726239769929479,false,CSS/Reference/Properties/display,https://developer.mozilla.org/en-us/docs/web/css/guides/custom_functions_and_mixins/using_custom_functions,2
mdn-css:0,How does the CSS display property work?,mdn-css,playwright,3,https://developer.mozilla.org/en-US/docs/Web/CSS/Guides/Syntax/Introduction,0.5708630912155898,false,CSS/Reference/Properties/display,https://developer.mozilla.org/en-us/docs/web/css/guides/syntax/introduction,3
mdn-css:0,How does the CSS display property work?,mdn-css,playwright,4,https://developer.mozilla.org/en-US/docs/Web/CSS/Guides/Easing_functions,0.5683978796881215,false,CSS/Reference/Properties/display,https://developer.mozilla.org/en-us/docs/web/css/guides/easing_functions,4
mdn-css:0,How does the CSS display property work?,mdn-css,playwright,5,https://developer.mozilla.org/en-US/docs/Web/CSS/Guides/Cascade/Property_value_processing,0.5652923417026743,false,CSS/Reference/Properties/display,https://developer.mozilla.org/en-us/docs/web/css/guides/cascade/property_value_processing,5
mdn-css:1,How do I use flexbox for page layout?,mdn-css,playwright,1,https://developer.mozilla.org/en-US/docs/Web/CSS/Guides/Flexible_box_layout/Use_cases,0.6223294734380104,true,Flexible_box_layout,https://developer.mozilla.org/en-us/docs/web/css/guides/flexible_box_layout/use_cases,1
mdn-css:1,How do I use flexbox for page layout?,mdn-css,playwright,2,https://developer.mozilla.org/en-US/docs/Web/CSS/Guides/Flexible_box_layout/Wrapping_items,0.6216499758091392,true,Flexible_box_layout,https://developer.mozilla.org/en-us/docs/web/css/guides/flexible_box_layout/wrapping_items,2
mdn-css:1,How do I use flexbox for page layout?,mdn-css,playwright,3,https://developer.mozilla.org/en-US/docs/Web/CSS/Guides/Flexible_box_layout/Use_cases,0.6163404982889701,true,Flexible_box_layout,https://developer.mozilla.org/en-us/docs/web/css/guides/flexible_box_layout/use_cases,1
mdn-css:1,How do I use flexbox for page layout?,mdn-css,playwright,4,https://developer.mozilla.org/en-US/docs/Web/CSS/Guides/Flexible_box_layout/Relationship_with_other_layout_methods,0.6029245381711297,true,Flexible_box_layout,https://developer.mozilla.org/en-us/docs/web/css/guides/flexible_box_layout/relationship_with_other_layout_methods,3
mdn-css:1,How do I use flexbox for page layout?,mdn-css,playwright,5,https://developer.mozilla.org/en-US/docs/Web/CSS/Guides/Grid_layout/Relationship_with_other_layout_methods,0.5958101823955665,false,Flexible_box_layout,https://developer.mozilla.org/en-us/docs/web/css/guides/grid_layout/relationship_with_other_layout_methods,4
mdn-css:2,How does CSS Grid layout work?,mdn-css,playwright,1,https://developer.mozilla.org/en-US/docs/Web/CSS/Guides/Grid_layout,0.6671339719931452,true,Grid_layout,https://developer.mozilla.org/en-us/docs/web/css/guides/grid_layout,1
mdn-css:2,How does CSS Grid layout work?,mdn-css,playwright,2,https://developer.mozilla.org/en-US/docs/Web/CSS/Guides/Grid_layout/Common_grid_layouts,0.655914269224662,true,Grid_layout,https://developer.mozilla.org/en-us/docs/web/css/guides/grid_layout/common_grid_layouts,2
mdn-css:2,How does CSS Grid layout work?,mdn-css,playwright,3,https://developer.mozilla.org/en-US/docs/Web/CSS/Guides/Grid_layout/Basic_concepts,0.6558454946828046,true,Grid_layout,https://developer.mozilla.org/en-us/docs/web/css/guides/grid_layout/basic_concepts,3
mdn-css:2,How does CSS Grid layout work?,mdn-css,playwright,4,https://developer.mozilla.org/en-US/docs/Web/CSS/Guides/Display,0.6336722253513092,false,Grid_layout,https://developer.mozilla.org/en-us/docs/web/css/guides/display,4
mdn-css:2,How does CSS Grid layout work?,mdn-css,playwright,5,https://developer.mozilla.org/en-US/docs/Web/CSS/Guides/Grid_layout/Relationship_with_other_layout_methods,0.6327208886576681,true,Grid_layout,https://developer.mozilla.org/en-us/docs/web/css/guides/grid_layout/relationship_with_other_layout_methods,5
mdn-css:3,What is the CSS box model?,mdn-css,playwright,1,https://developer.mozilla.org/en-US/docs/Web/CSS/Guides/Box_model,0.677531375655519,true,Box_model,https://developer.mozilla.org/en-us/docs/web/css/guides/box_model,1
mdn-css:3,What is the CSS box model?,mdn-css,playwright,2,https://developer.mozilla.org/en-US/docs/Web/CSS/Guides/Box_model/Introduction,0.6274349895212861,true,Box_model,https://developer.mozilla.org/en-us/docs/web/css/guides/box_model/introduction,2
mdn-css:3,What is the CSS box model?,mdn-css,playwright,3,https://developer.mozilla.org/en-US/docs/Web/CSS/Guides/Display/Visual_formatting_model,0.6232089608757362,false,Box_model,https://developer.mozilla.org/en-us/docs/web/css/guides/display/visual_formatting_model,3
mdn-css:3,What is the CSS box model?,mdn-css,playwright,4,https://developer.mozilla.org/en-US/docs/Web/CSS/Guides/Box_model,0.6162185243769569,true,Box_model,https://developer.mozilla.org/en-us/docs/web/css/guides/box_model,1
mdn-css:3,What is the CSS box model?,mdn-css,playwright,5,https://developer.mozilla.org/en-US/docs/Web/CSS/Guides/Display/Formatting_contexts,0.6116903200562503,false,Box_model,https://developer.mozilla.org/en-us/docs/web/css/guides/display/formatting_contexts,4
mdn-css:4,How does the CSS margin property work?,mdn-css,playwright,1,https://developer.mozilla.org/en-US/docs/Web/CSS/Guides/Box_model/Margin_collapsing,0.6313076627015176,true,Reference/Properties/margin,https://developer.mozilla.org/en-us/docs/web/css/guides/box_model/margin_collapsing,1
mdn-css:4,How does the CSS margin property work?,mdn-css,playwright,2,https://developer.mozilla.org/en-US/docs/Web/CSS/Guides/Box_model/Introduction,0.5663887014473242,false,Reference/Properties/margin,https://developer.mozilla.org/en-us/docs/web/css/guides/box_model/introduction,2
mdn-css:4,How does the CSS margin property work?,mdn-css,playwright,3,https://developer.mozilla.org/en-US/docs/Web/CSS/Guides/Display/Flow_layout_and_writing_modes,0.564277223862935,false,Reference/Properties/margin,https://developer.mozilla.org/en-us/docs/web/css/guides/display/flow_layout_and_writing_modes,3
mdn-css:4,How does the CSS margin property work?,mdn-css,playwright,4,https://developer.mozilla.org/en-US/docs/Web/CSS/Guides/Box_model,0.5484605116034555,false,Reference/Properties/margin,https://developer.mozilla.org/en-us/docs/web/css/guides/box_model,4
mdn-css:4,How does the CSS margin property work?,mdn-css,playwright,5,https://developer.mozilla.org/en-US/docs/Web/CSS/Guides/Display/Block_and_inline_layout,0.5380119936027838,false,Reference/Properties/margin,https://developer.mozilla.org/en-us/docs/web/css/guides/display/block_and_inline_layout,5
mdn-css:5,How does CSS specificity determine which rules win?,mdn-css,playwright,1,https://developer.mozilla.org/en-US/docs/Web/CSS/Guides/Cascade/Specificity,0.7020697512369961,true,Cascade/Specificity,https://developer.mozilla.org/en-us/docs/web/css/guides/cascade/specificity,1
mdn-css:5,How does CSS specificity determine which rules win?,mdn-css,playwright,2,https://developer.mozilla.org/en-US/docs/Web/CSS/Guides/Cascade/Specificity,0.6209186822580554,true,Cascade/Specificity,https://developer.mozilla.org/en-us/docs/web/css/guides/cascade/specificity,1
mdn-css:5,How does CSS specificity determine which rules win?,mdn-css,playwright,3,https://developer.mozilla.org/en-US/docs/Web/CSS/Guides/Cascade/Specificity,0.6201601455542419,true,Cascade/Specificity,https://developer.mozilla.org/en-us/docs/web/css/guides/cascade/specificity,1
mdn-css:5,How does CSS specificity determine which rules win?,mdn-css,playwright,4,https://developer.mozilla.org/en-US/docs/Web/CSS/Guides/Cascade/Specificity,0.6159108659574375,true,Cascade/Specificity,https://developer.mozilla.org/en-us/docs/web/css/guides/cascade/specificity,1
mdn-css:5,How does CSS specificity determine which rules win?,mdn-css,playwright,5,https://developer.mozilla.org/en-US/docs/Web/CSS/Guides/Cascade/Introduction,0.6127157892859197,false,Cascade/Specificity,https://developer.mozilla.org/en-us/docs/web/css/guides/cascade/introduction,2
mdn-css:6,How does the :hover pseudo-class work in CSS?,mdn-css,playwright,1,https://developer.mozilla.org/en-US/docs/Web/CSS/Guides/Selectors/Selectors_and_combinators,0.5522279753980602,false,Selectors/:hover,https://developer.mozilla.org/en-us/docs/web/css/guides/selectors/selectors_and_combinators,1
mdn-css:6,How does the :hover pseudo-class work in CSS?,mdn-css,playwright,2,https://developer.mozilla.org/en-US/docs/Web/CSS/Reference/Selectors/Pseudo-classes,0.5506222599176596,false,Selectors/:hover,https://developer.mozilla.org/en-us/docs/web/css/reference/selectors/pseudo-classes,2
mdn-css:6,How does the :hover pseudo-class work in CSS?,mdn-css,playwright,3,https://developer.mozilla.org/en-US/docs/Web/CSS/Guides/Transitions/Using,0.5491439901855371,false,Selectors/:hover,https://developer.mozilla.org/en-us/docs/web/css/guides/transitions/using,3
mdn-css:6,How does the :hover pseudo-class work in CSS?,mdn-css,playwright,4,https://developer.mozilla.org/en-US/docs/Web/CSS/Reference/Selectors/Pseudo-classes,0.5467094641354661,false,Selectors/:hover,https://developer.mozilla.org/en-us/docs/web/css/reference/selectors/pseudo-classes,2
mdn-css:6,How does the :hover pseudo-class work in CSS?,mdn-css,playwright,5,https://developer.mozilla.org/en-US/docs/Web/CSS/Reference/Selectors/Pseudo-classes,0.5443332591503486,false,Selectors/:hover,https://developer.mozilla.org/en-us/docs/web/css/reference/selectors/pseudo-classes,2
mdn-css:7,How do I create CSS animations?,mdn-css,playwright,1,https://developer.mozilla.org/en-US/docs/Web/CSS/Guides/Animations/Using,0.6642814217114719,true,Animations/Using,https://developer.mozilla.org/en-us/docs/web/css/guides/animations/using,1
mdn-css:7,How do I create CSS animations?,mdn-css,playwright,2,https://developer.mozilla.org/en-US/docs/Web/API/Web_Animations_API/Using_the_Web_Animations_API,0.6107077688706853,true,Animations/Using,https://developer.mozilla.org/en-us/docs/web/api/web_animations_api/using_the_web_animations_api,2
mdn-css:7,How do I create CSS animations?,mdn-css,playwright,3,https://developer.mozilla.org/en-US/docs/Web/CSS/Guides/Animations,0.6087833348906977,true,Animations/Using,https://developer.mozilla.org/en-us/docs/web/css/guides/animations,3
mdn-css:7,How do I create CSS animations?,mdn-css,playwright,4,https://developer.mozilla.org/en-US/docs/Web/CSS/Guides/Scroll-driven_animations,0.6038920510873728,true,Animations/Using,https://developer.mozilla.org/en-us/docs/web/css/guides/scroll-driven_animations,4
mdn-css:7,How do I create CSS animations?,mdn-css,playwright,5,https://developer.mozilla.org/en-US/docs/Web/CSS/Guides/Transitions/Using,0.6024579351910869,false,Animations/Using,https://developer.mozilla.org/en-us/docs/web/css/guides/transitions/using,5
rust-book:0,What is ownership in Rust?,rust-book,markcrawl,1,https://doc.rust-lang.org/book/ch04-01-what-is-ownership.html,0.7667958783953974,true,ch04-01-what-is-ownership,https://doc.rust-lang.org/book/ch04-01-what-is-ownership.html,1
rust-book:0,What is ownership in Rust?,rust-book,markcrawl,2,https://doc.rust-lang.org/book/ch04-00-understanding-ownership.html,0.7281450224721969,true,ch04-01-what-is-ownership,https://doc.rust-lang.org/book/ch04-00-understanding-ownership.html,2
rust-book:0,What is ownership in Rust?,rust-book,markcrawl,3,https://doc.rust-lang.org/book/print.html,0.6514858894337284,false,ch04-01-what-is-ownership,https://doc.rust-lang.org/book/print.html,3
rust-book:0,What is ownership in Rust?,rust-book,markcrawl,4,https://doc.rust-lang.org/book/ch16-03-shared-state.html,0.6349677295959663,false,ch04-01-what-is-ownership,https://doc.rust-lang.org/book/ch16-03-shared-state.html,4
rust-book:0,What is ownership in Rust?,rust-book,markcrawl,5,https://doc.rust-lang.org/book/print.html,0.6349677295959663,false,ch04-01-what-is-ownership,https://doc.rust-lang.org/book/print.html,3
rust-book:1,How do references and borrowing work in Rust?,rust-book,markcrawl,1,https://doc.rust-lang.org/book/print.html,0.6362751610044659,false,ch04-02-references-and-borrowing,https://doc.rust-lang.org/book/print.html,1
rust-book:1,How do references and borrowing work in Rust?,rust-book,markcrawl,2,https://doc.rust-lang.org/book/ch04-02-references-and-borrowing.html,0.6362751610044659,true,ch04-02-references-and-borrowing,https://doc.rust-lang.org/book/ch04-02-references-and-borrowing.html,2
rust-book:1,How do references and borrowing work in Rust?,rust-book,markcrawl,3,https://doc.rust-lang.org/book/ch10-03-lifetime-syntax.html,0.6339929929133725,false,ch04-02-references-and-borrowing,https://doc.rust-lang.org/book/ch10-03-lifetime-syntax.html,3
rust-book:1,How do references and borrowing work in Rust?,rust-book,markcrawl,4,https://doc.rust-lang.org/book/print.html,0.6338549480160932,false,ch04-02-references-and-borrowing,https://doc.rust-lang.org/book/print.html,1
rust-book:1,How do references and borrowing work in Rust?,rust-book,markcrawl,5,https://doc.rust-lang.org/book/print.html,0.618704995672925,false,ch04-02-references-and-borrowing,https://doc.rust-lang.org/book/print.html,1
rust-book:2,How do I define structs in Rust?,rust-book,markcrawl,1,https://doc.rust-lang.org/book/ch05-00-structs.html,0.6752708142198567,true,ch05-01-defining-structs,https://doc.rust-lang.org/book/ch05-00-structs.html,1
rust-book:2,How do I define structs in Rust?,rust-book,markcrawl,2,https://doc.rust-lang.org/book/print.html,0.6291474417112024,false,ch05-01-defining-structs,https://doc.rust-lang.org/book/print.html,2
rust-book:2,How do I define structs in Rust?,rust-book,markcrawl,3,https://doc.rust-lang.org/book/ch05-02-example-structs.html,0.6233061536411517,true,ch05-01-defining-structs,https://doc.rust-lang.org/book/ch05-02-example-structs.html,3
rust-book:2,How do I define structs in Rust?,rust-book,markcrawl,4,https://doc.rust-lang.org/book/ch05-03-method-syntax.html,0.6086627009982997,false,ch05-01-defining-structs,https://doc.rust-lang.org/book/ch05-03-method-syntax.html,4
rust-book:2,How do I define structs in Rust?,rust-book,markcrawl,5,https://doc.rust-lang.org/book/print.html,0.5934892853454073,false,ch05-01-defining-structs,https://doc.rust-lang.org/book/print.html,2
rust-book:3,How do enums work in Rust?,rust-book,markcrawl,1,https://doc.rust-lang.org/book/ch06-01-defining-an-enum.html,0.6480229645059862,true,ch06-01-defining-an-enum,https://doc.rust-lang.org/book/ch06-01-defining-an-enum.html,1
rust-book:3,How do enums work in Rust?,rust-book,markcrawl,2,https://doc.rust-lang.org/book/print.html,0.6055235151306638,false,ch06-01-defining-an-enum,https://doc.rust-lang.org/book/print.html,2
rust-book:3,How do enums work in Rust?,rust-book,markcrawl,3,https://doc.rust-lang.org/book/print.html,0.6053982322522168,false,ch06-01-defining-an-enum,https://doc.rust-lang.org/book/print.html,2
rust-book:3,How do enums work in Rust?,rust-book,markcrawl,4,https://doc.rust-lang.org/book/print.html,0.6043744522959288,false,ch06-01-defining-an-enum,https://doc.rust-lang.org/book/print.html,2
rust-book:3,How do enums work in Rust?,rust-book,markcrawl,5,https://doc.rust-lang.org/book/ch06-03-if-let.html,0.6043744522959288,false,ch06-01-defining-an-enum,https://doc.rust-lang.org/book/ch06-03-if-let.html,3
rust-book:4,How do I use generics in Rust?,rust-book,markcrawl,1,https://doc.rust-lang.org/book/ch10-00-generics.html,0.6330603087682068,true,ch10-01-syntax,https://doc.rust-lang.org/book/ch10-00-generics.html,1
rust-book:4,How do I use generics in Rust?,rust-book,markcrawl,2,https://doc.rust-lang.org/book/print.html,0.6292133240851762,false,ch10-01-syntax,https://doc.rust-lang.org/book/print.html,2
rust-book:4,How do I use generics in Rust?,rust-book,markcrawl,3,https://doc.rust-lang.org/book/print.html,0.6197109191402098,false,ch10-01-syntax,https://doc.rust-lang.org/book/print.html,2
rust-book:4,How do I use generics in Rust?,rust-book,markcrawl,4,https://doc.rust-lang.org/book/ch10-01-syntax.html,0.619687663654469,true,ch10-01-syntax,https://doc.rust-lang.org/book/ch10-01-syntax.html,3
rust-book:4,How do I use generics in Rust?,rust-book,markcrawl,5,https://doc.rust-lang.org/book/print.html,0.6050658530221767,false,ch10-01-syntax,https://doc.rust-lang.org/book/print.html,2
rust-book:5,What are traits in Rust and how do I define them?,rust-book,markcrawl,1,https://doc.rust-lang.org/book/print.html,0.6131250048684357,false,ch10-02-traits,https://doc.rust-lang.org/book/print.html,1
rust-book:5,What are traits in Rust and how do I define them?,rust-book,markcrawl,2,https://doc.rust-lang.org/book/ch20-02-advanced-traits.html,0.6095458343146344,true,ch10-02-traits,https://doc.rust-lang.org/book/ch20-02-advanced-traits.html,2
rust-book:5,What are traits in Rust and how do I define them?,rust-book,markcrawl,3,https://doc.rust-lang.org/book/print.html,0.5728856571970949,false,ch10-02-traits,https://doc.rust-lang.org/book/print.html,1
rust-book:5,What are traits in Rust and how do I define them?,rust-book,markcrawl,4,https://doc.rust-lang.org/book/ch10-02-traits.html,0.5555084775093092,true,ch10-02-traits,https://doc.rust-lang.org/book/ch10-02-traits.html,3
rust-book:5,What are traits in Rust and how do I define them?,rust-book,markcrawl,5,https://doc.rust-lang.org/book/print.html,0.5450216925882084,false,ch10-02-traits,https://doc.rust-lang.org/book/print.html,1
rust-book:6,How do closures work in Rust?,rust-book,markcrawl,1,https://doc.rust-lang.org/book/ch13-01-closures.html,0.7599033455758277,true,ch13-01-closures,https://doc.rust-lang.org/book/ch13-01-closures.html,1
rust-book:6,How do closures work in Rust?,rust-book,markcrawl,2,https://doc.rust-lang.org/book/print.html,0.6253626433579497,false,ch13-01-closures,https://doc.rust-lang.org/book/print.html,2
rust-book:6,How do closures work in Rust?,rust-book,markcrawl,3,https://doc.rust-lang.org/book/ch20-04-advanced-functions-and-closures.html,0.6253626433579497,true,ch13-01-closures,https://doc.rust-lang.org/book/ch20-04-advanced-functions-and-closures.html,3
rust-book:6,How do closures work in Rust?,rust-book,markcrawl,4,https://doc.rust-lang.org/book/print.html,0.617603440036771,false,ch13-01-closures,https://doc.rust-lang.org/book/print.html,2
rust-book:6,How do closures work in Rust?,rust-book,markcrawl,5,https://doc.rust-lang.org/book/ch13-01-closures.html,0.617603440036771,true,ch13-01-closures,https://doc.rust-lang.org/book/ch13-01-closures.html,1
rust-book:7,How do I handle errors with Result in Rust?,rust-book,markcrawl,1,https://doc.rust-lang.org/book/ch09-02-recoverable-errors-with-result.html,0.6296865609148876,true,ch09,https://doc.rust-lang.org/book/ch09-02-recoverable-errors-with-result.html,1
rust-book:7,How do I handle errors with Result in Rust?,rust-book,markcrawl,2,https://doc.rust-lang.org/book/ch09-00-error-handling.html,0.6273064966185662,true,ch09,https://doc.rust-lang.org/book/ch09-00-error-handling.html,2
rust-book:7,How do I handle errors with Result in Rust?,rust-book,markcrawl,3,https://doc.rust-lang.org/book/print.html,0.5918674205588016,false,ch09,https://doc.rust-lang.org/book/print.html,3
rust-book:7,How do I handle errors with Result in Rust?,rust-book,markcrawl,4,https://doc.rust-lang.org/book/print.html,0.5757179821804803,false,ch09,https://doc.rust-lang.org/book/print.html,3
rust-book:7,How do I handle errors with Result in Rust?,rust-book,markcrawl,5,https://doc.rust-lang.org/book/print.html,0.5708492568286601,false,ch09,https://doc.rust-lang.org/book/print.html,3
rust-book:0,What is ownership in Rust?,rust-book,crawl4ai,1,https://doc.rust-lang.org/stable/book/ch04-00-understanding-ownership.html,0.654834796998465,true,ch04-01-what-is-ownership,https://doc.rust-lang.org/stable/book/ch04-00-understanding-ownership.html,1
rust-book:0,What is ownership in Rust?,rust-book,crawl4ai,2,https://doc.rust-lang.org/book/ch04-00-understanding-ownership.html,0.6548031049832905,true,ch04-01-what-is-ownership,https://doc.rust-lang.org/book/ch04-00-understanding-ownership.html,2
rust-book:0,What is ownership in Rust?,rust-book,crawl4ai,3,https://doc.rust-lang.org/book/ch04-01-what-is-ownership.html,0.6460997667936765,true,ch04-01-what-is-ownership,https://doc.rust-lang.org/book/ch04-01-what-is-ownership.html,3
rust-book:0,What is ownership in Rust?,rust-book,crawl4ai,4,https://doc.rust-lang.org/stable/book/ch04-01-what-is-ownership.html,0.6460997667936765,true,ch04-01-what-is-ownership,https://doc.rust-lang.org/stable/book/ch04-01-what-is-ownership.html,4
rust-book:0,What is ownership in Rust?,rust-book,crawl4ai,5,https://doc.rust-lang.org/book/ch16-03-shared-state.html,0.636576847560635,false,ch04-01-what-is-ownership,https://doc.rust-lang.org/book/ch16-03-shared-state.html,5
rust-book:1,How do references and borrowing work in Rust?,rust-book,crawl4ai,1,https://doc.rust-lang.org/stable/book/ch04-02-references-and-borrowing.html,0.6303612231935317,true,ch04-02-references-and-borrowing,https://doc.rust-lang.org/stable/book/ch04-02-references-and-borrowing.html,1
rust-book:1,How do references and borrowing work in Rust?,rust-book,crawl4ai,2,https://doc.rust-lang.org/book/print.html,0.6284511873448612,false,ch04-02-references-and-borrowing,https://doc.rust-lang.org/book/print.html,2
rust-book:1,How do references and borrowing work in Rust?,rust-book,crawl4ai,3,https://doc.rust-lang.org/book/ch04-02-references-and-borrowing.html,0.6284511873448612,true,ch04-02-references-and-borrowing,https://doc.rust-lang.org/book/ch04-02-references-and-borrowing.html,3
rust-book:1,How do references and borrowing work in Rust?,rust-book,crawl4ai,4,https://doc.rust-lang.org/stable/book/ch10-03-lifetime-syntax.html,0.6186736561590783,false,ch04-02-references-and-borrowing,https://doc.rust-lang.org/stable/book/ch10-03-lifetime-syntax.html,4
rust-book:1,How do references and borrowing work in Rust?,rust-book,crawl4ai,5,https://doc.rust-lang.org/book/ch10-03-lifetime-syntax.html,0.6186736561590783,false,ch04-02-references-and-borrowing,https://doc.rust-lang.org/book/ch10-03-lifetime-syntax.html,5
rust-book:2,How do I define structs in Rust?,rust-book,crawl4ai,1,https://doc.rust-lang.org/book/print.html,0.6531725583360833,false,ch05-01-defining-structs,https://doc.rust-lang.org/book/print.html,1
rust-book:2,How do I define structs in Rust?,rust-book,crawl4ai,2,https://doc.rust-lang.org/book/print.html,0.6328533528660779,false,ch05-01-defining-structs,https://doc.rust-lang.org/book/print.html,1
rust-book:2,How do I define structs in Rust?,rust-book,crawl4ai,3,https://doc.rust-lang.org/stable/book/ch05-03-method-syntax.html,0.6183531788584146,false,ch05-01-defining-structs,https://doc.rust-lang.org/stable/book/ch05-03-method-syntax.html,2
rust-book:2,How do I define structs in Rust?,rust-book,crawl4ai,4,https://doc.rust-lang.org/book/print.html,0.6183508276325963,false,ch05-01-defining-structs,https://doc.rust-lang.org/book/print.html,1
rust-book:2,How do I define structs in Rust?,rust-book,crawl4ai,5,https://doc.rust-lang.org/book/ch05-03-method-syntax.html,0.6183189157470333,false,ch05-01-defining-structs,https://doc.rust-lang.org/book/ch05-03-method-syntax.html,3
rust-book:3,How do enums work in Rust?,rust-book,crawl4ai,1,https://doc.rust-lang.org/book/print.html,0.6808616200606653,false,ch06-01-defining-an-enum,https://doc.rust-lang.org/book/print.html,1
rust-book:3,How do enums work in Rust?,rust-book,crawl4ai,2,https://doc.rust-lang.org/stable/book/ch06-01-defining-an-enum.html,0.6354759932401666,true,ch06-01-defining-an-enum,https://doc.rust-lang.org/stable/book/ch06-01-defining-an-enum.html,2
rust-book:3,How do enums work in Rust?,rust-book,crawl4ai,3,https://doc.rust-lang.org/book/ch06-01-defining-an-enum.html,0.6354042961459265,true,ch06-01-defining-an-enum,https://doc.rust-lang.org/book/ch06-01-defining-an-enum.html,3
rust-book:3,How do enums work in Rust?,rust-book,crawl4ai,4,https://doc.rust-lang.org/book/ch06-03-if-let.html,0.6105626134209472,false,ch06-01-defining-an-enum,https://doc.rust-lang.org/book/ch06-03-if-let.html,4
rust-book:3,How do enums work in Rust?,rust-book,crawl4ai,5,https://doc.rust-lang.org/book/print.html,0.6105015331891248,false,ch06-01-defining-an-enum,https://doc.rust-lang.org/book/print.html,1
rust-book:4,How do I use generics in Rust?,rust-book,crawl4ai,1,https://doc.rust-lang.org/book/print.html,0.648729526571048,false,ch10-01-syntax,https://doc.rust-lang.org/book/print.html,1
rust-book:4,How do I use generics in Rust?,rust-book,crawl4ai,2,https://doc.rust-lang.org/book/print.html,0.6311995968181913,false,ch10-01-syntax,https://doc.rust-lang.org/book/print.html,1
rust-book:4,How do I use generics in Rust?,rust-book,crawl4ai,3,https://doc.rust-lang.org/book/ch10-01-syntax.html,0.6311995968181913,true,ch10-01-syntax,https://doc.rust-lang.org/book/ch10-01-syntax.html,2
rust-book:4,How do I use generics in Rust?,rust-book,crawl4ai,4,https://doc.rust-lang.org/stable/book/ch10-01-syntax.html,0.6311995968181913,true,ch10-01-syntax,https://doc.rust-lang.org/stable/book/ch10-01-syntax.html,3
rust-book:4,How do I use generics in Rust?,rust-book,crawl4ai,5,https://doc.rust-lang.org/book/print.html,0.6128295588074685,false,ch10-01-syntax,https://doc.rust-lang.org/book/print.html,1
rust-book:5,What are traits in Rust and how do I define them?,rust-book,crawl4ai,1,https://doc.rust-lang.org/stable/book/ch10-02-traits.html,0.6985302620814651,true,ch10-02-traits,https://doc.rust-lang.org/stable/book/ch10-02-traits.html,1
rust-book:5,What are traits in Rust and how do I define them?,rust-book,crawl4ai,2,https://doc.rust-lang.org/book/ch10-02-traits.html,0.6985302620814651,true,ch10-02-traits,https://doc.rust-lang.org/book/ch10-02-traits.html,2
rust-book:5,What are traits in Rust and how do I define them?,rust-book,crawl4ai,3,https://doc.rust-lang.org/book/ch20-02-advanced-traits.html,0.6633665834285876,true,ch10-02-traits,https://doc.rust-lang.org/book/ch20-02-advanced-traits.html,3
rust-book:5,What are traits in Rust and how do I define them?,rust-book,crawl4ai,4,https://doc.rust-lang.org/book/ch17-05-traits-for-async.html,0.6058400371766239,true,ch10-02-traits,https://doc.rust-lang.org/book/ch17-05-traits-for-async.html,4
rust-book:5,What are traits in Rust and how do I define them?,rust-book,crawl4ai,5,https://doc.rust-lang.org/reference/items/traits.html,0.6018453948109987,true,ch10-02-traits,https://doc.rust-lang.org/reference/items/traits.html,5
rust-book:6,How do closures work in Rust?,rust-book,crawl4ai,1,https://doc.rust-lang.org/book/ch13-01-closures.html,0.6287368879792224,true,ch13-01-closures,https://doc.rust-lang.org/book/ch13-01-closures.html,1
rust-book:6,How do closures work in Rust?,rust-book,crawl4ai,2,https://doc.rust-lang.org/book/print.html,0.6287368879792224,false,ch13-01-closures,https://doc.rust-lang.org/book/print.html,2
rust-book:6,How do closures work in Rust?,rust-book,crawl4ai,3,https://doc.rust-lang.org/book/ch13-01-closures.html,0.6188532758966648,true,ch13-01-closures,https://doc.rust-lang.org/book/ch13-01-closures.html,1
rust-book:6,How do closures work in Rust?,rust-book,crawl4ai,4,https://doc.rust-lang.org/book/print.html,0.6188532758966648,false,ch13-01-closures,https://doc.rust-lang.org/book/print.html,2
rust-book:6,How do closures work in Rust?,rust-book,crawl4ai,5,https://doc.rust-lang.org/book/print.html,0.6152762744968037,false,ch13-01-closures,https://doc.rust-lang.org/book/print.html,2
rust-book:7,How do I handle errors with Result in Rust?,rust-book,crawl4ai,1,https://doc.rust-lang.org/std/result/enum.Result.html,0.6557255640959513,false,ch09,https://doc.rust-lang.org/std/result/enum.result.html,1
rust-book:7,How do I handle errors with Result in Rust?,rust-book,crawl4ai,2,https://doc.rust-lang.org/book/print.html,0.6141207905456184,false,ch09,https://doc.rust-lang.org/book/print.html,2
rust-book:7,How do I handle errors with Result in Rust?,rust-book,crawl4ai,3,https://doc.rust-lang.org/std/result/enum.Result.html,0.586001939124004,false,ch09,https://doc.rust-lang.org/std/result/enum.result.html,1
rust-book:7,How do I handle errors with Result in Rust?,rust-book,crawl4ai,4,https://doc.rust-lang.org/std/result/enum.Result.html,0.5616544241850636,false,ch09,https://doc.rust-lang.org/std/result/enum.result.html,1
rust-book:7,How do I handle errors with Result in Rust?,rust-book,crawl4ai,5,https://doc.rust-lang.org/book/ch09-02-recoverable-errors-with-result.html,0.556422111895006,true,ch09,https://doc.rust-lang.org/book/ch09-02-recoverable-errors-with-result.html,3
rust-book:0,What is ownership in Rust?,rust-book,crawl4ai-raw,1,https://doc.rust-lang.org/stable/book/ch04-00-understanding-ownership.html,0.654834796998465,true,ch04-01-what-is-ownership,https://doc.rust-lang.org/stable/book/ch04-00-understanding-ownership.html,1
rust-book:0,What is ownership in Rust?,rust-book,crawl4ai-raw,2,https://doc.rust-lang.org/book/ch04-00-understanding-ownership.html,0.6548031049832905,true,ch04-01-what-is-ownership,https://doc.rust-lang.org/book/ch04-00-understanding-ownership.html,2
rust-book:0,What is ownership in Rust?,rust-book,crawl4ai-raw,3,https://doc.rust-lang.org/book/ch04-01-what-is-ownership.html,0.6460997667936765,true,ch04-01-what-is-ownership,https://doc.rust-lang.org/book/ch04-01-what-is-ownership.html,3
rust-book:0,What is ownership in Rust?,rust-book,crawl4ai-raw,4,https://doc.rust-lang.org/stable/book/ch04-01-what-is-ownership.html,0.6460997667936765,true,ch04-01-what-is-ownership,https://doc.rust-lang.org/stable/book/ch04-01-what-is-ownership.html,4
rust-book:0,What is ownership in Rust?,rust-book,crawl4ai-raw,5,https://doc.rust-lang.org/book/ch16-03-shared-state.html,0.636576847560635,false,ch04-01-what-is-ownership,https://doc.rust-lang.org/book/ch16-03-shared-state.html,5
rust-book:1,How do references and borrowing work in Rust?,rust-book,crawl4ai-raw,1,https://doc.rust-lang.org/stable/book/ch04-02-references-and-borrowing.html,0.6303612231935317,true,ch04-02-references-and-borrowing,https://doc.rust-lang.org/stable/book/ch04-02-references-and-borrowing.html,1
rust-book:1,How do references and borrowing work in Rust?,rust-book,crawl4ai-raw,2,https://doc.rust-lang.org/book/print.html,0.6284511873448612,false,ch04-02-references-and-borrowing,https://doc.rust-lang.org/book/print.html,2
rust-book:1,How do references and borrowing work in Rust?,rust-book,crawl4ai-raw,3,https://doc.rust-lang.org/book/ch04-02-references-and-borrowing.html,0.6284511873448612,true,ch04-02-references-and-borrowing,https://doc.rust-lang.org/book/ch04-02-references-and-borrowing.html,3
rust-book:1,How do references and borrowing work in Rust?,rust-book,crawl4ai-raw,4,https://doc.rust-lang.org/stable/book/ch10-03-lifetime-syntax.html,0.6186736561590783,false,ch04-02-references-and-borrowing,https://doc.rust-lang.org/stable/book/ch10-03-lifetime-syntax.html,4
rust-book:1,How do references and borrowing work in Rust?,rust-book,crawl4ai-raw,5,https://doc.rust-lang.org/book/ch10-03-lifetime-syntax.html,0.6186736561590783,false,ch04-02-references-and-borrowing,https://doc.rust-lang.org/book/ch10-03-lifetime-syntax.html,5
rust-book:2,How do I define structs in Rust?,rust-book,crawl4ai-raw,1,https://doc.rust-lang.org/book/print.html,0.6531725583360833,false,ch05-01-defining-structs,https://doc.rust-lang.org/book/print.html,1
rust-book:2,How do I define structs in Rust?,rust-book,crawl4ai-raw,2,https://doc.rust-lang.org/book/print.html,0.6328533528660779,false,ch05-01-defining-structs,https://doc.rust-lang.org/book/print.html,1
rust-book:2,How do I define structs in Rust?,rust-book,crawl4ai-raw,3,https://doc.rust-lang.org/stable/book/ch05-03-method-syntax.html,0.6183531788584146,false,ch05-01-defining-structs,https://doc.rust-lang.org/stable/book/ch05-03-method-syntax.html,2
rust-book:2,How do I define structs in Rust?,rust-book,crawl4ai-raw,4,https://doc.rust-lang.org/book/print.html,0.6183508276325963,false,ch05-01-defining-structs,https://doc.rust-lang.org/book/print.html,1
rust-book:2,How do I define structs in Rust?,rust-book,crawl4ai-raw,5,https://doc.rust-lang.org/book/ch05-03-method-syntax.html,0.6183189157470333,false,ch05-01-defining-structs,https://doc.rust-lang.org/book/ch05-03-method-syntax.html,3
rust-book:3,How do enums work in Rust?,rust-book,crawl4ai-raw,1,https://doc.rust-lang.org/book/print.html,0.6808616200606653,false,ch06-01-defining-an-enum,https://doc.rust-lang.org/book/print.html,1
rust-book:3,How do enums work in Rust?,rust-book,crawl4ai-raw,2,https://doc.rust-lang.org/stable/book/ch06-01-defining-an-enum.html,0.6354759932401666,true,ch06-01-defining-an-enum,https://doc.rust-lang.org/stable/book/ch06-01-defining-an-enum.html,2
rust-book:3,How do enums work in Rust?,rust-book,crawl4ai-raw,3,https://doc.rust-lang.org/book/ch06-01-defining-an-enum.html,0.6354042961459265,true,ch06-01-defining-an-enum,https://doc.rust-lang.org/book/ch06-01-defining-an-enum.html,3
rust-book:3,How do enums work in Rust?,rust-book,crawl4ai-raw,4,https://doc.rust-lang.org/book/ch06-03-if-let.html,0.6105626134209472,false,ch06-01-defining-an-enum,https://doc.rust-lang.org/book/ch06-03-if-let.html,4
rust-book:3,How do enums work in Rust?,rust-book,crawl4ai-raw,5,https://doc.rust-lang.org/book/print.html,0.6105015331891248,false,ch06-01-defining-an-enum,https://doc.rust-lang.org/book/print.html,1
rust-book:4,How do I use generics in Rust?,rust-book,crawl4ai-raw,1,https://doc.rust-lang.org/book/print.html,0.648729526571048,false,ch10-01-syntax,https://doc.rust-lang.org/book/print.html,1
rust-book:4,How do I use generics in Rust?,rust-book,crawl4ai-raw,2,https://doc.rust-lang.org/book/print.html,0.6311995968181913,false,ch10-01-syntax,https://doc.rust-lang.org/book/print.html,1
rust-book:4,How do I use generics in Rust?,rust-book,crawl4ai-raw,3,https://doc.rust-lang.org/book/ch10-01-syntax.html,0.6311995968181913,true,ch10-01-syntax,https://doc.rust-lang.org/book/ch10-01-syntax.html,2
rust-book:4,How do I use generics in Rust?,rust-book,crawl4ai-raw,4,https://doc.rust-lang.org/stable/book/ch10-01-syntax.html,0.6311995968181913,true,ch10-01-syntax,https://doc.rust-lang.org/stable/book/ch10-01-syntax.html,3
rust-book:4,How do I use generics in Rust?,rust-book,crawl4ai-raw,5,https://doc.rust-lang.org/book/print.html,0.6128295588074685,false,ch10-01-syntax,https://doc.rust-lang.org/book/print.html,1
rust-book:5,What are traits in Rust and how do I define them?,rust-book,crawl4ai-raw,1,https://doc.rust-lang.org/stable/book/ch10-02-traits.html,0.6985302620814651,true,ch10-02-traits,https://doc.rust-lang.org/stable/book/ch10-02-traits.html,1
rust-book:5,What are traits in Rust and how do I define them?,rust-book,crawl4ai-raw,2,https://doc.rust-lang.org/book/ch10-02-traits.html,0.6985302620814651,true,ch10-02-traits,https://doc.rust-lang.org/book/ch10-02-traits.html,2
rust-book:5,What are traits in Rust and how do I define them?,rust-book,crawl4ai-raw,3,https://doc.rust-lang.org/book/ch20-02-advanced-traits.html,0.6633665834285876,true,ch10-02-traits,https://doc.rust-lang.org/book/ch20-02-advanced-traits.html,3
rust-book:5,What are traits in Rust and how do I define them?,rust-book,crawl4ai-raw,4,https://doc.rust-lang.org/book/ch17-05-traits-for-async.html,0.6058400371766239,true,ch10-02-traits,https://doc.rust-lang.org/book/ch17-05-traits-for-async.html,4
rust-book:5,What are traits in Rust and how do I define them?,rust-book,crawl4ai-raw,5,https://doc.rust-lang.org/reference/items/traits.html,0.6018453948109987,true,ch10-02-traits,https://doc.rust-lang.org/reference/items/traits.html,5
rust-book:6,How do closures work in Rust?,rust-book,crawl4ai-raw,1,https://doc.rust-lang.org/book/ch13-01-closures.html,0.6287368879792224,true,ch13-01-closures,https://doc.rust-lang.org/book/ch13-01-closures.html,1
rust-book:6,How do closures work in Rust?,rust-book,crawl4ai-raw,2,https://doc.rust-lang.org/book/print.html,0.6287368879792224,false,ch13-01-closures,https://doc.rust-lang.org/book/print.html,2
rust-book:6,How do closures work in Rust?,rust-book,crawl4ai-raw,3,https://doc.rust-lang.org/book/ch13-01-closures.html,0.6188532758966648,true,ch13-01-closures,https://doc.rust-lang.org/book/ch13-01-closures.html,1
rust-book:6,How do closures work in Rust?,rust-book,crawl4ai-raw,4,https://doc.rust-lang.org/book/print.html,0.6188532758966648,false,ch13-01-closures,https://doc.rust-lang.org/book/print.html,2
rust-book:6,How do closures work in Rust?,rust-book,crawl4ai-raw,5,https://doc.rust-lang.org/book/print.html,0.6152762744968037,false,ch13-01-closures,https://doc.rust-lang.org/book/print.html,2
rust-book:7,How do I handle errors with Result in Rust?,rust-book,crawl4ai-raw,1,https://doc.rust-lang.org/std/result/enum.Result.html,0.6557255640959513,false,ch09,https://doc.rust-lang.org/std/result/enum.result.html,1
rust-book:7,How do I handle errors with Result in Rust?,rust-book,crawl4ai-raw,2,https://doc.rust-lang.org/book/print.html,0.6141207905456184,false,ch09,https://doc.rust-lang.org/book/print.html,2
rust-book:7,How do I handle errors with Result in Rust?,rust-book,crawl4ai-raw,3,https://doc.rust-lang.org/std/result/enum.Result.html,0.586001939124004,false,ch09,https://doc.rust-lang.org/std/result/enum.result.html,1
rust-book:7,How do I handle errors with Result in Rust?,rust-book,crawl4ai-raw,4,https://doc.rust-lang.org/std/result/enum.Result.html,0.5616544241850636,false,ch09,https://doc.rust-lang.org/std/result/enum.result.html,1
rust-book:7,How do I handle errors with Result in Rust?,rust-book,crawl4ai-raw,5,https://doc.rust-lang.org/book/ch09-02-recoverable-errors-with-result.html,0.556422111895006,true,ch09,https://doc.rust-lang.org/book/ch09-02-recoverable-errors-with-result.html,3
rust-book:0,What is ownership in Rust?,rust-book,scrapy+md,1,https://doc.rust-lang.org/book/print.html,0.6349677295959663,false,ch04-01-what-is-ownership,https://doc.rust-lang.org/book/print.html,1
rust-book:0,What is ownership in Rust?,rust-book,scrapy+md,2,https://doc.rust-lang.org/stable/book/print.html,0.6349677295959663,false,ch04-01-what-is-ownership,https://doc.rust-lang.org/stable/book/print.html,2
rust-book:0,What is ownership in Rust?,rust-book,scrapy+md,3,https://doc.rust-lang.org/stable/book/print.html,0.6159531047027673,false,ch04-01-what-is-ownership,https://doc.rust-lang.org/stable/book/print.html,2
rust-book:0,What is ownership in Rust?,rust-book,scrapy+md,4,https://doc.rust-lang.org/book/print.html,0.6159531047027673,false,ch04-01-what-is-ownership,https://doc.rust-lang.org/book/print.html,1
rust-book:0,What is ownership in Rust?,rust-book,scrapy+md,5,https://doc.rust-lang.org/book/print.html,0.6009561267882527,false,ch04-01-what-is-ownership,https://doc.rust-lang.org/book/print.html,1
rust-book:1,How do references and borrowing work in Rust?,rust-book,scrapy+md,1,https://doc.rust-lang.org/book/print.html,0.6182705650445227,false,ch04-02-references-and-borrowing,https://doc.rust-lang.org/book/print.html,1
rust-book:1,How do references and borrowing work in Rust?,rust-book,scrapy+md,2,https://doc.rust-lang.org/stable/book/print.html,0.6182705650445227,false,ch04-02-references-and-borrowing,https://doc.rust-lang.org/stable/book/print.html,2
rust-book:1,How do references and borrowing work in Rust?,rust-book,scrapy+md,3,https://doc.rust-lang.org/nomicon/lifetimes.html,0.6171508992833842,false,ch04-02-references-and-borrowing,https://doc.rust-lang.org/nomicon/lifetimes.html,3
rust-book:1,How do references and borrowing work in Rust?,rust-book,scrapy+md,4,https://doc.rust-lang.org/nomicon/references.html,0.6133084392316989,false,ch04-02-references-and-borrowing,https://doc.rust-lang.org/nomicon/references.html,4
rust-book:1,How do references and borrowing work in Rust?,rust-book,scrapy+md,5,https://doc.rust-lang.org/book/print.html,0.6092875544244433,false,ch04-02-references-and-borrowing,https://doc.rust-lang.org/book/print.html,1
rust-book:2,How do I define structs in Rust?,rust-book,scrapy+md,1,https://doc.rust-lang.org/stable/book/print.html,0.6402282016227946,false,ch05-01-defining-structs,https://doc.rust-lang.org/stable/book/print.html,1
rust-book:2,How do I define structs in Rust?,rust-book,scrapy+md,2,https://doc.rust-lang.org/book/print.html,0.6402282016227946,false,ch05-01-defining-structs,https://doc.rust-lang.org/book/print.html,2
rust-book:2,How do I define structs in Rust?,rust-book,scrapy+md,3,https://doc.rust-lang.org/stable/book/print.html,0.6275954743131006,false,ch05-01-defining-structs,https://doc.rust-lang.org/stable/book/print.html,1
rust-book:2,How do I define structs in Rust?,rust-book,scrapy+md,4,https://doc.rust-lang.org/book/print.html,0.6275954743131006,false,ch05-01-defining-structs,https://doc.rust-lang.org/book/print.html,2
rust-book:2,How do I define structs in Rust?,rust-book,scrapy+md,5,https://doc.rust-lang.org/book/print.html,0.6137758976761244,false,ch05-01-defining-structs,https://doc.rust-lang.org/book/print.html,2
rust-book:3,How do enums work in Rust?,rust-book,scrapy+md,1,https://doc.rust-lang.org/book/print.html,0.6804971015688811,false,ch06-01-defining-an-enum,https://doc.rust-lang.org/book/print.html,1
rust-book:3,How do enums work in Rust?,rust-book,scrapy+md,2,https://doc.rust-lang.org/stable/book/print.html,0.680493133588981,false,ch06-01-defining-an-enum,https://doc.rust-lang.org/stable/book/print.html,2
rust-book:3,How do enums work in Rust?,rust-book,scrapy+md,3,https://doc.rust-lang.org/stable/book/print.html,0.6025488041622211,false,ch06-01-defining-an-enum,https://doc.rust-lang.org/stable/book/print.html,2
rust-book:3,How do enums work in Rust?,rust-book,scrapy+md,4,https://doc.rust-lang.org/book/print.html,0.6025488041622211,false,ch06-01-defining-an-enum,https://doc.rust-lang.org/book/print.html,1
rust-book:3,How do enums work in Rust?,rust-book,scrapy+md,5,https://doc.rust-lang.org/book/print.html,0.5981044224189267,false,ch06-01-defining-an-enum,https://doc.rust-lang.org/book/print.html,1
rust-book:4,How do I use generics in Rust?,rust-book,scrapy+md,1,https://doc.rust-lang.org/book/print.html,0.6293364757021664,false,ch10-01-syntax,https://doc.rust-lang.org/book/print.html,1
rust-book:4,How do I use generics in Rust?,rust-book,scrapy+md,2,https://doc.rust-lang.org/stable/book/print.html,0.6293364757021664,false,ch10-01-syntax,https://doc.rust-lang.org/stable/book/print.html,2
rust-book:4,How do I use generics in Rust?,rust-book,scrapy+md,3,https://doc.rust-lang.org/stable/book/print.html,0.6189729613159722,false,ch10-01-syntax,https://doc.rust-lang.org/stable/book/print.html,2
rust-book:4,How do I use generics in Rust?,rust-book,scrapy+md,4,https://doc.rust-lang.org/book/print.html,0.6189729613159722,false,ch10-01-syntax,https://doc.rust-lang.org/book/print.html,1
rust-book:4,How do I use generics in Rust?,rust-book,scrapy+md,5,https://doc.rust-lang.org/book/print.html,0.6051664318350144,false,ch10-01-syntax,https://doc.rust-lang.org/book/print.html,1
rust-book:5,What are traits in Rust and how do I define them?,rust-book,scrapy+md,1,https://doc.rust-lang.org/reference/items/traits.html,0.5851476574480406,true,ch10-02-traits,https://doc.rust-lang.org/reference/items/traits.html,1
rust-book:5,What are traits in Rust and how do I define them?,rust-book,scrapy+md,2,https://doc.rust-lang.org/stable/book/print.html,0.5739919207192729,false,ch10-02-traits,https://doc.rust-lang.org/stable/book/print.html,2
rust-book:5,What are traits in Rust and how do I define them?,rust-book,scrapy+md,3,https://doc.rust-lang.org/book/print.html,0.5739919207192729,false,ch10-02-traits,https://doc.rust-lang.org/book/print.html,3
rust-book:5,What are traits in Rust and how do I define them?,rust-book,scrapy+md,4,https://doc.rust-lang.org/book/print.html,0.5728324093233019,false,ch10-02-traits,https://doc.rust-lang.org/book/print.html,3
rust-book:5,What are traits in Rust and how do I define them?,rust-book,scrapy+md,5,https://doc.rust-lang.org/stable/book/print.html,0.5728324093233019,false,ch10-02-traits,https://doc.rust-lang.org/stable/book/print.html,2
rust-book:6,How do closures work in Rust?,rust-book,scrapy+md,1,https://doc.rust-lang.org/stable/book/print.html,0.6612553966709059,false,ch13-01-closures,https://doc.rust-lang.org/stable/book/print.html,1
rust-book:6,How do closures work in Rust?,rust-book,scrapy+md,2,https://doc.rust-lang.org/book/print.html,0.6611662573288523,false,ch13-01-closures,https://doc.rust-lang.org/book/print.html,2
rust-book:6,How do closures work in Rust?,rust-book,scrapy+md,3,https://doc.rust-lang.org/stable/book/print.html,0.6229943986854334,false,ch13-01-closures,https://doc.rust-lang.org/stable/book/print.html,1
rust-book:6,How do closures work in Rust?,rust-book,scrapy+md,4,https://doc.rust-lang.org/book/print.html,0.622832861337626,false,ch13-01-closures,https://doc.rust-lang.org/book/print.html,2
rust-book:6,How do closures work in Rust?,rust-book,scrapy+md,5,https://doc.rust-lang.org/stable/book/print.html,0.6177416873875712,false,ch13-01-closures,https://doc.rust-lang.org/stable/book/print.html,1
rust-book:7,How do I handle errors with Result in Rust?,rust-book,scrapy+md,1,https://doc.rust-lang.org/std/result/enum.Result.html,0.6209050622965574,false,ch09,https://doc.rust-lang.org/std/result/enum.result.html,1
rust-book:7,How do I handle errors with Result in Rust?,rust-book,scrapy+md,2,https://doc.rust-lang.org/book/print.html,0.5704785350119361,false,ch09,https://doc.rust-lang.org/book/print.html,2
rust-book:7,How do I handle errors with Result in Rust?,rust-book,scrapy+md,3,https://doc.rust-lang.org/stable/book/print.html,0.5704785350119361,false,ch09,https://doc.rust-lang.org/stable/book/print.html,3
rust-book:7,How do I handle errors with Result in Rust?,rust-book,scrapy+md,4,https://doc.rust-lang.org/book/print.html,0.5683132536119124,false,ch09,https://doc.rust-lang.org/book/print.html,2
rust-book:7,How do I handle errors with Result in Rust?,rust-book,scrapy+md,5,https://doc.rust-lang.org/stable/book/print.html,0.5683132536119124,false,ch09,https://doc.rust-lang.org/stable/book/print.html,3
rust-book:0,What is ownership in Rust?,rust-book,crawlee,1,https://doc.rust-lang.org/stable/book/ch04-01-what-is-ownership.html,0.6717155303885823,true,ch04-01-what-is-ownership,https://doc.rust-lang.org/stable/book/ch04-01-what-is-ownership.html,1
rust-book:0,What is ownership in Rust?,rust-book,crawlee,2,https://doc.rust-lang.org/book/ch04-01-what-is-ownership.html,0.6717155303885823,true,ch04-01-what-is-ownership,https://doc.rust-lang.org/book/ch04-01-what-is-ownership.html,2
rust-book:0,What is ownership in Rust?,rust-book,crawlee,3,https://doc.rust-lang.org/book/ch16-03-shared-state.html,0.6349677295959663,false,ch04-01-what-is-ownership,https://doc.rust-lang.org/book/ch16-03-shared-state.html,3
rust-book:0,What is ownership in Rust?,rust-book,crawlee,4,https://doc.rust-lang.org/book/print.html,0.6349677295959663,false,ch04-01-what-is-ownership,https://doc.rust-lang.org/book/print.html,4
rust-book:0,What is ownership in Rust?,rust-book,crawlee,5,https://doc.rust-lang.org/book/ch04-00-understanding-ownership.html,0.6197210350986682,true,ch04-01-what-is-ownership,https://doc.rust-lang.org/book/ch04-00-understanding-ownership.html,5
rust-book:1,How do references and borrowing work in Rust?,rust-book,crawlee,1,https://doc.rust-lang.org/book/ch10-03-lifetime-syntax.html,0.6182705650445227,false,ch04-02-references-and-borrowing,https://doc.rust-lang.org/book/ch10-03-lifetime-syntax.html,1
rust-book:1,How do references and borrowing work in Rust?,rust-book,crawlee,2,https://doc.rust-lang.org/book/print.html,0.6182705650445227,false,ch04-02-references-and-borrowing,https://doc.rust-lang.org/book/print.html,2
rust-book:1,How do references and borrowing work in Rust?,rust-book,crawlee,3,https://doc.rust-lang.org/stable/book/ch10-03-lifetime-syntax.html,0.6182705650445227,false,ch04-02-references-and-borrowing,https://doc.rust-lang.org/stable/book/ch10-03-lifetime-syntax.html,3
rust-book:1,How do references and borrowing work in Rust?,rust-book,crawlee,4,https://doc.rust-lang.org/book/print.html,0.6092875544244433,false,ch04-02-references-and-borrowing,https://doc.rust-lang.org/book/print.html,2
rust-book:1,How do references and borrowing work in Rust?,rust-book,crawlee,5,https://doc.rust-lang.org/stable/book/ch04-02-references-and-borrowing.html,0.6092875544244433,true,ch04-02-references-and-borrowing,https://doc.rust-lang.org/stable/book/ch04-02-references-and-borrowing.html,4
rust-book:2,How do I define structs in Rust?,rust-book,crawlee,1,https://doc.rust-lang.org/book/print.html,0.6402282016227946,false,ch05-01-defining-structs,https://doc.rust-lang.org/book/print.html,1
rust-book:2,How do I define structs in Rust?,rust-book,crawlee,2,https://doc.rust-lang.org/book/print.html,0.6275954743131006,false,ch05-01-defining-structs,https://doc.rust-lang.org/book/print.html,1
rust-book:2,How do I define structs in Rust?,rust-book,crawlee,3,https://doc.rust-lang.org/stable/book/ch05-03-method-syntax.html,0.6267535849928823,false,ch05-01-defining-structs,https://doc.rust-lang.org/stable/book/ch05-03-method-syntax.html,2
rust-book:2,How do I define structs in Rust?,rust-book,crawlee,4,https://doc.rust-lang.org/book/ch05-03-method-syntax.html,0.6267535849928823,false,ch05-01-defining-structs,https://doc.rust-lang.org/book/ch05-03-method-syntax.html,3
rust-book:2,How do I define structs in Rust?,rust-book,crawlee,5,https://doc.rust-lang.org/book/print.html,0.6137714641254258,false,ch05-01-defining-structs,https://doc.rust-lang.org/book/print.html,1
rust-book:3,How do enums work in Rust?,rust-book,crawlee,1,https://doc.rust-lang.org/book/print.html,0.680493133588981,false,ch06-01-defining-an-enum,https://doc.rust-lang.org/book/print.html,1
rust-book:3,How do enums work in Rust?,rust-book,crawlee,2,https://doc.rust-lang.org/stable/book/ch06-01-defining-an-enum.html,0.6422405628584109,true,ch06-01-defining-an-enum,https://doc.rust-lang.org/stable/book/ch06-01-defining-an-enum.html,2
rust-book:3,How do enums work in Rust?,rust-book,crawlee,3,https://doc.rust-lang.org/book/ch06-01-defining-an-enum.html,0.6422405628584109,true,ch06-01-defining-an-enum,https://doc.rust-lang.org/book/ch06-01-defining-an-enum.html,3
rust-book:3,How do enums work in Rust?,rust-book,crawlee,4,https://doc.rust-lang.org/book/print.html,0.6025488041622211,false,ch06-01-defining-an-enum,https://doc.rust-lang.org/book/print.html,1
rust-book:3,How do enums work in Rust?,rust-book,crawlee,5,https://doc.rust-lang.org/stable/book/ch06-01-defining-an-enum.html,0.6025488041622211,true,ch06-01-defining-an-enum,https://doc.rust-lang.org/stable/book/ch06-01-defining-an-enum.html,2
rust-book:4,How do I use generics in Rust?,rust-book,crawlee,1,https://doc.rust-lang.org/stable/book/ch10-01-syntax.html,0.6440809660370959,true,ch10-01-syntax,https://doc.rust-lang.org/stable/book/ch10-01-syntax.html,1
rust-book:4,How do I use generics in Rust?,rust-book,crawlee,2,https://doc.rust-lang.org/book/ch10-01-syntax.html,0.6437073403846987,true,ch10-01-syntax,https://doc.rust-lang.org/book/ch10-01-syntax.html,2
rust-book:4,How do I use generics in Rust?,rust-book,crawlee,3,https://doc.rust-lang.org/book/print.html,0.6293364757021664,false,ch10-01-syntax,https://doc.rust-lang.org/book/print.html,3
rust-book:4,How do I use generics in Rust?,rust-book,crawlee,4,https://doc.rust-lang.org/book/print.html,0.6189729613159722,false,ch10-01-syntax,https://doc.rust-lang.org/book/print.html,3
rust-book:4,How do I use generics in Rust?,rust-book,crawlee,5,https://doc.rust-lang.org/book/ch10-00-generics.html,0.6056222337748043,true,ch10-01-syntax,https://doc.rust-lang.org/book/ch10-00-generics.html,4
rust-book:5,What are traits in Rust and how do I define them?,rust-book,crawlee,1,https://doc.rust-lang.org/book/ch20-02-advanced-traits.html,0.6545715398179656,true,ch10-02-traits,https://doc.rust-lang.org/book/ch20-02-advanced-traits.html,1
rust-book:5,What are traits in Rust and how do I define them?,rust-book,crawlee,2,https://doc.rust-lang.org/stable/book/ch10-02-traits.html,0.6226908666548377,true,ch10-02-traits,https://doc.rust-lang.org/stable/book/ch10-02-traits.html,2
rust-book:5,What are traits in Rust and how do I define them?,rust-book,crawlee,3,https://doc.rust-lang.org/book/ch10-02-traits.html,0.6225525616691241,true,ch10-02-traits,https://doc.rust-lang.org/book/ch10-02-traits.html,3
rust-book:5,What are traits in Rust and how do I define them?,rust-book,crawlee,4,https://doc.rust-lang.org/reference/items/traits.html#dyn-compatibility,0.6035098283982333,true,ch10-02-traits,https://doc.rust-lang.org/reference/items/traits.html,4
rust-book:5,What are traits in Rust and how do I define them?,rust-book,crawlee,5,https://doc.rust-lang.org/book/appendix-03-derivable-traits.html,0.5975044457006907,true,ch10-02-traits,https://doc.rust-lang.org/book/appendix-03-derivable-traits.html,5
rust-book:6,How do closures work in Rust?,rust-book,crawlee,1,https://doc.rust-lang.org/book/print.html,0.6611662573288523,false,ch13-01-closures,https://doc.rust-lang.org/book/print.html,1
rust-book:6,How do closures work in Rust?,rust-book,crawlee,2,https://doc.rust-lang.org/book/ch20-04-advanced-functions-and-closures.html,0.6257034230061306,true,ch13-01-closures,https://doc.rust-lang.org/book/ch20-04-advanced-functions-and-closures.html,2
rust-book:6,How do closures work in Rust?,rust-book,crawlee,3,https://doc.rust-lang.org/book/ch13-01-closures.html,0.6229943986854334,true,ch13-01-closures,https://doc.rust-lang.org/book/ch13-01-closures.html,3
rust-book:6,How do closures work in Rust?,rust-book,crawlee,4,https://doc.rust-lang.org/book/print.html,0.6229937990511484,false,ch13-01-closures,https://doc.rust-lang.org/book/print.html,1
rust-book:6,How do closures work in Rust?,rust-book,crawlee,5,https://doc.rust-lang.org/book/print.html,0.6177416873875712,false,ch13-01-closures,https://doc.rust-lang.org/book/print.html,1
rust-book:7,How do I handle errors with Result in Rust?,rust-book,crawlee,1,https://doc.rust-lang.org/std/result/enum.Result.html,0.6421758986095147,false,ch09,https://doc.rust-lang.org/std/result/enum.result.html,1
rust-book:7,How do I handle errors with Result in Rust?,rust-book,crawlee,2,https://doc.rust-lang.org/stable/book/ch09-03-to-panic-or-not-to-panic.html,0.5708492568286601,true,ch09,https://doc.rust-lang.org/stable/book/ch09-03-to-panic-or-not-to-panic.html,2
rust-book:7,How do I handle errors with Result in Rust?,rust-book,crawlee,3,https://doc.rust-lang.org/book/print.html,0.5704785350119361,false,ch09,https://doc.rust-lang.org/book/print.html,3
rust-book:7,How do I handle errors with Result in Rust?,rust-book,crawlee,4,https://doc.rust-lang.org/book/ch09-03-to-panic-or-not-to-panic.html,0.5704785350119361,true,ch09,https://doc.rust-lang.org/book/ch09-03-to-panic-or-not-to-panic.html,4
rust-book:7,How do I handle errors with Result in Rust?,rust-book,crawlee,5,https://doc.rust-lang.org/book/print.html,0.5683968088632467,false,ch09,https://doc.rust-lang.org/book/print.html,3
rust-book:0,What is ownership in Rust?,rust-book,colly+md,1,https://doc.rust-lang.org/book/print.html,0.6349677295959663,false,ch04-01-what-is-ownership,https://doc.rust-lang.org/book/print.html,1
rust-book:0,What is ownership in Rust?,rust-book,colly+md,2,https://doc.rust-lang.org/stable/book/print.html,0.6349677295959663,false,ch04-01-what-is-ownership,https://doc.rust-lang.org/stable/book/print.html,2
rust-book:0,What is ownership in Rust?,rust-book,colly+md,3,https://doc.rust-lang.org/book/print.html,0.6159531047027673,false,ch04-01-what-is-ownership,https://doc.rust-lang.org/book/print.html,1
rust-book:0,What is ownership in Rust?,rust-book,colly+md,4,https://doc.rust-lang.org/stable/book/print.html,0.6158864492433321,false,ch04-01-what-is-ownership,https://doc.rust-lang.org/stable/book/print.html,2
rust-book:0,What is ownership in Rust?,rust-book,colly+md,5,https://doc.rust-lang.org/book/print.html,0.6009561267882527,false,ch04-01-what-is-ownership,https://doc.rust-lang.org/book/print.html,1
rust-book:1,How do references and borrowing work in Rust?,rust-book,colly+md,1,https://doc.rust-lang.org/book/print.html,0.6182705650445227,false,ch04-02-references-and-borrowing,https://doc.rust-lang.org/book/print.html,1
rust-book:1,How do references and borrowing work in Rust?,rust-book,colly+md,2,https://doc.rust-lang.org/stable/book/print.html,0.6182705650445227,false,ch04-02-references-and-borrowing,https://doc.rust-lang.org/stable/book/print.html,2
rust-book:1,How do references and borrowing work in Rust?,rust-book,colly+md,3,https://doc.rust-lang.org/stable/book/print.html,0.6092875544244433,false,ch04-02-references-and-borrowing,https://doc.rust-lang.org/stable/book/print.html,2
rust-book:1,How do references and borrowing work in Rust?,rust-book,colly+md,4,https://doc.rust-lang.org/book/print.html,0.6092875544244433,false,ch04-02-references-and-borrowing,https://doc.rust-lang.org/book/print.html,1
rust-book:1,How do references and borrowing work in Rust?,rust-book,colly+md,5,https://doc.rust-lang.org/stable/book/print.html,0.6086251488690038,false,ch04-02-references-and-borrowing,https://doc.rust-lang.org/stable/book/print.html,2
rust-book:2,How do I define structs in Rust?,rust-book,colly+md,1,https://doc.rust-lang.org/book/print.html,0.6402282016227946,false,ch05-01-defining-structs,https://doc.rust-lang.org/book/print.html,1
rust-book:2,How do I define structs in Rust?,rust-book,colly+md,2,https://doc.rust-lang.org/stable/book/print.html,0.6402282016227946,false,ch05-01-defining-structs,https://doc.rust-lang.org/stable/book/print.html,2
rust-book:2,How do I define structs in Rust?,rust-book,colly+md,3,https://doc.rust-lang.org/book/print.html,0.6275954743131006,false,ch05-01-defining-structs,https://doc.rust-lang.org/book/print.html,1
rust-book:2,How do I define structs in Rust?,rust-book,colly+md,4,https://doc.rust-lang.org/stable/book/print.html,0.6275954743131006,false,ch05-01-defining-structs,https://doc.rust-lang.org/stable/book/print.html,2
rust-book:2,How do I define structs in Rust?,rust-book,colly+md,5,https://doc.rust-lang.org/book/print.html,0.6137758976761244,false,ch05-01-defining-structs,https://doc.rust-lang.org/book/print.html,1
rust-book:3,How do enums work in Rust?,rust-book,colly+md,1,https://doc.rust-lang.org/book/print.html,0.680493133588981,false,ch06-01-defining-an-enum,https://doc.rust-lang.org/book/print.html,1
rust-book:3,How do enums work in Rust?,rust-book,colly+md,2,https://doc.rust-lang.org/stable/book/print.html,0.680493133588981,false,ch06-01-defining-an-enum,https://doc.rust-lang.org/stable/book/print.html,2
rust-book:3,How do enums work in Rust?,rust-book,colly+md,3,https://doc.rust-lang.org/stable/book/print.html,0.6025488041622211,false,ch06-01-defining-an-enum,https://doc.rust-lang.org/stable/book/print.html,2
rust-book:3,How do enums work in Rust?,rust-book,colly+md,4,https://doc.rust-lang.org/book/print.html,0.6025488041622211,false,ch06-01-defining-an-enum,https://doc.rust-lang.org/book/print.html,1
rust-book:3,How do enums work in Rust?,rust-book,colly+md,5,https://doc.rust-lang.org/stable/book/print.html,0.5981044224189267,false,ch06-01-defining-an-enum,https://doc.rust-lang.org/stable/book/print.html,2
rust-book:4,How do I use generics in Rust?,rust-book,colly+md,1,https://doc.rust-lang.org/book/print.html,0.6293364757021664,false,ch10-01-syntax,https://doc.rust-lang.org/book/print.html,1
rust-book:4,How do I use generics in Rust?,rust-book,colly+md,2,https://doc.rust-lang.org/stable/book/print.html,0.6293364757021664,false,ch10-01-syntax,https://doc.rust-lang.org/stable/book/print.html,2
rust-book:4,How do I use generics in Rust?,rust-book,colly+md,3,https://doc.rust-lang.org/book/print.html,0.6189729613159722,false,ch10-01-syntax,https://doc.rust-lang.org/book/print.html,1
rust-book:4,How do I use generics in Rust?,rust-book,colly+md,4,https://doc.rust-lang.org/stable/book/print.html,0.6189729613159722,false,ch10-01-syntax,https://doc.rust-lang.org/stable/book/print.html,2
rust-book:4,How do I use generics in Rust?,rust-book,colly+md,5,https://doc.rust-lang.org/stable/book/print.html,0.6051664318350144,false,ch10-01-syntax,https://doc.rust-lang.org/stable/book/print.html,2
rust-book:5,What are traits in Rust and how do I define them?,rust-book,colly+md,1,https://doc.rust-lang.org/reference/items/traits.html#dyn-compatibility,0.6161134116025799,true,ch10-02-traits,https://doc.rust-lang.org/reference/items/traits.html,1
rust-book:5,What are traits in Rust and how do I define them?,rust-book,colly+md,2,https://doc.rust-lang.org/stable/book/print.html,0.5739919207192729,false,ch10-02-traits,https://doc.rust-lang.org/stable/book/print.html,2
rust-book:5,What are traits in Rust and how do I define them?,rust-book,colly+md,3,https://doc.rust-lang.org/book/print.html,0.5739919207192729,false,ch10-02-traits,https://doc.rust-lang.org/book/print.html,3
rust-book:5,What are traits in Rust and how do I define them?,rust-book,colly+md,4,https://doc.rust-lang.org/stable/book/print.html,0.5728324093233019,false,ch10-02-traits,https://doc.rust-lang.org/stable/book/print.html,2
rust-book:5,What are traits in Rust and how do I define them?,rust-book,colly+md,5,https://doc.rust-lang.org/book/print.html,0.5728324093233019,false,ch10-02-traits,https://doc.rust-lang.org/book/print.html,3
rust-book:6,How do closures work in Rust?,rust-book,colly+md,1,https://doc.rust-lang.org/book/print.html,0.6611662573288523,false,ch13-01-closures,https://doc.rust-lang.org/book/print.html,1
rust-book:6,How do closures work in Rust?,rust-book,colly+md,2,https://doc.rust-lang.org/stable/book/print.html,0.6611662573288523,false,ch13-01-closures,https://doc.rust-lang.org/stable/book/print.html,2
rust-book:6,How do closures work in Rust?,rust-book,colly+md,3,https://doc.rust-lang.org/book/print.html,0.6229937990511484,false,ch13-01-closures,https://doc.rust-lang.org/book/print.html,1
rust-book:6,How do closures work in Rust?,rust-book,colly+md,4,https://doc.rust-lang.org/stable/book/print.html,0.6229937990511484,false,ch13-01-closures,https://doc.rust-lang.org/stable/book/print.html,2
rust-book:6,How do closures work in Rust?,rust-book,colly+md,5,https://doc.rust-lang.org/stable/book/print.html,0.6177416873875712,false,ch13-01-closures,https://doc.rust-lang.org/stable/book/print.html,2
rust-book:7,How do I handle errors with Result in Rust?,rust-book,colly+md,1,https://doc.rust-lang.org/std/result/enum.Result.html#method.expect,0.6185204163301121,false,ch09,https://doc.rust-lang.org/std/result/enum.result.html,1
rust-book:7,How do I handle errors with Result in Rust?,rust-book,colly+md,2,https://doc.rust-lang.org/std/result/enum.Result.html,0.6185204163301121,false,ch09,https://doc.rust-lang.org/std/result/enum.result.html,1
rust-book:7,How do I handle errors with Result in Rust?,rust-book,colly+md,3,https://doc.rust-lang.org/book/print.html,0.5704785350119361,false,ch09,https://doc.rust-lang.org/book/print.html,2
rust-book:7,How do I handle errors with Result in Rust?,rust-book,colly+md,4,https://doc.rust-lang.org/stable/book/print.html,0.5704785350119361,false,ch09,https://doc.rust-lang.org/stable/book/print.html,3
rust-book:7,How do I handle errors with Result in Rust?,rust-book,colly+md,5,https://doc.rust-lang.org/book/print.html,0.5683132536119124,false,ch09,https://doc.rust-lang.org/book/print.html,2
rust-book:0,What is ownership in Rust?,rust-book,playwright,1,https://doc.rust-lang.org/book/ch04-01-what-is-ownership.html,0.6717155303885823,true,ch04-01-what-is-ownership,https://doc.rust-lang.org/book/ch04-01-what-is-ownership.html,1
rust-book:0,What is ownership in Rust?,rust-book,playwright,2,https://doc.rust-lang.org/stable/book/ch04-01-what-is-ownership.html,0.6717155303885823,true,ch04-01-what-is-ownership,https://doc.rust-lang.org/stable/book/ch04-01-what-is-ownership.html,2
rust-book:0,What is ownership in Rust?,rust-book,playwright,3,https://doc.rust-lang.org/book/ch16-03-shared-state.html,0.6349677295959663,false,ch04-01-what-is-ownership,https://doc.rust-lang.org/book/ch16-03-shared-state.html,3
rust-book:0,What is ownership in Rust?,rust-book,playwright,4,https://doc.rust-lang.org/book/print.html,0.6349677295959663,false,ch04-01-what-is-ownership,https://doc.rust-lang.org/book/print.html,4
rust-book:0,What is ownership in Rust?,rust-book,playwright,5,https://doc.rust-lang.org/stable/book/ch04-00-understanding-ownership.html,0.6197278826122615,true,ch04-01-what-is-ownership,https://doc.rust-lang.org/stable/book/ch04-00-understanding-ownership.html,5
rust-book:1,How do references and borrowing work in Rust?,rust-book,playwright,1,https://doc.rust-lang.org/book/print.html,0.6182705650445227,false,ch04-02-references-and-borrowing,https://doc.rust-lang.org/book/print.html,1
rust-book:1,How do references and borrowing work in Rust?,rust-book,playwright,2,https://doc.rust-lang.org/stable/book/ch10-03-lifetime-syntax.html,0.6182705650445227,false,ch04-02-references-and-borrowing,https://doc.rust-lang.org/stable/book/ch10-03-lifetime-syntax.html,2
rust-book:1,How do references and borrowing work in Rust?,rust-book,playwright,3,https://doc.rust-lang.org/book/ch10-03-lifetime-syntax.html,0.6182705650445227,false,ch04-02-references-and-borrowing,https://doc.rust-lang.org/book/ch10-03-lifetime-syntax.html,3
rust-book:1,How do references and borrowing work in Rust?,rust-book,playwright,4,https://doc.rust-lang.org/stable/book/ch04-02-references-and-borrowing.html,0.6092875544244433,true,ch04-02-references-and-borrowing,https://doc.rust-lang.org/stable/book/ch04-02-references-and-borrowing.html,4
rust-book:1,How do references and borrowing work in Rust?,rust-book,playwright,5,https://doc.rust-lang.org/book/print.html,0.6092875544244433,false,ch04-02-references-and-borrowing,https://doc.rust-lang.org/book/print.html,1
rust-book:2,How do I define structs in Rust?,rust-book,playwright,1,https://doc.rust-lang.org/book/print.html,0.6402282016227946,false,ch05-01-defining-structs,https://doc.rust-lang.org/book/print.html,1
rust-book:2,How do I define structs in Rust?,rust-book,playwright,2,https://doc.rust-lang.org/book/print.html,0.6275954743131006,false,ch05-01-defining-structs,https://doc.rust-lang.org/book/print.html,1
rust-book:2,How do I define structs in Rust?,rust-book,playwright,3,https://doc.rust-lang.org/book/ch05-03-method-syntax.html,0.6267535849928823,false,ch05-01-defining-structs,https://doc.rust-lang.org/book/ch05-03-method-syntax.html,2
rust-book:2,How do I define structs in Rust?,rust-book,playwright,4,https://doc.rust-lang.org/stable/book/ch05-03-method-syntax.html,0.6267535849928823,false,ch05-01-defining-structs,https://doc.rust-lang.org/stable/book/ch05-03-method-syntax.html,3
rust-book:2,How do I define structs in Rust?,rust-book,playwright,5,https://doc.rust-lang.org/book/print.html,0.6137758976761244,false,ch05-01-defining-structs,https://doc.rust-lang.org/book/print.html,1
rust-book:3,How do enums work in Rust?,rust-book,playwright,1,https://doc.rust-lang.org/book/print.html,0.680493133588981,false,ch06-01-defining-an-enum,https://doc.rust-lang.org/book/print.html,1
rust-book:3,How do enums work in Rust?,rust-book,playwright,2,https://doc.rust-lang.org/stable/book/ch06-01-defining-an-enum.html,0.6422405628584109,true,ch06-01-defining-an-enum,https://doc.rust-lang.org/stable/book/ch06-01-defining-an-enum.html,2
rust-book:3,How do enums work in Rust?,rust-book,playwright,3,https://doc.rust-lang.org/book/ch06-01-defining-an-enum.html,0.6422405628584109,true,ch06-01-defining-an-enum,https://doc.rust-lang.org/book/ch06-01-defining-an-enum.html,3
rust-book:3,How do enums work in Rust?,rust-book,playwright,4,https://doc.rust-lang.org/book/ch06-01-defining-an-enum.html,0.6025800054039858,true,ch06-01-defining-an-enum,https://doc.rust-lang.org/book/ch06-01-defining-an-enum.html,3
rust-book:3,How do enums work in Rust?,rust-book,playwright,5,https://doc.rust-lang.org/book/print.html,0.6025488041622211,false,ch06-01-defining-an-enum,https://doc.rust-lang.org/book/print.html,1
rust-book:4,How do I use generics in Rust?,rust-book,playwright,1,https://doc.rust-lang.org/stable/book/ch10-01-syntax.html,0.6437073403846987,true,ch10-01-syntax,https://doc.rust-lang.org/stable/book/ch10-01-syntax.html,1
rust-book:4,How do I use generics in Rust?,rust-book,playwright,2,https://doc.rust-lang.org/book/ch10-01-syntax.html,0.6437073403846987,true,ch10-01-syntax,https://doc.rust-lang.org/book/ch10-01-syntax.html,2
rust-book:4,How do I use generics in Rust?,rust-book,playwright,3,https://doc.rust-lang.org/book/print.html,0.6293364757021664,false,ch10-01-syntax,https://doc.rust-lang.org/book/print.html,3
rust-book:4,How do I use generics in Rust?,rust-book,playwright,4,https://doc.rust-lang.org/book/print.html,0.6189729613159722,false,ch10-01-syntax,https://doc.rust-lang.org/book/print.html,3
rust-book:4,How do I use generics in Rust?,rust-book,playwright,5,https://doc.rust-lang.org/book/ch10-00-generics.html,0.6056222337748043,true,ch10-01-syntax,https://doc.rust-lang.org/book/ch10-00-generics.html,4
rust-book:5,What are traits in Rust and how do I define them?,rust-book,playwright,1,https://doc.rust-lang.org/book/ch20-02-advanced-traits.html,0.6545715398179656,true,ch10-02-traits,https://doc.rust-lang.org/book/ch20-02-advanced-traits.html,1
rust-book:5,What are traits in Rust and how do I define them?,rust-book,playwright,2,https://doc.rust-lang.org/stable/book/ch10-02-traits.html,0.6225525616691241,true,ch10-02-traits,https://doc.rust-lang.org/stable/book/ch10-02-traits.html,2
rust-book:5,What are traits in Rust and how do I define them?,rust-book,playwright,3,https://doc.rust-lang.org/book/ch10-02-traits.html,0.6225525616691241,true,ch10-02-traits,https://doc.rust-lang.org/book/ch10-02-traits.html,3
rust-book:5,What are traits in Rust and how do I define them?,rust-book,playwright,4,https://doc.rust-lang.org/reference/items/traits.html,0.6035304069117243,true,ch10-02-traits,https://doc.rust-lang.org/reference/items/traits.html,4
rust-book:5,What are traits in Rust and how do I define them?,rust-book,playwright,5,https://doc.rust-lang.org/book/appendix-03-derivable-traits.html,0.5976324178990549,true,ch10-02-traits,https://doc.rust-lang.org/book/appendix-03-derivable-traits.html,5
rust-book:6,How do closures work in Rust?,rust-book,playwright,1,https://doc.rust-lang.org/book/print.html,0.6611662573288523,false,ch13-01-closures,https://doc.rust-lang.org/book/print.html,1
rust-book:6,How do closures work in Rust?,rust-book,playwright,2,https://doc.rust-lang.org/book/ch20-04-advanced-functions-and-closures.html,0.6257034230061306,true,ch13-01-closures,https://doc.rust-lang.org/book/ch20-04-advanced-functions-and-closures.html,2
rust-book:6,How do closures work in Rust?,rust-book,playwright,3,https://doc.rust-lang.org/book/ch13-01-closures.html,0.6229937990511484,true,ch13-01-closures,https://doc.rust-lang.org/book/ch13-01-closures.html,3
rust-book:6,How do closures work in Rust?,rust-book,playwright,4,https://doc.rust-lang.org/book/print.html,0.6228315161837189,false,ch13-01-closures,https://doc.rust-lang.org/book/print.html,1
rust-book:6,How do closures work in Rust?,rust-book,playwright,5,https://doc.rust-lang.org/book/print.html,0.6177416873875712,false,ch13-01-closures,https://doc.rust-lang.org/book/print.html,1
rust-book:7,How do I handle errors with Result in Rust?,rust-book,playwright,1,https://doc.rust-lang.org/std/result/enum.Result.html,0.6421758986095147,false,ch09,https://doc.rust-lang.org/std/result/enum.result.html,1
rust-book:7,How do I handle errors with Result in Rust?,rust-book,playwright,2,https://doc.rust-lang.org/book/print.html,0.5704785350119361,false,ch09,https://doc.rust-lang.org/book/print.html,2
rust-book:7,How do I handle errors with Result in Rust?,rust-book,playwright,3,https://doc.rust-lang.org/book/ch09-03-to-panic-or-not-to-panic.html,0.5704785350119361,true,ch09,https://doc.rust-lang.org/book/ch09-03-to-panic-or-not-to-panic.html,3
rust-book:7,How do I handle errors with Result in Rust?,rust-book,playwright,4,https://doc.rust-lang.org/stable/book/ch09-03-to-panic-or-not-to-panic.html,0.5704785350119361,true,ch09,https://doc.rust-lang.org/stable/book/ch09-03-to-panic-or-not-to-panic.html,4
rust-book:7,How do I handle errors with Result in Rust?,rust-book,playwright,5,https://doc.rust-lang.org/book/print.html,0.5683132536119124,false,ch09,https://doc.rust-lang.org/book/print.html,2
smittenkitchen:0,How do you make world peace cookies?,smittenkitchen,markcrawl,1,https://smittenkitchen.com/2007/01/world-peace-cookies/,0.6741343455817178,true,world-peace-cookies,https://smittenkitchen.com/2007/01/world-peace-cookies/,1
smittenkitchen:0,How do you make world peace cookies?,smittenkitchen,markcrawl,2,https://smittenkitchen.com/2007/01/world-peace-cookies/,0.6735639736122796,true,world-peace-cookies,https://smittenkitchen.com/2007/01/world-peace-cookies/,1
smittenkitchen:0,How do you make world peace cookies?,smittenkitchen,markcrawl,3,https://smittenkitchen.com/2007/01/world-peace-cookies/,0.6733336309070983,true,world-peace-cookies,https://smittenkitchen.com/2007/01/world-peace-cookies/,1
smittenkitchen:0,How do you make world peace cookies?,smittenkitchen,markcrawl,4,https://smittenkitchen.com/2007/01/world-peace-cookies/,0.6462547947439486,true,world-peace-cookies,https://smittenkitchen.com/2007/01/world-peace-cookies/,1
smittenkitchen:0,How do you make world peace cookies?,smittenkitchen,markcrawl,5,https://smittenkitchen.com/2007/01/world-peace-cookies/,0.6387460414217453,true,world-peace-cookies,https://smittenkitchen.com/2007/01/world-peace-cookies/,1
smittenkitchen:1,What's the recipe for miso chicken and rice?,smittenkitchen,markcrawl,1,https://smittenkitchen.com/2026/02/miso-chicken-and-rice/,0.6877389739563,true,miso-chicken-and-rice,https://smittenkitchen.com/2026/02/miso-chicken-and-rice/,1
smittenkitchen:1,What's the recipe for miso chicken and rice?,smittenkitchen,markcrawl,2,https://smittenkitchen.com/2026/02/miso-chicken-and-rice/,0.6401650782859539,true,miso-chicken-and-rice,https://smittenkitchen.com/2026/02/miso-chicken-and-rice/,1
smittenkitchen:1,What's the recipe for miso chicken and rice?,smittenkitchen,markcrawl,3,https://smittenkitchen.com/2026/02/miso-chicken-and-rice/,0.6167331101790895,true,miso-chicken-and-rice,https://smittenkitchen.com/2026/02/miso-chicken-and-rice/,1
smittenkitchen:1,What's the recipe for miso chicken and rice?,smittenkitchen,markcrawl,4,https://smittenkitchen.com/2026/02/miso-chicken-and-rice/,0.593824399634465,true,miso-chicken-and-rice,https://smittenkitchen.com/2026/02/miso-chicken-and-rice/,1
smittenkitchen:1,What's the recipe for miso chicken and rice?,smittenkitchen,markcrawl,5,https://smittenkitchen.com/2026/02/miso-chicken-and-rice/,0.5881704121795193,true,miso-chicken-and-rice,https://smittenkitchen.com/2026/02/miso-chicken-and-rice/,1
smittenkitchen:2,How do I make ultimate banana bread?,smittenkitchen,markcrawl,1,https://smittenkitchen.com/2020/03/ultimate-banana-bread/,0.6785885143748696,true,ultimate-banana-bread,https://smittenkitchen.com/2020/03/ultimate-banana-bread/,1
smittenkitchen:2,How do I make ultimate banana bread?,smittenkitchen,markcrawl,2,https://smittenkitchen.com/2020/03/ultimate-banana-bread/,0.6640734229761005,true,ultimate-banana-bread,https://smittenkitchen.com/2020/03/ultimate-banana-bread/,1
smittenkitchen:2,How do I make ultimate banana bread?,smittenkitchen,markcrawl,3,https://smittenkitchen.com/2020/03/ultimate-banana-bread/,0.6438515164582647,true,ultimate-banana-bread,https://smittenkitchen.com/2020/03/ultimate-banana-bread/,1
smittenkitchen:2,How do I make ultimate banana bread?,smittenkitchen,markcrawl,4,https://smittenkitchen.com/2020/03/ultimate-banana-bread/,0.6412866170779093,true,ultimate-banana-bread,https://smittenkitchen.com/2020/03/ultimate-banana-bread/,1
smittenkitchen:2,How do I make ultimate banana bread?,smittenkitchen,markcrawl,5,https://smittenkitchen.com/2020/03/ultimate-banana-bread/,0.6403398513841542,true,ultimate-banana-bread,https://smittenkitchen.com/2020/03/ultimate-banana-bread/,1
smittenkitchen:3,What's the skillet-baked macaroni and cheese recipe?,smittenkitchen,markcrawl,1,https://smittenkitchen.com/2024/05/black-bean-and-vegetable-bake/,0.4809068388540704,false,skillet-baked-macaroni-and-cheese,https://smittenkitchen.com/2024/05/black-bean-and-vegetable-bake/,1
smittenkitchen:3,What's the skillet-baked macaroni and cheese recipe?,smittenkitchen,markcrawl,2,https://smittenkitchen.com/2011/03/whole-wheat-goldfish-crackers/,0.47446335395984524,false,skillet-baked-macaroni-and-cheese,https://smittenkitchen.com/2011/03/whole-wheat-goldfish-crackers/,2
smittenkitchen:3,What's the skillet-baked macaroni and cheese recipe?,smittenkitchen,markcrawl,3,https://smittenkitchen.com/2025/11/crunchy-brown-butter-baked-carrots/,0.4464345085423695,false,skillet-baked-macaroni-and-cheese,https://smittenkitchen.com/2025/11/crunchy-brown-butter-baked-carrots/,3
smittenkitchen:3,What's the skillet-baked macaroni and cheese recipe?,smittenkitchen,markcrawl,4,https://smittenkitchen.com/2022/11/green-angel-hair-with-garlic-butter-smitten-kitchen-keepers-is-here/,0.4355942230192896,false,skillet-baked-macaroni-and-cheese,https://smittenkitchen.com/2022/11/green-angel-hair-with-garlic-butter-smitten-kitchen-keepers-is-here/,4
smittenkitchen:3,What's the skillet-baked macaroni and cheese recipe?,smittenkitchen,markcrawl,5,https://smittenkitchen.com/2015/01/mushroom-marsala-pasta-bake/,0.4338774747493271,false,skillet-baked-macaroni-and-cheese,https://smittenkitchen.com/2015/01/mushroom-marsala-pasta-bake/,5
smittenkitchen:4,What vegan recipes are available on Smitten Kitchen?,smittenkitchen,markcrawl,1,https://smittenkitchen.com/books/,0.5580672237387175,false,diet/vegan,https://smittenkitchen.com/books/,1
smittenkitchen:4,What vegan recipes are available on Smitten Kitchen?,smittenkitchen,markcrawl,2,https://smittenkitchen.com/2014/01/warm-lentil-and-potato-salad/,0.5568746048262297,false,diet/vegan,https://smittenkitchen.com/2014/01/warm-lentil-and-potato-salad/,2
smittenkitchen:4,What vegan recipes are available on Smitten Kitchen?,smittenkitchen,markcrawl,3,https://smittenkitchen.com/2020/10/morning-glory-breakfast-cake/,0.552286410757658,false,diet/vegan,https://smittenkitchen.com/2020/10/morning-glory-breakfast-cake/,3
smittenkitchen:4,What vegan recipes are available on Smitten Kitchen?,smittenkitchen,markcrawl,4,https://smittenkitchen.com/2019/08/black-pepper-tofu-and-eggplant/,0.5440569425447681,false,diet/vegan,https://smittenkitchen.com/2019/08/black-pepper-tofu-and-eggplant/,4
smittenkitchen:4,What vegan recipes are available on Smitten Kitchen?,smittenkitchen,markcrawl,5,https://smittenkitchen.com/2025/02/ziti-chickpeas-with-sausage-and-kale/,0.5422597621909149,false,diet/vegan,https://smittenkitchen.com/2025/02/ziti-chickpeas-with-sausage-and-kale/,5
smittenkitchen:5,Show me cookie recipes,smittenkitchen,markcrawl,1,https://smittenkitchen.com/2008/12/pecan-sandies/,0.5530528130905261,false,sweets/cookie,https://smittenkitchen.com/2008/12/pecan-sandies/,1
smittenkitchen:5,Show me cookie recipes,smittenkitchen,markcrawl,2,https://smittenkitchen.com/2007/12/peanut-butter-cookies/,0.551793656460646,true,sweets/cookie,https://smittenkitchen.com/2007/12/peanut-butter-cookies/,2
smittenkitchen:5,Show me cookie recipes,smittenkitchen,markcrawl,3,https://smittenkitchen.com/2007/12/peanut-butter-cookies/,0.5498210248476127,true,sweets/cookie,https://smittenkitchen.com/2007/12/peanut-butter-cookies/,2
smittenkitchen:5,Show me cookie recipes,smittenkitchen,markcrawl,4,https://smittenkitchen.com/2019/12/unfussy-sugar-cookies/,0.5428969379610437,true,sweets/cookie,https://smittenkitchen.com/2019/12/unfussy-sugar-cookies/,3
smittenkitchen:5,Show me cookie recipes,smittenkitchen,markcrawl,5,https://smittenkitchen.com/2019/12/unfussy-sugar-cookies/,0.5419857170950377,true,sweets/cookie,https://smittenkitchen.com/2019/12/unfussy-sugar-cookies/,3
smittenkitchen:6,How do you make pumpkin basque cheesecake?,smittenkitchen,markcrawl,1,https://smittenkitchen.com/2025/11/pumpkin-basque-cheesecake/,0.7280378510241095,true,pumpkin-basque-cheesecake,https://smittenkitchen.com/2025/11/pumpkin-basque-cheesecake/,1
smittenkitchen:6,How do you make pumpkin basque cheesecake?,smittenkitchen,markcrawl,2,https://smittenkitchen.com/2025/11/pumpkin-basque-cheesecake/,0.7231949615314086,true,pumpkin-basque-cheesecake,https://smittenkitchen.com/2025/11/pumpkin-basque-cheesecake/,1
smittenkitchen:6,How do you make pumpkin basque cheesecake?,smittenkitchen,markcrawl,3,https://smittenkitchen.com/2025/11/pumpkin-basque-cheesecake/,0.7163331832249901,true,pumpkin-basque-cheesecake,https://smittenkitchen.com/2025/11/pumpkin-basque-cheesecake/,1
smittenkitchen:6,How do you make pumpkin basque cheesecake?,smittenkitchen,markcrawl,4,https://smittenkitchen.com/2025/11/pumpkin-basque-cheesecake/,0.7078664805227736,true,pumpkin-basque-cheesecake,https://smittenkitchen.com/2025/11/pumpkin-basque-cheesecake/,1
smittenkitchen:6,How do you make pumpkin basque cheesecake?,smittenkitchen,markcrawl,5,https://smittenkitchen.com/2024/06/easy-basque-cheesecake/,0.6684967367549457,false,pumpkin-basque-cheesecake,https://smittenkitchen.com/2024/06/easy-basque-cheesecake/,2
smittenkitchen:7,What recipes are good for winter?,smittenkitchen,markcrawl,1,https://smittenkitchen.com/2013/01/lentil-soup-with-sausage-chard-and-garlic/,0.5453934623564239,false,season/winter,https://smittenkitchen.com/2013/01/lentil-soup-with-sausage-chard-and-garlic/,1
smittenkitchen:7,What recipes are good for winter?,smittenkitchen,markcrawl,2,https://smittenkitchen.com/2007/11/curried-lentils-and-sweet-potatoes/,0.5242486560032258,false,season/winter,https://smittenkitchen.com/2007/11/curried-lentils-and-sweet-potatoes/,2
smittenkitchen:7,What recipes are good for winter?,smittenkitchen,markcrawl,3,https://smittenkitchen.com/2013/01/lentil-soup-with-sausage-chard-and-garlic/,0.5201815999421533,false,season/winter,https://smittenkitchen.com/2013/01/lentil-soup-with-sausage-chard-and-garlic/,1
smittenkitchen:7,What recipes are good for winter?,smittenkitchen,markcrawl,4,https://smittenkitchen.com/2013/01/lentil-soup-with-sausage-chard-and-garlic/,0.5194961343706733,false,season/winter,https://smittenkitchen.com/2013/01/lentil-soup-with-sausage-chard-and-garlic/,1
smittenkitchen:7,What recipes are good for winter?,smittenkitchen,markcrawl,5,https://smittenkitchen.com/2013/01/lentil-soup-with-sausage-chard-and-garlic/,0.519178446702213,false,season/winter,https://smittenkitchen.com/2013/01/lentil-soup-with-sausage-chard-and-garlic/,1
smittenkitchen:0,How do you make world peace cookies?,smittenkitchen,crawl4ai,1,https://smittenkitchen.com/./recipes/ingredient/peanut-butter/?format=photo,0.3365647323938541,false,world-peace-cookies,https://smittenkitchen.com/./recipes/ingredient/peanut-butter/?format=photo,1
smittenkitchen:0,How do you make world peace cookies?,smittenkitchen,crawl4ai,2,https://smittenkitchen.com/about/faq/,0.3354330852021195,false,world-peace-cookies,https://smittenkitchen.com/about/faq/,2
smittenkitchen:0,How do you make world peace cookies?,smittenkitchen,crawl4ai,3,https://smittenkitchen.com/cooking-conversions/,0.33387657847323404,false,world-peace-cookies,https://smittenkitchen.com/cooking-conversions/,3
smittenkitchen:0,How do you make world peace cookies?,smittenkitchen,crawl4ai,4,https://smittenkitchen.com/./recipes/sweets/cookie/?format=photo,0.33282558171001375,false,world-peace-cookies,https://smittenkitchen.com/./recipes/sweets/cookie/?format=photo,4
smittenkitchen:0,How do you make world peace cookies?,smittenkitchen,crawl4ai,5,https://smittenkitchen.com/about/faq/,0.32700621753994685,false,world-peace-cookies,https://smittenkitchen.com/about/faq/,2
smittenkitchen:1,What's the recipe for miso chicken and rice?,smittenkitchen,crawl4ai,1,https://smittenkitchen.com/,0.5450862936609784,false,miso-chicken-and-rice,https://smittenkitchen.com/,1
smittenkitchen:1,What's the recipe for miso chicken and rice?,smittenkitchen,crawl4ai,2,https://smittenkitchen.com/./recipes/ingredient/grain/?format=photo,0.36242234037468307,false,miso-chicken-and-rice,https://smittenkitchen.com/./recipes/ingredient/grain/?format=photo,2
smittenkitchen:1,What's the recipe for miso chicken and rice?,smittenkitchen,crawl4ai,3,https://smittenkitchen.com/./recipes/ingredient/meat/chicken/?format=photo,0.35640369968425734,false,miso-chicken-and-rice,https://smittenkitchen.com/./recipes/ingredient/meat/chicken/?format=photo,3
smittenkitchen:1,What's the recipe for miso chicken and rice?,smittenkitchen,crawl4ai,4,https://smittenkitchen.com/./recipes/cuisine/chinese/?format=photo,0.3360841034814223,false,miso-chicken-and-rice,https://smittenkitchen.com/./recipes/cuisine/chinese/?format=photo,4
smittenkitchen:1,What's the recipe for miso chicken and rice?,smittenkitchen,crawl4ai,5,https://smittenkitchen.com/./recipes/cuisine/japanese/?format=photo,0.3334140761566806,false,miso-chicken-and-rice,https://smittenkitchen.com/./recipes/cuisine/japanese/?format=photo,5
smittenkitchen:2,How do I make ultimate banana bread?,smittenkitchen,crawl4ai,1,https://smittenkitchen.com/./recipes/fruit/bananas/?format=photo,0.383491238951605,false,ultimate-banana-bread,https://smittenkitchen.com/./recipes/fruit/bananas/?format=photo,1
smittenkitchen:2,How do I make ultimate banana bread?,smittenkitchen,crawl4ai,2,https://smittenkitchen.com/about/faq/,0.3679023902586226,false,ultimate-banana-bread,https://smittenkitchen.com/about/faq/,2
smittenkitchen:2,How do I make ultimate banana bread?,smittenkitchen,crawl4ai,3,https://smittenkitchen.com/cooking-conversions/,0.35727105665982445,false,ultimate-banana-bread,https://smittenkitchen.com/cooking-conversions/,3
smittenkitchen:2,How do I make ultimate banana bread?,smittenkitchen,crawl4ai,4,https://smittenkitchen.com/./recipes/course/muffin/?format=photo,0.35123027129675977,false,ultimate-banana-bread,https://smittenkitchen.com/./recipes/course/muffin/?format=photo,4
smittenkitchen:2,How do I make ultimate banana bread?,smittenkitchen,crawl4ai,5,https://smittenkitchen.com/./recipes/sweets/everyday-cakes/?format=photo,0.3353024285710706,false,ultimate-banana-bread,https://smittenkitchen.com/./recipes/sweets/everyday-cakes/?format=photo,5
smittenkitchen:3,What's the skillet-baked macaroni and cheese recipe?,smittenkitchen,crawl4ai,1,https://smittenkitchen.com/./recipes/ingredient/cheese/?format=photo,0.3747596819552035,false,skillet-baked-macaroni-and-cheese,https://smittenkitchen.com/./recipes/ingredient/cheese/?format=photo,1
smittenkitchen:3,What's the skillet-baked macaroni and cheese recipe?,smittenkitchen,crawl4ai,2,https://smittenkitchen.com/./recipes/method/casserole/?format=photo,0.37237522268776074,false,skillet-baked-macaroni-and-cheese,https://smittenkitchen.com/./recipes/method/casserole/?format=photo,2
smittenkitchen:3,What's the skillet-baked macaroni and cheese recipe?,smittenkitchen,crawl4ai,3,https://smittenkitchen.com/./recipes/method/casserole/?format=photo,0.3652263211517466,false,skillet-baked-macaroni-and-cheese,https://smittenkitchen.com/./recipes/method/casserole/?format=photo,2
smittenkitchen:3,What's the skillet-baked macaroni and cheese recipe?,smittenkitchen,crawl4ai,4,https://smittenkitchen.com/./recipes/course/pasta/?format=photo,0.36478758654632215,false,skillet-baked-macaroni-and-cheese,https://smittenkitchen.com/./recipes/course/pasta/?format=photo,3
smittenkitchen:3,What's the skillet-baked macaroni and cheese recipe?,smittenkitchen,crawl4ai,5,https://smittenkitchen.com/./recipes/kid-favorites/?format=photo,0.3569721385622475,false,skillet-baked-macaroni-and-cheese,https://smittenkitchen.com/./recipes/kid-favorites/?format=photo,4
smittenkitchen:4,What vegan recipes are available on Smitten Kitchen?,smittenkitchen,crawl4ai,1,https://smittenkitchen.com/recipes/,0.6287761708584791,false,diet/vegan,https://smittenkitchen.com/recipes/,1
smittenkitchen:4,What vegan recipes are available on Smitten Kitchen?,smittenkitchen,crawl4ai,2,https://smittenkitchen.com/./recipes/diet/vegan/?format=photo,0.6176056771882273,true,diet/vegan,https://smittenkitchen.com/./recipes/diet/vegan/?format=photo,2
smittenkitchen:4,What vegan recipes are available on Smitten Kitchen?,smittenkitchen,crawl4ai,3,https://smittenkitchen.com/./recipes/ingredient/tofu/?format=photo,0.6142257007962452,false,diet/vegan,https://smittenkitchen.com/./recipes/ingredient/tofu/?format=photo,3
smittenkitchen:4,What vegan recipes are available on Smitten Kitchen?,smittenkitchen,crawl4ai,4,https://smittenkitchen.com/,0.6097369987540405,false,diet/vegan,https://smittenkitchen.com/,4
smittenkitchen:4,What vegan recipes are available on Smitten Kitchen?,smittenkitchen,crawl4ai,5,https://smittenkitchen.com/./recipes/course/lunch/?format=photo,0.6076614047194967,false,diet/vegan,https://smittenkitchen.com/./recipes/course/lunch/?format=photo,5
smittenkitchen:5,Show me cookie recipes,smittenkitchen,crawl4ai,1,https://smittenkitchen.com/./recipes/sweets/cookie/?format=photo,0.4858313093512366,true,sweets/cookie,https://smittenkitchen.com/./recipes/sweets/cookie/?format=photo,1
smittenkitchen:5,Show me cookie recipes,smittenkitchen,crawl4ai,2,https://smittenkitchen.com/./recipes/ingredient/brown-butter/?format=photo,0.46940308574418593,false,sweets/cookie,https://smittenkitchen.com/./recipes/ingredient/brown-butter/?format=photo,2
smittenkitchen:5,Show me cookie recipes,smittenkitchen,crawl4ai,3,https://smittenkitchen.com/./recipes/sweets/doughnut/?format=photo,0.4688034097361894,false,sweets/cookie,https://smittenkitchen.com/./recipes/sweets/doughnut/?format=photo,3
smittenkitchen:5,Show me cookie recipes,smittenkitchen,crawl4ai,4,https://smittenkitchen.com/./recipes/course/scones-biscuits/?format=photo,0.46739006182480247,false,sweets/cookie,https://smittenkitchen.com/./recipes/course/scones-biscuits/?format=photo,4
smittenkitchen:5,Show me cookie recipes,smittenkitchen,crawl4ai,5,https://smittenkitchen.com/./recipes/sweets/cookie/?format=photo,0.4668227260706637,true,sweets/cookie,https://smittenkitchen.com/./recipes/sweets/cookie/?format=photo,1
smittenkitchen:6,How do you make pumpkin basque cheesecake?,smittenkitchen,crawl4ai,1,https://smittenkitchen.com/./recipes/season/fall/?format=photo,0.360004654405931,false,pumpkin-basque-cheesecake,https://smittenkitchen.com/./recipes/season/fall/?format=photo,1
smittenkitchen:6,How do you make pumpkin basque cheesecake?,smittenkitchen,crawl4ai,2,https://smittenkitchen.com/./recipes/sweets/cake/?format=photo,0.35526519798731654,false,pumpkin-basque-cheesecake,https://smittenkitchen.com/./recipes/sweets/cake/?format=photo,2
smittenkitchen:6,How do you make pumpkin basque cheesecake?,smittenkitchen,crawl4ai,3,https://smittenkitchen.com/./recipes/holiday/thanksgiving/?format=photo,0.3516614998108219,false,pumpkin-basque-cheesecake,https://smittenkitchen.com/./recipes/holiday/thanksgiving/?format=photo,3
smittenkitchen:6,How do you make pumpkin basque cheesecake?,smittenkitchen,crawl4ai,4,https://smittenkitchen.com/./recipes/sweets/pudding/?format=photo,0.3393389113572143,false,pumpkin-basque-cheesecake,https://smittenkitchen.com/./recipes/sweets/pudding/?format=photo,4
smittenkitchen:6,How do you make pumpkin basque cheesecake?,smittenkitchen,crawl4ai,5,https://smittenkitchen.com/./recipes/ingredient/cheese/?format=photo,0.33587432121640504,false,pumpkin-basque-cheesecake,https://smittenkitchen.com/./recipes/ingredient/cheese/?format=photo,5
smittenkitchen:7,What recipes are good for winter?,smittenkitchen,crawl4ai,1,https://smittenkitchen.com/,0.46526641082302045,false,season/winter,https://smittenkitchen.com/,1
smittenkitchen:7,What recipes are good for winter?,smittenkitchen,crawl4ai,2,https://smittenkitchen.com/,0.46025985208301556,false,season/winter,https://smittenkitchen.com/,1
smittenkitchen:7,What recipes are good for winter?,smittenkitchen,crawl4ai,3,https://smittenkitchen.com/./recipes/season/winter/?format=photo,0.45824963890653814,true,season/winter,https://smittenkitchen.com/./recipes/season/winter/?format=photo,2
smittenkitchen:7,What recipes are good for winter?,smittenkitchen,crawl4ai,4,https://smittenkitchen.com/./recipes/method/freezer-friendly/?format=photo,0.44669978143333894,false,season/winter,https://smittenkitchen.com/./recipes/method/freezer-friendly/?format=photo,3
smittenkitchen:7,What recipes are good for winter?,smittenkitchen,crawl4ai,5,https://smittenkitchen.com/recipes/,0.44663741930577355,false,season/winter,https://smittenkitchen.com/recipes/,4
smittenkitchen:0,How do you make world peace cookies?,smittenkitchen,crawl4ai-raw,1,https://smittenkitchen.com/./recipes/ingredient/peanut-butter/?format=photo,0.337133178236886,false,world-peace-cookies,https://smittenkitchen.com/./recipes/ingredient/peanut-butter/?format=photo,1
smittenkitchen:0,How do you make world peace cookies?,smittenkitchen,crawl4ai-raw,2,https://smittenkitchen.com/about/faq/,0.3354330852021195,false,world-peace-cookies,https://smittenkitchen.com/about/faq/,2
smittenkitchen:0,How do you make world peace cookies?,smittenkitchen,crawl4ai-raw,3,https://smittenkitchen.com/./recipes/sweets/cookie/?format=photo,0.3345987783486365,false,world-peace-cookies,https://smittenkitchen.com/./recipes/sweets/cookie/?format=photo,3
smittenkitchen:0,How do you make world peace cookies?,smittenkitchen,crawl4ai-raw,4,https://smittenkitchen.com/cooking-conversions/,0.3337585464913135,false,world-peace-cookies,https://smittenkitchen.com/cooking-conversions/,4
smittenkitchen:0,How do you make world peace cookies?,smittenkitchen,crawl4ai-raw,5,https://smittenkitchen.com/about/faq/,0.32700621753994685,false,world-peace-cookies,https://smittenkitchen.com/about/faq/,2
smittenkitchen:1,What's the recipe for miso chicken and rice?,smittenkitchen,crawl4ai-raw,1,https://smittenkitchen.com/,0.5450862936609784,false,miso-chicken-and-rice,https://smittenkitchen.com/,1
smittenkitchen:1,What's the recipe for miso chicken and rice?,smittenkitchen,crawl4ai-raw,2,https://smittenkitchen.com/./recipes/ingredient/grain/?format=photo,0.3610706640367808,false,miso-chicken-and-rice,https://smittenkitchen.com/./recipes/ingredient/grain/?format=photo,2
smittenkitchen:1,What's the recipe for miso chicken and rice?,smittenkitchen,crawl4ai-raw,3,https://smittenkitchen.com/./recipes/ingredient/meat/chicken/?format=photo,0.35698961503046195,false,miso-chicken-and-rice,https://smittenkitchen.com/./recipes/ingredient/meat/chicken/?format=photo,3
smittenkitchen:1,What's the recipe for miso chicken and rice?,smittenkitchen,crawl4ai-raw,4,https://smittenkitchen.com/./recipes/cuisine/chinese/?format=photo,0.33581671639524274,false,miso-chicken-and-rice,https://smittenkitchen.com/./recipes/cuisine/chinese/?format=photo,4
smittenkitchen:1,What's the recipe for miso chicken and rice?,smittenkitchen,crawl4ai-raw,5,https://smittenkitchen.com/./recipes/cuisine/japanese/?format=photo,0.33301823334453245,false,miso-chicken-and-rice,https://smittenkitchen.com/./recipes/cuisine/japanese/?format=photo,5
smittenkitchen:2,How do I make ultimate banana bread?,smittenkitchen,crawl4ai-raw,1,https://smittenkitchen.com/./recipes/fruit/bananas/?format=photo,0.3840243685904082,false,ultimate-banana-bread,https://smittenkitchen.com/./recipes/fruit/bananas/?format=photo,1
smittenkitchen:2,How do I make ultimate banana bread?,smittenkitchen,crawl4ai-raw,2,https://smittenkitchen.com/about/faq/,0.3679023902586226,false,ultimate-banana-bread,https://smittenkitchen.com/about/faq/,2
smittenkitchen:2,How do I make ultimate banana bread?,smittenkitchen,crawl4ai-raw,3,https://smittenkitchen.com/cooking-conversions/,0.3582444224009202,false,ultimate-banana-bread,https://smittenkitchen.com/cooking-conversions/,3
smittenkitchen:2,How do I make ultimate banana bread?,smittenkitchen,crawl4ai-raw,4,https://smittenkitchen.com/./recipes/course/muffin/?format=photo,0.35026001540817103,false,ultimate-banana-bread,https://smittenkitchen.com/./recipes/course/muffin/?format=photo,4
smittenkitchen:2,How do I make ultimate banana bread?,smittenkitchen,crawl4ai-raw,5,https://smittenkitchen.com/./recipes/sweets/everyday-cakes/?format=photo,0.33649026087970435,false,ultimate-banana-bread,https://smittenkitchen.com/./recipes/sweets/everyday-cakes/?format=photo,5
smittenkitchen:3,What's the skillet-baked macaroni and cheese recipe?,smittenkitchen,crawl4ai-raw,1,https://smittenkitchen.com/./recipes/ingredient/cheese/?format=photo,0.37464925497490265,false,skillet-baked-macaroni-and-cheese,https://smittenkitchen.com/./recipes/ingredient/cheese/?format=photo,1
smittenkitchen:3,What's the skillet-baked macaroni and cheese recipe?,smittenkitchen,crawl4ai-raw,2,https://smittenkitchen.com/./recipes/method/casserole/?format=photo,0.3717986005044373,false,skillet-baked-macaroni-and-cheese,https://smittenkitchen.com/./recipes/method/casserole/?format=photo,2
smittenkitchen:3,What's the skillet-baked macaroni and cheese recipe?,smittenkitchen,crawl4ai-raw,3,https://smittenkitchen.com/./recipes/method/casserole/?format=photo,0.3625708535670979,false,skillet-baked-macaroni-and-cheese,https://smittenkitchen.com/./recipes/method/casserole/?format=photo,2
smittenkitchen:3,What's the skillet-baked macaroni and cheese recipe?,smittenkitchen,crawl4ai-raw,4,https://smittenkitchen.com/./recipes/course/pasta/?format=photo,0.36252080559734456,false,skillet-baked-macaroni-and-cheese,https://smittenkitchen.com/./recipes/course/pasta/?format=photo,3
smittenkitchen:3,What's the skillet-baked macaroni and cheese recipe?,smittenkitchen,crawl4ai-raw,5,https://smittenkitchen.com/./recipes/kid-favorites/?format=photo,0.35736533905636897,false,skillet-baked-macaroni-and-cheese,https://smittenkitchen.com/./recipes/kid-favorites/?format=photo,4
smittenkitchen:4,What vegan recipes are available on Smitten Kitchen?,smittenkitchen,crawl4ai-raw,1,https://smittenkitchen.com/recipes/,0.6181813807905912,false,diet/vegan,https://smittenkitchen.com/recipes/,1
smittenkitchen:4,What vegan recipes are available on Smitten Kitchen?,smittenkitchen,crawl4ai-raw,2,https://smittenkitchen.com/./recipes/diet/vegan/?format=photo,0.6175995637730253,true,diet/vegan,https://smittenkitchen.com/./recipes/diet/vegan/?format=photo,2
smittenkitchen:4,What vegan recipes are available on Smitten Kitchen?,smittenkitchen,crawl4ai-raw,3,https://smittenkitchen.com/./recipes/ingredient/tofu/?format=photo,0.613662882934847,false,diet/vegan,https://smittenkitchen.com/./recipes/ingredient/tofu/?format=photo,3
smittenkitchen:4,What vegan recipes are available on Smitten Kitchen?,smittenkitchen,crawl4ai-raw,4,https://smittenkitchen.com/,0.6094469404405182,false,diet/vegan,https://smittenkitchen.com/,4
smittenkitchen:4,What vegan recipes are available on Smitten Kitchen?,smittenkitchen,crawl4ai-raw,5,https://smittenkitchen.com/./recipes/course/lunch/?format=photo,0.6077326058625879,false,diet/vegan,https://smittenkitchen.com/./recipes/course/lunch/?format=photo,5
smittenkitchen:5,Show me cookie recipes,smittenkitchen,crawl4ai-raw,1,https://smittenkitchen.com/./recipes/sweets/cookie/?format=photo,0.48742574435563163,true,sweets/cookie,https://smittenkitchen.com/./recipes/sweets/cookie/?format=photo,1
smittenkitchen:5,Show me cookie recipes,smittenkitchen,crawl4ai-raw,2,https://smittenkitchen.com/./recipes/ingredient/brown-butter/?format=photo,0.4707007135709077,false,sweets/cookie,https://smittenkitchen.com/./recipes/ingredient/brown-butter/?format=photo,2
smittenkitchen:5,Show me cookie recipes,smittenkitchen,crawl4ai-raw,3,https://smittenkitchen.com/./recipes/sweets/doughnut/?format=photo,0.46921907869464413,false,sweets/cookie,https://smittenkitchen.com/./recipes/sweets/doughnut/?format=photo,3
smittenkitchen:5,Show me cookie recipes,smittenkitchen,crawl4ai-raw,4,https://smittenkitchen.com/./recipes/sweets/cookie/?format=photo,0.4674256352916579,true,sweets/cookie,https://smittenkitchen.com/./recipes/sweets/cookie/?format=photo,1
smittenkitchen:5,Show me cookie recipes,smittenkitchen,crawl4ai-raw,5,https://smittenkitchen.com/./recipes/course/scones-biscuits/?format=photo,0.4666984970434233,false,sweets/cookie,https://smittenkitchen.com/./recipes/course/scones-biscuits/?format=photo,4
smittenkitchen:6,How do you make pumpkin basque cheesecake?,smittenkitchen,crawl4ai-raw,1,https://smittenkitchen.com/./recipes/season/fall/?format=photo,0.3604011173829386,false,pumpkin-basque-cheesecake,https://smittenkitchen.com/./recipes/season/fall/?format=photo,1
smittenkitchen:6,How do you make pumpkin basque cheesecake?,smittenkitchen,crawl4ai-raw,2,https://smittenkitchen.com/./recipes/sweets/cake/?format=photo,0.3555955960493137,false,pumpkin-basque-cheesecake,https://smittenkitchen.com/./recipes/sweets/cake/?format=photo,2
smittenkitchen:6,How do you make pumpkin basque cheesecake?,smittenkitchen,crawl4ai-raw,3,https://smittenkitchen.com/./recipes/holiday/thanksgiving/?format=photo,0.3511911588871717,false,pumpkin-basque-cheesecake,https://smittenkitchen.com/./recipes/holiday/thanksgiving/?format=photo,3
smittenkitchen:6,How do you make pumpkin basque cheesecake?,smittenkitchen,crawl4ai-raw,4,https://smittenkitchen.com/./recipes/sweets/pudding/?format=photo,0.3391508517120439,false,pumpkin-basque-cheesecake,https://smittenkitchen.com/./recipes/sweets/pudding/?format=photo,4
smittenkitchen:6,How do you make pumpkin basque cheesecake?,smittenkitchen,crawl4ai-raw,5,https://smittenkitchen.com/./recipes/ingredient/cheese/?format=photo,0.33526675838058323,false,pumpkin-basque-cheesecake,https://smittenkitchen.com/./recipes/ingredient/cheese/?format=photo,5
smittenkitchen:7,What recipes are good for winter?,smittenkitchen,crawl4ai-raw,1,https://smittenkitchen.com/,0.46526641082302045,false,season/winter,https://smittenkitchen.com/,1
smittenkitchen:7,What recipes are good for winter?,smittenkitchen,crawl4ai-raw,2,https://smittenkitchen.com/,0.46025985208301556,false,season/winter,https://smittenkitchen.com/,1
smittenkitchen:7,What recipes are good for winter?,smittenkitchen,crawl4ai-raw,3,https://smittenkitchen.com/./recipes/season/winter/?format=photo,0.45788461544810066,true,season/winter,https://smittenkitchen.com/./recipes/season/winter/?format=photo,2
smittenkitchen:7,What recipes are good for winter?,smittenkitchen,crawl4ai-raw,4,https://smittenkitchen.com/recipes/,0.44663741930577355,false,season/winter,https://smittenkitchen.com/recipes/,3
smittenkitchen:7,What recipes are good for winter?,smittenkitchen,crawl4ai-raw,5,https://smittenkitchen.com/./recipes/method/freezer-friendly/?format=photo,0.4466223426245079,false,season/winter,https://smittenkitchen.com/./recipes/method/freezer-friendly/?format=photo,4
smittenkitchen:0,How do you make world peace cookies?,smittenkitchen,scrapy+md,1,https://smittenkitchen.com/2007/02/knotted-and-stacked-disappearing-acts/?replytocom=603149,0.4142735229907401,false,world-peace-cookies,https://smittenkitchen.com/2007/02/knotted-and-stacked-disappearing-acts/?replytocom=603149,1
smittenkitchen:0,How do you make world peace cookies?,smittenkitchen,scrapy+md,2,https://smittenkitchen.com/2007/02/knotted-and-stacked-disappearing-acts/?replytocom=603146,0.4142438238598434,false,world-peace-cookies,https://smittenkitchen.com/2007/02/knotted-and-stacked-disappearing-acts/?replytocom=603146,2
smittenkitchen:0,How do you make world peace cookies?,smittenkitchen,scrapy+md,3,https://smittenkitchen.com/2007/02/knotted-and-stacked-disappearing-acts/?replytocom=603167,0.4142438238598434,false,world-peace-cookies,https://smittenkitchen.com/2007/02/knotted-and-stacked-disappearing-acts/?replytocom=603167,3
smittenkitchen:0,How do you make world peace cookies?,smittenkitchen,scrapy+md,4,https://smittenkitchen.com/2007/02/knotted-and-stacked-disappearing-acts/?replytocom=1375284,0.4142438238598434,false,world-peace-cookies,https://smittenkitchen.com/2007/02/knotted-and-stacked-disappearing-acts/?replytocom=1375284,4
smittenkitchen:0,How do you make world peace cookies?,smittenkitchen,scrapy+md,5,https://smittenkitchen.com/2007/02/knotted-and-stacked-disappearing-acts/?replytocom=603199,0.4142438238598434,false,world-peace-cookies,https://smittenkitchen.com/2007/02/knotted-and-stacked-disappearing-acts/?replytocom=603199,5
smittenkitchen:1,What's the recipe for miso chicken and rice?,smittenkitchen,scrapy+md,1,https://smittenkitchen.com/2026/02/miso-chicken-and-rice/,0.6359743848507156,true,miso-chicken-and-rice,https://smittenkitchen.com/2026/02/miso-chicken-and-rice/,1
smittenkitchen:1,What's the recipe for miso chicken and rice?,smittenkitchen,scrapy+md,2,https://smittenkitchen.com/2026/02/miso-chicken-and-rice/,0.6146492046083398,true,miso-chicken-and-rice,https://smittenkitchen.com/2026/02/miso-chicken-and-rice/,1
smittenkitchen:1,What's the recipe for miso chicken and rice?,smittenkitchen,scrapy+md,3,https://smittenkitchen.com/2026/02/miso-chicken-and-rice/,0.6089917421768625,true,miso-chicken-and-rice,https://smittenkitchen.com/2026/02/miso-chicken-and-rice/,1
smittenkitchen:1,What's the recipe for miso chicken and rice?,smittenkitchen,scrapy+md,4,https://smittenkitchen.com/2026/02/miso-chicken-and-rice/,0.6022739906234816,true,miso-chicken-and-rice,https://smittenkitchen.com/2026/02/miso-chicken-and-rice/,1
smittenkitchen:1,What's the recipe for miso chicken and rice?,smittenkitchen,scrapy+md,5,https://smittenkitchen.com/2026/02/miso-chicken-and-rice/,0.5985196871421385,true,miso-chicken-and-rice,https://smittenkitchen.com/2026/02/miso-chicken-and-rice/,1
smittenkitchen:2,How do I make ultimate banana bread?,smittenkitchen,scrapy+md,1,https://smittenkitchen.com/2020/03/ultimate-banana-bread/,0.7198875623125348,true,ultimate-banana-bread,https://smittenkitchen.com/2020/03/ultimate-banana-bread/,1
smittenkitchen:2,How do I make ultimate banana bread?,smittenkitchen,scrapy+md,2,https://smittenkitchen.com/2020/03/ultimate-banana-bread/,0.6785911119484411,true,ultimate-banana-bread,https://smittenkitchen.com/2020/03/ultimate-banana-bread/,1
smittenkitchen:2,How do I make ultimate banana bread?,smittenkitchen,scrapy+md,3,https://smittenkitchen.com/2020/03/ultimate-banana-bread/,0.6754526287256244,true,ultimate-banana-bread,https://smittenkitchen.com/2020/03/ultimate-banana-bread/,1
smittenkitchen:2,How do I make ultimate banana bread?,smittenkitchen,scrapy+md,4,https://smittenkitchen.com/2020/03/ultimate-banana-bread/,0.6597911069217668,true,ultimate-banana-bread,https://smittenkitchen.com/2020/03/ultimate-banana-bread/,1
smittenkitchen:2,How do I make ultimate banana bread?,smittenkitchen,scrapy+md,5,https://smittenkitchen.com/2020/03/ultimate-banana-bread/,0.6590443456403027,true,ultimate-banana-bread,https://smittenkitchen.com/2020/03/ultimate-banana-bread/,1
smittenkitchen:3,What's the skillet-baked macaroni and cheese recipe?,smittenkitchen,scrapy+md,1,https://smittenkitchen.com/2012/02/lasagna-bolognese/?replytocom=2536523,0.40786631553932706,false,skillet-baked-macaroni-and-cheese,https://smittenkitchen.com/2012/02/lasagna-bolognese/?replytocom=2536523,1
smittenkitchen:3,What's the skillet-baked macaroni and cheese recipe?,smittenkitchen,scrapy+md,2,https://smittenkitchen.com/2012/02/lasagna-bolognese/?replytocom=1871416,0.40786631553932706,false,skillet-baked-macaroni-and-cheese,https://smittenkitchen.com/2012/02/lasagna-bolognese/?replytocom=1871416,2
smittenkitchen:3,What's the skillet-baked macaroni and cheese recipe?,smittenkitchen,scrapy+md,3,https://smittenkitchen.com/2012/02/lasagna-bolognese/,0.40786631553932706,false,skillet-baked-macaroni-and-cheese,https://smittenkitchen.com/2012/02/lasagna-bolognese/,3
smittenkitchen:3,What's the skillet-baked macaroni and cheese recipe?,smittenkitchen,scrapy+md,4,https://smittenkitchen.com/2012/02/lasagna-bolognese/?replytocom=2536523,0.39858798825331765,false,skillet-baked-macaroni-and-cheese,https://smittenkitchen.com/2012/02/lasagna-bolognese/?replytocom=2536523,1
smittenkitchen:3,What's the skillet-baked macaroni and cheese recipe?,smittenkitchen,scrapy+md,5,https://smittenkitchen.com/2012/02/lasagna-bolognese/?replytocom=1871416,0.39858798825331765,false,skillet-baked-macaroni-and-cheese,https://smittenkitchen.com/2012/02/lasagna-bolognese/?replytocom=1871416,2
smittenkitchen:4,What vegan recipes are available on Smitten Kitchen?,smittenkitchen,scrapy+md,1,https://smittenkitchen.com/2017/09/pizza-beans/,0.5182127248197936,false,diet/vegan,https://smittenkitchen.com/2017/09/pizza-beans/,1
smittenkitchen:4,What vegan recipes are available on Smitten Kitchen?,smittenkitchen,scrapy+md,2,https://smittenkitchen.com/recipes/,0.5075153563788937,false,diet/vegan,https://smittenkitchen.com/recipes/,2
smittenkitchen:4,What vegan recipes are available on Smitten Kitchen?,smittenkitchen,scrapy+md,3,https://smittenkitchen.com/2012/08/my-favorite-brownies/?replytocom=766031,0.505731401493416,false,diet/vegan,https://smittenkitchen.com/2012/08/my-favorite-brownies/?replytocom=766031,3
smittenkitchen:4,What vegan recipes are available on Smitten Kitchen?,smittenkitchen,scrapy+md,4,https://smittenkitchen.com/2012/08/my-favorite-brownies/?replytocom=1535029,0.5056432616038148,false,diet/vegan,https://smittenkitchen.com/2012/08/my-favorite-brownies/?replytocom=1535029,4
smittenkitchen:4,What vegan recipes are available on Smitten Kitchen?,smittenkitchen,scrapy+md,5,https://smittenkitchen.com/2012/08/my-favorite-brownies/?replytocom=985393,0.5056432616038148,false,diet/vegan,https://smittenkitchen.com/2012/08/my-favorite-brownies/?replytocom=985393,5
smittenkitchen:5,Show me cookie recipes,smittenkitchen,scrapy+md,1,https://smittenkitchen.com/2012/08/my-favorite-brownies/?replytocom=766568,0.52865642467093,false,sweets/cookie,https://smittenkitchen.com/2012/08/my-favorite-brownies/?replytocom=766568,1
smittenkitchen:5,Show me cookie recipes,smittenkitchen,scrapy+md,2,https://smittenkitchen.com/2012/08/my-favorite-brownies/?replytocom=766278,0.52865642467093,false,sweets/cookie,https://smittenkitchen.com/2012/08/my-favorite-brownies/?replytocom=766278,2
smittenkitchen:5,Show me cookie recipes,smittenkitchen,scrapy+md,3,https://smittenkitchen.com/2012/08/my-favorite-brownies/?replytocom=766031,0.52865642467093,false,sweets/cookie,https://smittenkitchen.com/2012/08/my-favorite-brownies/?replytocom=766031,3
smittenkitchen:5,Show me cookie recipes,smittenkitchen,scrapy+md,4,https://smittenkitchen.com/2012/08/my-favorite-brownies/?replytocom=766422,0.52865642467093,false,sweets/cookie,https://smittenkitchen.com/2012/08/my-favorite-brownies/?replytocom=766422,4
smittenkitchen:5,Show me cookie recipes,smittenkitchen,scrapy+md,5,https://smittenkitchen.com/2012/08/my-favorite-brownies/?replytocom=1021355,0.5286460143370959,false,sweets/cookie,https://smittenkitchen.com/2012/08/my-favorite-brownies/?replytocom=1021355,5
smittenkitchen:6,How do you make pumpkin basque cheesecake?,smittenkitchen,scrapy+md,1,https://smittenkitchen.com/2010/01/best-cocoa-brownies/?replytocom=697563,0.4828829284154227,false,pumpkin-basque-cheesecake,https://smittenkitchen.com/2010/01/best-cocoa-brownies/?replytocom=697563,1
smittenkitchen:6,How do you make pumpkin basque cheesecake?,smittenkitchen,scrapy+md,2,https://smittenkitchen.com/2010/01/best-cocoa-brownies/?replytocom=697888,0.4828680094437322,false,pumpkin-basque-cheesecake,https://smittenkitchen.com/2010/01/best-cocoa-brownies/?replytocom=697888,2
smittenkitchen:6,How do you make pumpkin basque cheesecake?,smittenkitchen,scrapy+md,3,https://smittenkitchen.com/2010/01/best-cocoa-brownies/?replytocom=698096,0.4828680094437322,false,pumpkin-basque-cheesecake,https://smittenkitchen.com/2010/01/best-cocoa-brownies/?replytocom=698096,3
smittenkitchen:6,How do you make pumpkin basque cheesecake?,smittenkitchen,scrapy+md,4,https://smittenkitchen.com/2010/01/best-cocoa-brownies/?replytocom=697518,0.4828680094437322,false,pumpkin-basque-cheesecake,https://smittenkitchen.com/2010/01/best-cocoa-brownies/?replytocom=697518,4
smittenkitchen:6,How do you make pumpkin basque cheesecake?,smittenkitchen,scrapy+md,5,https://smittenkitchen.com/2010/01/best-cocoa-brownies/?replytocom=1764617,0.48283859907198173,false,pumpkin-basque-cheesecake,https://smittenkitchen.com/2010/01/best-cocoa-brownies/?replytocom=1764617,5
smittenkitchen:7,What recipes are good for winter?,smittenkitchen,scrapy+md,1,https://smittenkitchen.com/recipes/,0.49333503588097155,false,season/winter,https://smittenkitchen.com/recipes/,1
smittenkitchen:7,What recipes are good for winter?,smittenkitchen,scrapy+md,2,https://smittenkitchen.com/recipes/,0.47867762444172324,false,season/winter,https://smittenkitchen.com/recipes/,1
smittenkitchen:7,What recipes are good for winter?,smittenkitchen,scrapy+md,3,https://smittenkitchen.com/2012/02/lasagna-bolognese/?replytocom=1871416,0.46231320432299444,false,season/winter,https://smittenkitchen.com/2012/02/lasagna-bolognese/?replytocom=1871416,2
smittenkitchen:7,What recipes are good for winter?,smittenkitchen,scrapy+md,4,https://smittenkitchen.com/2012/02/lasagna-bolognese/,0.46223103292867407,false,season/winter,https://smittenkitchen.com/2012/02/lasagna-bolognese/,3
smittenkitchen:7,What recipes are good for winter?,smittenkitchen,scrapy+md,5,https://smittenkitchen.com/2012/02/lasagna-bolognese/?replytocom=2536523,0.46223103292867407,false,season/winter,https://smittenkitchen.com/2012/02/lasagna-bolognese/?replytocom=2536523,4
smittenkitchen:0,How do you make world peace cookies?,smittenkitchen,crawlee,1,https://smittenkitchen.com/?random&timestamp=1777919490717,0.4225857007298368,false,world-peace-cookies,https://smittenkitchen.com/?timestamp=1777919490717,1
smittenkitchen:0,How do you make world peace cookies?,smittenkitchen,crawlee,2,https://smittenkitchen.com/?random&timestamp=1777919490717,0.41625786639683443,false,world-peace-cookies,https://smittenkitchen.com/?timestamp=1777919490717,1
smittenkitchen:0,How do you make world peace cookies?,smittenkitchen,crawlee,3,https://smittenkitchen.com/?random&timestamp=1777919490717,0.4155498652669128,false,world-peace-cookies,https://smittenkitchen.com/?timestamp=1777919490717,1
smittenkitchen:0,How do you make world peace cookies?,smittenkitchen,crawlee,4,https://smittenkitchen.com/?random&timestamp=1777919490717,0.41474424506807744,false,world-peace-cookies,https://smittenkitchen.com/?timestamp=1777919490717,1
smittenkitchen:0,How do you make world peace cookies?,smittenkitchen,crawlee,5,https://smittenkitchen.com/?random&timestamp=1777919490717,0.4040717249193165,false,world-peace-cookies,https://smittenkitchen.com/?timestamp=1777919490717,1
smittenkitchen:1,What's the recipe for miso chicken and rice?,smittenkitchen,crawlee,1,https://smittenkitchen.com/2026/02/miso-chicken-and-rice/,0.6359743848507156,true,miso-chicken-and-rice,https://smittenkitchen.com/2026/02/miso-chicken-and-rice/,1
smittenkitchen:1,What's the recipe for miso chicken and rice?,smittenkitchen,crawlee,2,https://smittenkitchen.com/2026/02/miso-chicken-and-rice/,0.6320106448423028,true,miso-chicken-and-rice,https://smittenkitchen.com/2026/02/miso-chicken-and-rice/,1
smittenkitchen:1,What's the recipe for miso chicken and rice?,smittenkitchen,crawlee,3,https://smittenkitchen.com/2026/02/miso-chicken-and-rice/,0.6242691336822793,true,miso-chicken-and-rice,https://smittenkitchen.com/2026/02/miso-chicken-and-rice/,1
smittenkitchen:1,What's the recipe for miso chicken and rice?,smittenkitchen,crawlee,4,https://smittenkitchen.com/2026/02/miso-chicken-and-rice/,0.6165855671303276,true,miso-chicken-and-rice,https://smittenkitchen.com/2026/02/miso-chicken-and-rice/,1
smittenkitchen:1,What's the recipe for miso chicken and rice?,smittenkitchen,crawlee,5,https://smittenkitchen.com/2026/02/miso-chicken-and-rice/,0.6089917421768625,true,miso-chicken-and-rice,https://smittenkitchen.com/2026/02/miso-chicken-and-rice/,1
smittenkitchen:2,How do I make ultimate banana bread?,smittenkitchen,crawlee,1,https://smittenkitchen.com/2020/03/ultimate-banana-bread/,0.7198698235732799,true,ultimate-banana-bread,https://smittenkitchen.com/2020/03/ultimate-banana-bread/,1
smittenkitchen:2,How do I make ultimate banana bread?,smittenkitchen,crawlee,2,https://smittenkitchen.com/2020/03/ultimate-banana-bread/,0.6757405295191885,true,ultimate-banana-bread,https://smittenkitchen.com/2020/03/ultimate-banana-bread/,1
smittenkitchen:2,How do I make ultimate banana bread?,smittenkitchen,crawlee,3,https://smittenkitchen.com/2020/03/ultimate-banana-bread/,0.6727495662026198,true,ultimate-banana-bread,https://smittenkitchen.com/2020/03/ultimate-banana-bread/,1
smittenkitchen:2,How do I make ultimate banana bread?,smittenkitchen,crawlee,4,https://smittenkitchen.com/2020/03/ultimate-banana-bread/,0.6597911069217668,true,ultimate-banana-bread,https://smittenkitchen.com/2020/03/ultimate-banana-bread/,1
smittenkitchen:2,How do I make ultimate banana bread?,smittenkitchen,crawlee,5,https://smittenkitchen.com/2020/03/ultimate-banana-bread/,0.6590443456403027,true,ultimate-banana-bread,https://smittenkitchen.com/2020/03/ultimate-banana-bread/,1
smittenkitchen:3,What's the skillet-baked macaroni and cheese recipe?,smittenkitchen,crawlee,1,https://smittenkitchen.com/?random&timestamp=1777919490717,0.41987123267779164,false,skillet-baked-macaroni-and-cheese,https://smittenkitchen.com/?timestamp=1777919490717,1
smittenkitchen:3,What's the skillet-baked macaroni and cheese recipe?,smittenkitchen,crawlee,2,https://smittenkitchen.com/./recipes/ingredient/cheese/?format=photo,0.41500526795890347,false,skillet-baked-macaroni-and-cheese,https://smittenkitchen.com/./recipes/ingredient/cheese/?format=photo,2
smittenkitchen:3,What's the skillet-baked macaroni and cheese recipe?,smittenkitchen,crawlee,3,https://smittenkitchen.com/2025/05/one-pan-ditalini-and-peas/,0.40327453051754203,false,skillet-baked-macaroni-and-cheese,https://smittenkitchen.com/2025/05/one-pan-ditalini-and-peas/,3
smittenkitchen:3,What's the skillet-baked macaroni and cheese recipe?,smittenkitchen,crawlee,4,https://smittenkitchen.com/./recipes/method/casserole/?format=photo,0.38845509293537106,false,skillet-baked-macaroni-and-cheese,https://smittenkitchen.com/./recipes/method/casserole/?format=photo,4
smittenkitchen:3,What's the skillet-baked macaroni and cheese recipe?,smittenkitchen,crawlee,5,https://smittenkitchen.com/./recipes/course/pasta/?format=photo,0.3870739900443515,false,skillet-baked-macaroni-and-cheese,https://smittenkitchen.com/./recipes/course/pasta/?format=photo,5
smittenkitchen:4,What vegan recipes are available on Smitten Kitchen?,smittenkitchen,crawlee,1,https://smittenkitchen.com/./recipes/diet/vegan/?format=photo,0.6060203078572242,true,diet/vegan,https://smittenkitchen.com/./recipes/diet/vegan/?format=photo,1
smittenkitchen:4,What vegan recipes are available on Smitten Kitchen?,smittenkitchen,crawlee,2,https://smittenkitchen.com/./recipes/ingredient/pantry/?format=photo,0.5987734844335638,false,diet/vegan,https://smittenkitchen.com/./recipes/ingredient/pantry/?format=photo,2
smittenkitchen:4,What vegan recipes are available on Smitten Kitchen?,smittenkitchen,crawlee,3,https://smittenkitchen.com/about/,0.5976837755765979,false,diet/vegan,https://smittenkitchen.com/about/,3
smittenkitchen:4,What vegan recipes are available on Smitten Kitchen?,smittenkitchen,crawlee,4,https://smittenkitchen.com/./recipes/diet/dairy-free/?format=photo,0.5941113103613016,false,diet/vegan,https://smittenkitchen.com/./recipes/diet/dairy-free/?format=photo,4
smittenkitchen:4,What vegan recipes are available on Smitten Kitchen?,smittenkitchen,crawlee,5,https://smittenkitchen.com/./recipes/ingredient/tofu/?format=photo,0.592301825248473,false,diet/vegan,https://smittenkitchen.com/./recipes/ingredient/tofu/?format=photo,5
smittenkitchen:5,Show me cookie recipes,smittenkitchen,crawlee,1,https://smittenkitchen.com/?random&timestamp=1777919490717,0.5237688151452307,false,sweets/cookie,https://smittenkitchen.com/?timestamp=1777919490717,1
smittenkitchen:5,Show me cookie recipes,smittenkitchen,crawlee,2,https://smittenkitchen.com/?random&timestamp=1777919490717,0.5078365889536105,false,sweets/cookie,https://smittenkitchen.com/?timestamp=1777919490717,1
smittenkitchen:5,Show me cookie recipes,smittenkitchen,crawlee,3,https://smittenkitchen.com/?random&timestamp=1777919490717,0.5076110492941277,false,sweets/cookie,https://smittenkitchen.com/?timestamp=1777919490717,1
smittenkitchen:5,Show me cookie recipes,smittenkitchen,crawlee,4,https://smittenkitchen.com/?random&timestamp=1777919490717,0.5045211229146802,false,sweets/cookie,https://smittenkitchen.com/?timestamp=1777919490717,1
smittenkitchen:5,Show me cookie recipes,smittenkitchen,crawlee,5,https://smittenkitchen.com/?random&timestamp=1777919490717,0.5042650195298581,false,sweets/cookie,https://smittenkitchen.com/?timestamp=1777919490717,1
smittenkitchen:6,How do you make pumpkin basque cheesecake?,smittenkitchen,crawlee,1,https://smittenkitchen.com/2020/03/ultimate-banana-bread/,0.4192751787823024,false,pumpkin-basque-cheesecake,https://smittenkitchen.com/2020/03/ultimate-banana-bread/,1
smittenkitchen:6,How do you make pumpkin basque cheesecake?,smittenkitchen,crawlee,2,https://smittenkitchen.com/2020/03/ultimate-banana-bread/,0.40405235847378473,false,pumpkin-basque-cheesecake,https://smittenkitchen.com/2020/03/ultimate-banana-bread/,1
smittenkitchen:6,How do you make pumpkin basque cheesecake?,smittenkitchen,crawlee,3,https://smittenkitchen.com/2020/03/ultimate-banana-bread/,0.40352771182875447,false,pumpkin-basque-cheesecake,https://smittenkitchen.com/2020/03/ultimate-banana-bread/,1
smittenkitchen:6,How do you make pumpkin basque cheesecake?,smittenkitchen,crawlee,4,https://smittenkitchen.com/2020/03/ultimate-banana-bread/,0.399993417739916,false,pumpkin-basque-cheesecake,https://smittenkitchen.com/2020/03/ultimate-banana-bread/,1
smittenkitchen:6,How do you make pumpkin basque cheesecake?,smittenkitchen,crawlee,5,https://smittenkitchen.com/2008/04/lemon-yogurt-anything-cake/,0.39915585878521337,false,pumpkin-basque-cheesecake,https://smittenkitchen.com/2008/04/lemon-yogurt-anything-cake/,2
smittenkitchen:7,What recipes are good for winter?,smittenkitchen,crawlee,1,https://smittenkitchen.com/,0.5265506409431048,false,season/winter,https://smittenkitchen.com/,1
smittenkitchen:7,What recipes are good for winter?,smittenkitchen,crawlee,2,https://smittenkitchen.com/./recipes/season/winter/?format=photo,0.4786696016477161,true,season/winter,https://smittenkitchen.com/./recipes/season/winter/?format=photo,2
smittenkitchen:7,What recipes are good for winter?,smittenkitchen,crawlee,3,https://smittenkitchen.com/2026/02/miso-chicken-and-rice/,0.4763217197040191,false,season/winter,https://smittenkitchen.com/2026/02/miso-chicken-and-rice/,3
smittenkitchen:7,What recipes are good for winter?,smittenkitchen,crawlee,4,https://smittenkitchen.com/,0.4670638925089978,false,season/winter,https://smittenkitchen.com/,1
smittenkitchen:7,What recipes are good for winter?,smittenkitchen,crawlee,5,https://smittenkitchen.com/./recipes/method/freezer-friendly/?format=photo,0.45992731452626123,false,season/winter,https://smittenkitchen.com/./recipes/method/freezer-friendly/?format=photo,4
smittenkitchen:0,How do you make world peace cookies?,smittenkitchen,colly+md,1,https://smittenkitchen.com/2022/04/lemon-cream-meringues/,0.36570311840583597,false,world-peace-cookies,https://smittenkitchen.com/2022/04/lemon-cream-meringues/,1
smittenkitchen:0,How do you make world peace cookies?,smittenkitchen,colly+md,2,https://smittenkitchen.com/2025/05/one-pan-ditalini-and-peas/,0.360093164131393,false,world-peace-cookies,https://smittenkitchen.com/2025/05/one-pan-ditalini-and-peas/,2
smittenkitchen:0,How do you make world peace cookies?,smittenkitchen,colly+md,3,https://smittenkitchen.com/2022/03/castle-breakfast/,0.3589279029355958,false,world-peace-cookies,https://smittenkitchen.com/2022/03/castle-breakfast/,3
smittenkitchen:0,How do you make world peace cookies?,smittenkitchen,colly+md,4,https://smittenkitchen.com/2022/04/lemon-cream-meringues/,0.35471396656080145,false,world-peace-cookies,https://smittenkitchen.com/2022/04/lemon-cream-meringues/,1
smittenkitchen:0,How do you make world peace cookies?,smittenkitchen,colly+md,5,https://smittenkitchen.com/2022/03/castle-breakfast/,0.35334384798054647,false,world-peace-cookies,https://smittenkitchen.com/2022/03/castle-breakfast/,3
smittenkitchen:1,What's the recipe for miso chicken and rice?,smittenkitchen,colly+md,1,https://smittenkitchen.com/2026/02/miso-chicken-and-rice/#comments,0.6360228774177308,true,miso-chicken-and-rice,https://smittenkitchen.com/2026/02/miso-chicken-and-rice/,1
smittenkitchen:1,What's the recipe for miso chicken and rice?,smittenkitchen,colly+md,2,https://smittenkitchen.com/2026/02/miso-chicken-and-rice/,0.6360127069728729,true,miso-chicken-and-rice,https://smittenkitchen.com/2026/02/miso-chicken-and-rice/,1
smittenkitchen:1,What's the recipe for miso chicken and rice?,smittenkitchen,colly+md,3,https://smittenkitchen.com/2026/02/miso-chicken-and-rice/,0.6146492046083398,true,miso-chicken-and-rice,https://smittenkitchen.com/2026/02/miso-chicken-and-rice/,1
smittenkitchen:1,What's the recipe for miso chicken and rice?,smittenkitchen,colly+md,4,https://smittenkitchen.com/2026/02/miso-chicken-and-rice/#comments,0.6146492046083398,true,miso-chicken-and-rice,https://smittenkitchen.com/2026/02/miso-chicken-and-rice/,1
smittenkitchen:1,What's the recipe for miso chicken and rice?,smittenkitchen,colly+md,5,https://smittenkitchen.com/2026/02/miso-chicken-and-rice/,0.6089917421768625,true,miso-chicken-and-rice,https://smittenkitchen.com/2026/02/miso-chicken-and-rice/,1
smittenkitchen:2,How do I make ultimate banana bread?,smittenkitchen,colly+md,1,https://smittenkitchen.com/2020/03/ultimate-banana-bread/,0.7198698235732799,true,ultimate-banana-bread,https://smittenkitchen.com/2020/03/ultimate-banana-bread/,1
smittenkitchen:2,How do I make ultimate banana bread?,smittenkitchen,colly+md,2,https://smittenkitchen.com/2020/03/ultimate-banana-bread/,0.6785885143748696,true,ultimate-banana-bread,https://smittenkitchen.com/2020/03/ultimate-banana-bread/,1
smittenkitchen:2,How do I make ultimate banana bread?,smittenkitchen,colly+md,3,https://smittenkitchen.com/2020/03/ultimate-banana-bread/,0.6752374790563366,true,ultimate-banana-bread,https://smittenkitchen.com/2020/03/ultimate-banana-bread/,1
smittenkitchen:2,How do I make ultimate banana bread?,smittenkitchen,colly+md,4,https://smittenkitchen.com/2020/03/ultimate-banana-bread/,0.6597911069217668,true,ultimate-banana-bread,https://smittenkitchen.com/2020/03/ultimate-banana-bread/,1
smittenkitchen:2,How do I make ultimate banana bread?,smittenkitchen,colly+md,5,https://smittenkitchen.com/2020/03/ultimate-banana-bread/,0.6590443456403027,true,ultimate-banana-bread,https://smittenkitchen.com/2020/03/ultimate-banana-bread/,1
smittenkitchen:3,What's the skillet-baked macaroni and cheese recipe?,smittenkitchen,colly+md,1,https://smittenkitchen.com/recipes/ingredient/cheese/?format=photo,0.3913363375125481,false,skillet-baked-macaroni-and-cheese,https://smittenkitchen.com/recipes/ingredient/cheese/?format=photo,1
smittenkitchen:3,What's the skillet-baked macaroni and cheese recipe?,smittenkitchen,colly+md,2,https://smittenkitchen.com/2026/01/simple-crispy-pan-pizza/#comments,0.39017650304308665,false,skillet-baked-macaroni-and-cheese,https://smittenkitchen.com/2026/01/simple-crispy-pan-pizza/,2
smittenkitchen:3,What's the skillet-baked macaroni and cheese recipe?,smittenkitchen,colly+md,3,https://smittenkitchen.com/2026/01/simple-crispy-pan-pizza/,0.39017650304308665,false,skillet-baked-macaroni-and-cheese,https://smittenkitchen.com/2026/01/simple-crispy-pan-pizza/,2
smittenkitchen:3,What's the skillet-baked macaroni and cheese recipe?,smittenkitchen,colly+md,4,https://smittenkitchen.com/2026/01/simple-crispy-pan-pizza/#comments,0.38883854554373853,false,skillet-baked-macaroni-and-cheese,https://smittenkitchen.com/2026/01/simple-crispy-pan-pizza/,2
smittenkitchen:3,What's the skillet-baked macaroni and cheese recipe?,smittenkitchen,colly+md,5,https://smittenkitchen.com/2026/01/simple-crispy-pan-pizza/,0.38883854554373853,false,skillet-baked-macaroni-and-cheese,https://smittenkitchen.com/2026/01/simple-crispy-pan-pizza/,2
smittenkitchen:4,What vegan recipes are available on Smitten Kitchen?,smittenkitchen,colly+md,1,https://smittenkitchen.com/recipes/diet/vegan/?format=photo,0.6332433699950107,true,diet/vegan,https://smittenkitchen.com/recipes/diet/vegan/?format=photo,1
smittenkitchen:4,What vegan recipes are available on Smitten Kitchen?,smittenkitchen,colly+md,2,https://smittenkitchen.com/recipes/diet/vegetarian/?format=photo,0.6111376808152916,false,diet/vegan,https://smittenkitchen.com/recipes/diet/vegetarian/?format=photo,2
smittenkitchen:4,What vegan recipes are available on Smitten Kitchen?,smittenkitchen,colly+md,3,https://smittenkitchen.com/recipes/diet/vegetarian/,0.6111376808152916,false,diet/vegan,https://smittenkitchen.com/recipes/diet/vegetarian/,3
smittenkitchen:4,What vegan recipes are available on Smitten Kitchen?,smittenkitchen,colly+md,4,https://smittenkitchen.com/recipes/diet/dairy-free/,0.6004855277483121,false,diet/vegan,https://smittenkitchen.com/recipes/diet/dairy-free/,4
smittenkitchen:4,What vegan recipes are available on Smitten Kitchen?,smittenkitchen,colly+md,5,https://smittenkitchen.com/recipes/diet/dairy-free/?format=photo,0.6004773274084524,false,diet/vegan,https://smittenkitchen.com/recipes/diet/dairy-free/?format=photo,5
smittenkitchen:5,Show me cookie recipes,smittenkitchen,colly+md,1,https://smittenkitchen.com/2022/03/castle-breakfast/,0.5071899008097458,false,sweets/cookie,https://smittenkitchen.com/2022/03/castle-breakfast/,1
smittenkitchen:5,Show me cookie recipes,smittenkitchen,colly+md,2,https://smittenkitchen.com/2022/03/castle-breakfast/,0.4913457325507657,false,sweets/cookie,https://smittenkitchen.com/2022/03/castle-breakfast/,1
smittenkitchen:5,Show me cookie recipes,smittenkitchen,colly+md,3,https://smittenkitchen.com/2026/02/banana-chocolate-chip-cake/#comments,0.4909512720506166,false,sweets/cookie,https://smittenkitchen.com/2026/02/banana-chocolate-chip-cake/,2
smittenkitchen:5,Show me cookie recipes,smittenkitchen,colly+md,4,https://smittenkitchen.com/2026/02/banana-chocolate-chip-cake/,0.49091342277799604,false,sweets/cookie,https://smittenkitchen.com/2026/02/banana-chocolate-chip-cake/,2
smittenkitchen:5,Show me cookie recipes,smittenkitchen,colly+md,5,https://smittenkitchen.com/2022/04/lemon-cream-meringues/,0.48691218541893283,false,sweets/cookie,https://smittenkitchen.com/2022/04/lemon-cream-meringues/,3
smittenkitchen:6,How do you make pumpkin basque cheesecake?,smittenkitchen,colly+md,1,https://smittenkitchen.com/recipes/vegetable/winter-squash/pumpkin/?format=photo,0.4770485181027607,false,pumpkin-basque-cheesecake,https://smittenkitchen.com/recipes/vegetable/winter-squash/pumpkin/?format=photo,1
smittenkitchen:6,How do you make pumpkin basque cheesecake?,smittenkitchen,colly+md,2,https://smittenkitchen.com/2025/12/winter-cabbage-salad-with-mandarins-and-cashews,0.4741926922686626,false,pumpkin-basque-cheesecake,https://smittenkitchen.com/2025/12/winter-cabbage-salad-with-mandarins-and-cashews,2
smittenkitchen:6,How do you make pumpkin basque cheesecake?,smittenkitchen,colly+md,3,https://smittenkitchen.com/2020/03/ultimate-banana-bread/,0.4192751787823024,false,pumpkin-basque-cheesecake,https://smittenkitchen.com/2020/03/ultimate-banana-bread/,3
smittenkitchen:6,How do you make pumpkin basque cheesecake?,smittenkitchen,colly+md,4,https://smittenkitchen.com/recipes/vegetable/winter-squash/?format=photo,0.4168632992555097,false,pumpkin-basque-cheesecake,https://smittenkitchen.com/recipes/vegetable/winter-squash/?format=photo,4
smittenkitchen:6,How do you make pumpkin basque cheesecake?,smittenkitchen,colly+md,5,https://smittenkitchen.com/2020/03/ultimate-banana-bread/,0.4094984786989512,false,pumpkin-basque-cheesecake,https://smittenkitchen.com/2020/03/ultimate-banana-bread/,3
smittenkitchen:7,What recipes are good for winter?,smittenkitchen,colly+md,1,https://smittenkitchen.com/,0.5265506409431048,false,season/winter,https://smittenkitchen.com/,1
smittenkitchen:7,What recipes are good for winter?,smittenkitchen,colly+md,2,https://smittenkitchen.com/recipes/season/winter/?format=photo,0.5083769148997354,true,season/winter,https://smittenkitchen.com/recipes/season/winter/?format=photo,2
smittenkitchen:7,What recipes are good for winter?,smittenkitchen,colly+md,3,https://smittenkitchen.com/recipes/vegetable/winter-squash/?format=photo,0.5013600784175846,true,season/winter,https://smittenkitchen.com/recipes/vegetable/winter-squash/?format=photo,3
smittenkitchen:7,What recipes are good for winter?,smittenkitchen,colly+md,4,https://smittenkitchen.com/recipes/method/freezer-friendly/?format=photo,0.4748673123771314,false,season/winter,https://smittenkitchen.com/recipes/method/freezer-friendly/?format=photo,4
smittenkitchen:7,What recipes are good for winter?,smittenkitchen,colly+md,5,https://smittenkitchen.com/recipes/holiday/hanukkah/?format=photo,0.4744766620086421,false,season/winter,https://smittenkitchen.com/recipes/holiday/hanukkah/?format=photo,5
smittenkitchen:0,How do you make world peace cookies?,smittenkitchen,playwright,1,https://smittenkitchen.com/events/,0.3462225858160813,false,world-peace-cookies,https://smittenkitchen.com/events/,1
smittenkitchen:0,How do you make world peace cookies?,smittenkitchen,playwright,2,https://smittenkitchen.com/events/,0.32969159087543487,false,world-peace-cookies,https://smittenkitchen.com/events/,1
smittenkitchen:0,How do you make world peace cookies?,smittenkitchen,playwright,3,https://smittenkitchen.com/about/faq/,0.32844128013351453,false,world-peace-cookies,https://smittenkitchen.com/about/faq/,2
smittenkitchen:0,How do you make world peace cookies?,smittenkitchen,playwright,4,https://smittenkitchen.com/?random&timestamp=1777948695303,0.3189940815710398,false,world-peace-cookies,https://smittenkitchen.com/?timestamp=1777948695303,3
smittenkitchen:0,How do you make world peace cookies?,smittenkitchen,playwright,5,https://smittenkitchen.com/travel/debs-new-york/,0.31259381011709364,false,world-peace-cookies,https://smittenkitchen.com/travel/debs-new-york/,4
smittenkitchen:1,What's the recipe for miso chicken and rice?,smittenkitchen,playwright,1,https://smittenkitchen.com/recipes/ingredient/grain/?format=photo,0.43129076221106183,false,miso-chicken-and-rice,https://smittenkitchen.com/recipes/ingredient/grain/?format=photo,1
smittenkitchen:1,What's the recipe for miso chicken and rice?,smittenkitchen,playwright,2,https://smittenkitchen.com/recipes/ingredient/meat/chicken/?format=photo,0.43023212945608724,false,miso-chicken-and-rice,https://smittenkitchen.com/recipes/ingredient/meat/chicken/?format=photo,2
smittenkitchen:1,What's the recipe for miso chicken and rice?,smittenkitchen,playwright,3,https://smittenkitchen.com/,0.4162070637284539,false,miso-chicken-and-rice,https://smittenkitchen.com/,3
smittenkitchen:1,What's the recipe for miso chicken and rice?,smittenkitchen,playwright,4,https://smittenkitchen.com/recipes/vegetable/mushrooms/?format=photo,0.3665280128537207,false,miso-chicken-and-rice,https://smittenkitchen.com/recipes/vegetable/mushrooms/?format=photo,4
smittenkitchen:1,What's the recipe for miso chicken and rice?,smittenkitchen,playwright,5,https://smittenkitchen.com/recipes/ingredient/meat/?format=photo,0.3591625781066631,false,miso-chicken-and-rice,https://smittenkitchen.com/recipes/ingredient/meat/?format=photo,5
smittenkitchen:2,How do I make ultimate banana bread?,smittenkitchen,playwright,1,https://smittenkitchen.com/recipes/fruit/bananas/?format=photo,0.42691043077282775,false,ultimate-banana-bread,https://smittenkitchen.com/recipes/fruit/bananas/?format=photo,1
smittenkitchen:2,How do I make ultimate banana bread?,smittenkitchen,playwright,2,https://smittenkitchen.com/recipes/course/muffin/?format=photo,0.36290190830548774,false,ultimate-banana-bread,https://smittenkitchen.com/recipes/course/muffin/?format=photo,2
smittenkitchen:2,How do I make ultimate banana bread?,smittenkitchen,playwright,3,https://smittenkitchen.com/recipes/sweets/everyday-cakes/?format=photo,0.34216487666731177,false,ultimate-banana-bread,https://smittenkitchen.com/recipes/sweets/everyday-cakes/?format=photo,3
smittenkitchen:2,How do I make ultimate banana bread?,smittenkitchen,playwright,4,https://smittenkitchen.com/recipes/sweets/cake/?format=photo,0.32646863909081447,false,ultimate-banana-bread,https://smittenkitchen.com/recipes/sweets/cake/?format=photo,4
smittenkitchen:2,How do I make ultimate banana bread?,smittenkitchen,playwright,5,https://smittenkitchen.com/about/faq/,0.32337324316227023,false,ultimate-banana-bread,https://smittenkitchen.com/about/faq/,5
smittenkitchen:3,What's the skillet-baked macaroni and cheese recipe?,smittenkitchen,playwright,1,https://smittenkitchen.com/recipes/ingredient/cheese/?format=photo,0.39312122463052374,false,skillet-baked-macaroni-and-cheese,https://smittenkitchen.com/recipes/ingredient/cheese/?format=photo,1
smittenkitchen:3,What's the skillet-baked macaroni and cheese recipe?,smittenkitchen,playwright,2,https://smittenkitchen.com/recipes/course/pasta/?format=photo,0.38510266388392006,false,skillet-baked-macaroni-and-cheese,https://smittenkitchen.com/recipes/course/pasta/?format=photo,2
smittenkitchen:3,What's the skillet-baked macaroni and cheese recipe?,smittenkitchen,playwright,3,https://smittenkitchen.com/recipes/method/casserole/?format=photo,0.368074369949135,false,skillet-baked-macaroni-and-cheese,https://smittenkitchen.com/recipes/method/casserole/?format=photo,3
smittenkitchen:3,What's the skillet-baked macaroni and cheese recipe?,smittenkitchen,playwright,4,https://smittenkitchen.com/recipes/kid-favorites/?format=photo,0.3644106683585965,false,skillet-baked-macaroni-and-cheese,https://smittenkitchen.com/recipes/kid-favorites/?format=photo,4
smittenkitchen:3,What's the skillet-baked macaroni and cheese recipe?,smittenkitchen,playwright,5,https://smittenkitchen.com/,0.3565015822380041,false,skillet-baked-macaroni-and-cheese,https://smittenkitchen.com/,5
smittenkitchen:4,What vegan recipes are available on Smitten Kitchen?,smittenkitchen,playwright,1,https://smittenkitchen.com/recipes/diet/vegan/?format=photo,0.6290574063784847,true,diet/vegan,https://smittenkitchen.com/recipes/diet/vegan/?format=photo,1
smittenkitchen:4,What vegan recipes are available on Smitten Kitchen?,smittenkitchen,playwright,2,https://smittenkitchen.com/recipes/diet/vegetarian/?format=photo,0.6082612469172727,false,diet/vegan,https://smittenkitchen.com/recipes/diet/vegetarian/?format=photo,2
smittenkitchen:4,What vegan recipes are available on Smitten Kitchen?,smittenkitchen,playwright,3,https://smittenkitchen.com/recipes/ingredient/tofu/?format=photo,0.5985052316210558,false,diet/vegan,https://smittenkitchen.com/recipes/ingredient/tofu/?format=photo,3
smittenkitchen:4,What vegan recipes are available on Smitten Kitchen?,smittenkitchen,playwright,4,https://smittenkitchen.com/about/,0.5975961202828511,false,diet/vegan,https://smittenkitchen.com/about/,4
smittenkitchen:4,What vegan recipes are available on Smitten Kitchen?,smittenkitchen,playwright,5,https://smittenkitchen.com/recipes/diet/dairy-free/?format=photo,0.5975482913235809,false,diet/vegan,https://smittenkitchen.com/recipes/diet/dairy-free/?format=photo,5
smittenkitchen:5,Show me cookie recipes,smittenkitchen,playwright,1,https://smittenkitchen.com/recipes/sweets/cookie/?format=photo,0.4860945664515717,true,sweets/cookie,https://smittenkitchen.com/recipes/sweets/cookie/?format=photo,1
smittenkitchen:5,Show me cookie recipes,smittenkitchen,playwright,2,https://smittenkitchen.com/recipes/holiday/food-gifts/?format=photo,0.44820417878929597,false,sweets/cookie,https://smittenkitchen.com/recipes/holiday/food-gifts/?format=photo,2
smittenkitchen:5,Show me cookie recipes,smittenkitchen,playwright,3,https://smittenkitchen.com/recipes/sweets/cake/?format=photo,0.4453449743137656,false,sweets/cookie,https://smittenkitchen.com/recipes/sweets/cake/?format=photo,3
smittenkitchen:5,Show me cookie recipes,smittenkitchen,playwright,4,https://smittenkitchen.com/recipes/sweets/candy/?format=photo,0.44072597812072656,false,sweets/cookie,https://smittenkitchen.com/recipes/sweets/candy/?format=photo,4
smittenkitchen:5,Show me cookie recipes,smittenkitchen,playwright,5,https://smittenkitchen.com/recipes/sweets/sweet-projects/?format=photo,0.4373858998223901,false,sweets/cookie,https://smittenkitchen.com/recipes/sweets/sweet-projects/?format=photo,5
smittenkitchen:6,How do you make pumpkin basque cheesecake?,smittenkitchen,playwright,1,https://smittenkitchen.com/recipes/holiday/thanksgiving/?format=photo,0.394385144095875,false,pumpkin-basque-cheesecake,https://smittenkitchen.com/recipes/holiday/thanksgiving/?format=photo,1
smittenkitchen:6,How do you make pumpkin basque cheesecake?,smittenkitchen,playwright,2,https://smittenkitchen.com/recipes/season/fall/?format=photo,0.3781776136847598,false,pumpkin-basque-cheesecake,https://smittenkitchen.com/recipes/season/fall/?format=photo,2
smittenkitchen:6,How do you make pumpkin basque cheesecake?,smittenkitchen,playwright,3,https://smittenkitchen.com/recipes/sweets/cake/?format=photo,0.3669793659901399,false,pumpkin-basque-cheesecake,https://smittenkitchen.com/recipes/sweets/cake/?format=photo,3
smittenkitchen:6,How do you make pumpkin basque cheesecake?,smittenkitchen,playwright,4,https://smittenkitchen.com/,0.363680697884041,false,pumpkin-basque-cheesecake,https://smittenkitchen.com/,4
smittenkitchen:6,How do you make pumpkin basque cheesecake?,smittenkitchen,playwright,5,https://smittenkitchen.com/recipes/sweets/pudding/?format=photo,0.3310427785937934,false,pumpkin-basque-cheesecake,https://smittenkitchen.com/recipes/sweets/pudding/?format=photo,5
smittenkitchen:7,What recipes are good for winter?,smittenkitchen,playwright,1,https://smittenkitchen.com/,0.5265506409431048,false,season/winter,https://smittenkitchen.com/,1
smittenkitchen:7,What recipes are good for winter?,smittenkitchen,playwright,2,https://smittenkitchen.com/recipes/season/winter/?format=photo,0.5097176903567805,true,season/winter,https://smittenkitchen.com/recipes/season/winter/?format=photo,2
smittenkitchen:7,What recipes are good for winter?,smittenkitchen,playwright,3,https://smittenkitchen.com/recipes/method/freezer-friendly/?format=photo,0.4757613672575151,false,season/winter,https://smittenkitchen.com/recipes/method/freezer-friendly/?format=photo,3
smittenkitchen:7,What recipes are good for winter?,smittenkitchen,playwright,4,https://smittenkitchen.com/recipes/holiday/hanukkah/?format=photo,0.47397281532185065,false,season/winter,https://smittenkitchen.com/recipes/holiday/hanukkah/?format=photo,4
smittenkitchen:7,What recipes are good for winter?,smittenkitchen,playwright,5,https://smittenkitchen.com/recipes,0.47071134906057893,false,season/winter,https://smittenkitchen.com/recipes,5
ikea:0,How much does the MALM bed frame cost at IKEA?,ikea,markcrawl,1,https://www.ikea.com/us/en/customer-service/product-support/recalls/ikea-chest-and-dresser-safety-recall-pub4b96e3c0/,0.5315572948224582,false,malm-bed-frame,https://www.ikea.com/us/en/customer-service/product-support/recalls/ikea-chest-and-dresser-safety-recall-pub4b96e3c0/,1
ikea:0,How much does the MALM bed frame cost at IKEA?,ikea,markcrawl,2,https://www.ikea.com/us/en/rooms/bedroom/,0.519290655237136,false,malm-bed-frame,https://www.ikea.com/us/en/rooms/bedroom/,2
ikea:0,How much does the MALM bed frame cost at IKEA?,ikea,markcrawl,3,https://www.ikea.com/us/en/customer-service/product-support/recalls/ikea-chest-and-dresser-safety-recall-pub4b96e3c0/,0.5138072809355487,false,malm-bed-frame,https://www.ikea.com/us/en/customer-service/product-support/recalls/ikea-chest-and-dresser-safety-recall-pub4b96e3c0/,1
ikea:0,How much does the MALM bed frame cost at IKEA?,ikea,markcrawl,4,https://www.ikea.com/us/en/,0.5036658095297953,false,malm-bed-frame,https://www.ikea.com/us/en/,3
ikea:0,How much does the MALM bed frame cost at IKEA?,ikea,markcrawl,5,https://www.ikea.com/us/en/p/stockholm-mirror-walnut-veneer-20503793/,0.4912229454939267,false,malm-bed-frame,https://www.ikea.com/us/en/p/stockholm-mirror-walnut-veneer-20503793/,4
ikea:1,What's the price of the SLATTUM upholstered bed frame?,ikea,markcrawl,1,https://www.ikea.com/us/en/p/saltsjoebaden-3-seat-sofa-tonerud-gray-s29627529/,0.4789006886359632,false,slattum-upholstered-bed,https://www.ikea.com/us/en/p/saltsjoebaden-3-seat-sofa-tonerud-gray-s29627529/,1
ikea:1,What's the price of the SLATTUM upholstered bed frame?,ikea,markcrawl,2,https://www.ikea.com/us/en/p/saltsjoebaden-3-seat-sofa-tonerud-gray-s29627529/,0.4756003440909681,false,slattum-upholstered-bed,https://www.ikea.com/us/en/p/saltsjoebaden-3-seat-sofa-tonerud-gray-s29627529/,1
ikea:1,What's the price of the SLATTUM upholstered bed frame?,ikea,markcrawl,3,https://www.ikea.com/us/en/p/stockholm-2025-bench-with-pad-s29606819/,0.47261789069461013,false,slattum-upholstered-bed,https://www.ikea.com/us/en/p/stockholm-2025-bench-with-pad-s29606819/,2
ikea:1,What's the price of the SLATTUM upholstered bed frame?,ikea,markcrawl,4,https://www.ikea.com/us/en/p/saltsjoebaden-3-seat-sofa-tonerud-gray-s29627529/,0.4721689935205619,false,slattum-upholstered-bed,https://www.ikea.com/us/en/p/saltsjoebaden-3-seat-sofa-tonerud-gray-s29627529/,1
ikea:1,What's the price of the SLATTUM upholstered bed frame?,ikea,markcrawl,5,https://www.ikea.com/us/en/p/inndyr-storage-bench-nordvalla-dark-gray-black-90461214/,0.461286354173923,false,slattum-upholstered-bed,https://www.ikea.com/us/en/p/inndyr-storage-bench-nordvalla-dark-gray-black-90461214/,3
ikea:2,Tell me about the HEMNES 8-drawer dresser,ikea,markcrawl,1,https://www.ikea.com/us/en/p/storklinta-3-drawer-dresser-gray-green-anchor-unlock-function-80574645/,0.572508947254515,false,hemnes-8-drawer-dresser,https://www.ikea.com/us/en/p/storklinta-3-drawer-dresser-gray-green-anchor-unlock-function-80574645/,1
ikea:2,Tell me about the HEMNES 8-drawer dresser,ikea,markcrawl,2,https://www.ikea.com/us/en/p/storklinta-3-drawer-dresser-gray-green-anchor-unlock-function-80574645/,0.54146396250142,false,hemnes-8-drawer-dresser,https://www.ikea.com/us/en/p/storklinta-3-drawer-dresser-gray-green-anchor-unlock-function-80574645/,1
ikea:2,Tell me about the HEMNES 8-drawer dresser,ikea,markcrawl,3,https://www.ikea.com/us/en/p/hemnes-bench-gray-70349011/,0.5368479962809339,true,hemnes-8-drawer-dresser,https://www.ikea.com/us/en/p/hemnes-bench-gray-70349011/,2
ikea:2,Tell me about the HEMNES 8-drawer dresser,ikea,markcrawl,4,https://www.ikea.com/us/en/p/hemnes-bench-gray-70349011/,0.5363323095658615,true,hemnes-8-drawer-dresser,https://www.ikea.com/us/en/p/hemnes-bench-gray-70349011/,2
ikea:2,Tell me about the HEMNES 8-drawer dresser,ikea,markcrawl,5,https://www.ikea.com/us/en/customer-service/product-support/recalls/ikea-chest-and-dresser-safety-recall-pub4b96e3c0/,0.5264768508297216,false,hemnes-8-drawer-dresser,https://www.ikea.com/us/en/customer-service/product-support/recalls/ikea-chest-and-dresser-safety-recall-pub4b96e3c0/,3
ikea:3,What's the price of the RAST 3-drawer dresser?,ikea,markcrawl,1,https://www.ikea.com/us/en/p/storklinta-3-drawer-dresser-gray-green-anchor-unlock-function-80574645/,0.5434820868835755,false,rast-3-drawer-dresser,https://www.ikea.com/us/en/p/storklinta-3-drawer-dresser-gray-green-anchor-unlock-function-80574645/,1
ikea:3,What's the price of the RAST 3-drawer dresser?,ikea,markcrawl,2,https://www.ikea.com/us/en/p/storklinta-3-drawer-dresser-gray-green-anchor-unlock-function-80574645/,0.5042739897069203,false,rast-3-drawer-dresser,https://www.ikea.com/us/en/p/storklinta-3-drawer-dresser-gray-green-anchor-unlock-function-80574645/,1
ikea:3,What's the price of the RAST 3-drawer dresser?,ikea,markcrawl,3,https://www.ikea.com/us/en/p/storklinta-3-drawer-dresser-gray-green-anchor-unlock-function-80574645/,0.47806535867376654,false,rast-3-drawer-dresser,https://www.ikea.com/us/en/p/storklinta-3-drawer-dresser-gray-green-anchor-unlock-function-80574645/,1
ikea:3,What's the price of the RAST 3-drawer dresser?,ikea,markcrawl,4,https://www.ikea.com/us/en/cat/furniture-fu001/,0.4778254907496762,false,rast-3-drawer-dresser,https://www.ikea.com/us/en/cat/furniture-fu001/,2
ikea:3,What's the price of the RAST 3-drawer dresser?,ikea,markcrawl,5,https://www.ikea.com/us/en/cat/furniture-fu001/,0.47063510770120603,false,rast-3-drawer-dresser,https://www.ikea.com/us/en/cat/furniture-fu001/,2
ikea:4,What bed frames does IKEA sell?,ikea,markcrawl,1,https://www.ikea.com/us/en/,0.5701246149669694,false,cat/beds,https://www.ikea.com/us/en/,1
ikea:4,What bed frames does IKEA sell?,ikea,markcrawl,2,https://www.ikea.com/us/en/rooms/bedroom/,0.5350377814422139,false,cat/beds,https://www.ikea.com/us/en/rooms/bedroom/,2
ikea:4,What bed frames does IKEA sell?,ikea,markcrawl,3,https://www.ikea.com/us/en/cat/furniture-fu001/,0.5301968059718692,false,cat/beds,https://www.ikea.com/us/en/cat/furniture-fu001/,3
ikea:4,What bed frames does IKEA sell?,ikea,markcrawl,4,https://www.ikea.com/us/en/rooms/bedroom/,0.528682576180431,false,cat/beds,https://www.ikea.com/us/en/rooms/bedroom/,2
ikea:4,What bed frames does IKEA sell?,ikea,markcrawl,5,https://www.ikea.com/us/en/rooms/bedroom/,0.5204187874452435,false,cat/beds,https://www.ikea.com/us/en/rooms/bedroom/,2
ikea:5,Show me IKEA's sofa and armchair selection,ikea,markcrawl,1,https://www.ikea.com/us/en/rooms/living-room/,0.6787670595753813,false,cat/sofas-armchairs,https://www.ikea.com/us/en/rooms/living-room/,1
ikea:5,Show me IKEA's sofa and armchair selection,ikea,markcrawl,2,https://www.ikea.com/us/en/p/saltsjoebaden-3-seat-sofa-tonerud-gray-s29627529/,0.622827644539004,false,cat/sofas-armchairs,https://www.ikea.com/us/en/p/saltsjoebaden-3-seat-sofa-tonerud-gray-s29627529/,2
ikea:5,Show me IKEA's sofa and armchair selection,ikea,markcrawl,3,https://www.ikea.com/us/en/cat/furniture-fu001/,0.6046543399951452,false,cat/sofas-armchairs,https://www.ikea.com/us/en/cat/furniture-fu001/,3
ikea:5,Show me IKEA's sofa and armchair selection,ikea,markcrawl,4,https://www.ikea.com/us/en/rooms/living-room/,0.603803387314365,false,cat/sofas-armchairs,https://www.ikea.com/us/en/rooms/living-room/,1
ikea:5,Show me IKEA's sofa and armchair selection,ikea,markcrawl,5,https://www.ikea.com/us/en/rooms/living-room/,0.6032340951956597,false,cat/sofas-armchairs,https://www.ikea.com/us/en/rooms/living-room/,1
ikea:6,What dressers and storage drawers does IKEA offer?,ikea,markcrawl,1,https://www.ikea.com/us/en/cat/storage-organization-st001/,0.6734286823153849,false,cat/dressers-storage-drawers,https://www.ikea.com/us/en/cat/storage-organization-st001/,1
ikea:6,What dressers and storage drawers does IKEA offer?,ikea,markcrawl,2,https://www.ikea.com/us/en/cat/storage-organization-st001/,0.6286825606984368,false,cat/dressers-storage-drawers,https://www.ikea.com/us/en/cat/storage-organization-st001/,1
ikea:6,What dressers and storage drawers does IKEA offer?,ikea,markcrawl,3,https://www.ikea.com/us/en/cat/furniture-fu001/,0.6193437565786797,false,cat/dressers-storage-drawers,https://www.ikea.com/us/en/cat/furniture-fu001/,2
ikea:6,What dressers and storage drawers does IKEA offer?,ikea,markcrawl,4,https://www.ikea.com/us/en/cat/furniture-fu001/,0.6107230233558157,false,cat/dressers-storage-drawers,https://www.ikea.com/us/en/cat/furniture-fu001/,2
ikea:6,What dressers and storage drawers does IKEA offer?,ikea,markcrawl,5,https://www.ikea.com/us/en/cat/furniture-fu001/,0.5974063736957546,false,cat/dressers-storage-drawers,https://www.ikea.com/us/en/cat/furniture-fu001/,2
ikea:7,How much is the STOREMOLLA 8-drawer dresser at IKEA?,ikea,markcrawl,1,https://www.ikea.com/us/en/customer-service/product-support/recalls/ikea-chest-and-dresser-safety-recall-pub4b96e3c0/,0.560998840320109,false,storemolla-8-drawer-dresser,https://www.ikea.com/us/en/customer-service/product-support/recalls/ikea-chest-and-dresser-safety-recall-pub4b96e3c0/,1
ikea:7,How much is the STOREMOLLA 8-drawer dresser at IKEA?,ikea,markcrawl,2,https://www.ikea.com/us/en/customer-service/product-support/recalls/ikea-chest-and-dresser-safety-recall-pub4b96e3c0/,0.5346776571438654,false,storemolla-8-drawer-dresser,https://www.ikea.com/us/en/customer-service/product-support/recalls/ikea-chest-and-dresser-safety-recall-pub4b96e3c0/,1
ikea:7,How much is the STOREMOLLA 8-drawer dresser at IKEA?,ikea,markcrawl,3,https://www.ikea.com/us/en/p/storklinta-3-drawer-dresser-gray-green-anchor-unlock-function-80574645/,0.5344606887456363,false,storemolla-8-drawer-dresser,https://www.ikea.com/us/en/p/storklinta-3-drawer-dresser-gray-green-anchor-unlock-function-80574645/,2
ikea:7,How much is the STOREMOLLA 8-drawer dresser at IKEA?,ikea,markcrawl,4,https://www.ikea.com/us/en/p/storklinta-3-drawer-dresser-gray-green-anchor-unlock-function-80574645/,0.5227562940595106,false,storemolla-8-drawer-dresser,https://www.ikea.com/us/en/p/storklinta-3-drawer-dresser-gray-green-anchor-unlock-function-80574645/,2
ikea:7,How much is the STOREMOLLA 8-drawer dresser at IKEA?,ikea,markcrawl,5,https://www.ikea.com/us/en/p/gullaberg-storage-bench-white-80573957/,0.5131049907953186,false,storemolla-8-drawer-dresser,https://www.ikea.com/us/en/p/gullaberg-storage-bench-white-80573957/,3
ikea:0,How much does the MALM bed frame cost at IKEA?,ikea,crawl4ai,1,https://www.ikea.com/us/en/p/malm-high-bed-frame-2-storage-boxes-white-luroey-s09175986/,0.6504630496815104,false,malm-bed-frame,https://www.ikea.com/us/en/p/malm-high-bed-frame-2-storage-boxes-white-luroey-s09175986/,1
ikea:0,How much does the MALM bed frame cost at IKEA?,ikea,crawl4ai,2,https://www.ikea.com/us/en/p/malm-high-bed-frame-2-storage-boxes-white-luroey-s09175986/,0.6438241004288311,false,malm-bed-frame,https://www.ikea.com/us/en/p/malm-high-bed-frame-2-storage-boxes-white-luroey-s09175986/,1
ikea:0,How much does the MALM bed frame cost at IKEA?,ikea,crawl4ai,3,https://www.ikea.com/us/en/p/malm-high-bed-frame-2-storage-boxes-white-luroey-s09175986/,0.642382535943033,false,malm-bed-frame,https://www.ikea.com/us/en/p/malm-high-bed-frame-2-storage-boxes-white-luroey-s09175986/,1
ikea:0,How much does the MALM bed frame cost at IKEA?,ikea,crawl4ai,4,https://www.ikea.com/us/en/p/malm-high-bed-frame-2-storage-boxes-white-luroey-s09175986/,0.6112194027875245,false,malm-bed-frame,https://www.ikea.com/us/en/p/malm-high-bed-frame-2-storage-boxes-white-luroey-s09175986/,1
ikea:0,How much does the MALM bed frame cost at IKEA?,ikea,crawl4ai,5,https://www.ikea.com/us/en/cat/baby-kids-bc001/,0.60032854902792,false,malm-bed-frame,https://www.ikea.com/us/en/cat/baby-kids-bc001/,2
ikea:1,What's the price of the SLATTUM upholstered bed frame?,ikea,crawl4ai,1,https://www.ikea.com/us/en/cat/baby-kids-bc001/,0.6058234408806644,false,slattum-upholstered-bed,https://www.ikea.com/us/en/cat/baby-kids-bc001/,1
ikea:1,What's the price of the SLATTUM upholstered bed frame?,ikea,crawl4ai,2,https://www.ikea.com/us/en/p/malm-high-bed-frame-2-storage-boxes-white-luroey-s09175986/,0.5983859190152307,false,slattum-upholstered-bed,https://www.ikea.com/us/en/p/malm-high-bed-frame-2-storage-boxes-white-luroey-s09175986/,2
ikea:1,What's the price of the SLATTUM upholstered bed frame?,ikea,crawl4ai,3,https://www.ikea.com/us/en/p/malm-high-bed-frame-2-storage-boxes-white-luroey-s09175986/,0.5944731254887486,false,slattum-upholstered-bed,https://www.ikea.com/us/en/p/malm-high-bed-frame-2-storage-boxes-white-luroey-s09175986/,2
ikea:1,What's the price of the SLATTUM upholstered bed frame?,ikea,crawl4ai,4,https://www.ikea.com/us/en/p/malm-high-bed-frame-2-storage-boxes-white-luroey-s09175986/,0.5391148907974226,false,slattum-upholstered-bed,https://www.ikea.com/us/en/p/malm-high-bed-frame-2-storage-boxes-white-luroey-s09175986/,2
ikea:1,What's the price of the SLATTUM upholstered bed frame?,ikea,crawl4ai,5,https://www.ikea.com/us/en/p/malm-high-bed-frame-2-storage-boxes-white-luroey-s09175986/,0.52038904553586,false,slattum-upholstered-bed,https://www.ikea.com/us/en/p/malm-high-bed-frame-2-storage-boxes-white-luroey-s09175986/,2
ikea:2,Tell me about the HEMNES 8-drawer dresser,ikea,crawl4ai,1,https://www.ikea.com/us/en/cat/dressers-storage-drawers-st004/,0.6008709369596308,false,hemnes-8-drawer-dresser,https://www.ikea.com/us/en/cat/dressers-storage-drawers-st004/,1
ikea:2,Tell me about the HEMNES 8-drawer dresser,ikea,crawl4ai,2,https://www.ikea.com/us/en/cat/dressers-storage-drawers-st004/,0.5989352039617994,false,hemnes-8-drawer-dresser,https://www.ikea.com/us/en/cat/dressers-storage-drawers-st004/,1
ikea:2,Tell me about the HEMNES 8-drawer dresser,ikea,crawl4ai,3,https://www.ikea.com/us/en/p/storklinta-3-drawer-dresser-white-anchor-unlock-function-00559291/,0.5936027722782019,false,hemnes-8-drawer-dresser,https://www.ikea.com/us/en/p/storklinta-3-drawer-dresser-white-anchor-unlock-function-00559291/,2
ikea:2,Tell me about the HEMNES 8-drawer dresser,ikea,crawl4ai,4,https://www.ikea.com/us/en/p/storklinta-3-drawer-dresser-oak-effect-anchor-unlock-function-80559292/,0.591398236527415,false,hemnes-8-drawer-dresser,https://www.ikea.com/us/en/p/storklinta-3-drawer-dresser-oak-effect-anchor-unlock-function-80559292/,3
ikea:2,Tell me about the HEMNES 8-drawer dresser,ikea,crawl4ai,5,https://www.ikea.com/us/en/p/storklinta-3-drawer-dresser-dark-brown-oak-effect-anchor-unlock-function-60559293/,0.591398236527415,false,hemnes-8-drawer-dresser,https://www.ikea.com/us/en/p/storklinta-3-drawer-dresser-dark-brown-oak-effect-anchor-unlock-function-60559293/,4
ikea:3,What's the price of the RAST 3-drawer dresser?,ikea,crawl4ai,1,https://www.ikea.com/us/en/cat/dressers-storage-drawers-st004/,0.6051761171306772,false,rast-3-drawer-dresser,https://www.ikea.com/us/en/cat/dressers-storage-drawers-st004/,1
ikea:3,What's the price of the RAST 3-drawer dresser?,ikea,crawl4ai,2,https://www.ikea.com/us/en/p/storklinta-3-drawer-dresser-oak-effect-anchor-unlock-function-80559292/,0.5917190521897085,false,rast-3-drawer-dresser,https://www.ikea.com/us/en/p/storklinta-3-drawer-dresser-oak-effect-anchor-unlock-function-80559292/,2
ikea:3,What's the price of the RAST 3-drawer dresser?,ikea,crawl4ai,3,https://www.ikea.com/us/en/p/storklinta-3-drawer-dresser-dark-brown-oak-effect-anchor-unlock-function-60559293/,0.578657235049695,false,rast-3-drawer-dresser,https://www.ikea.com/us/en/p/storklinta-3-drawer-dresser-dark-brown-oak-effect-anchor-unlock-function-60559293/,3
ikea:3,What's the price of the RAST 3-drawer dresser?,ikea,crawl4ai,4,https://www.ikea.com/us/en/cat/dressers-storage-drawers-st004/,0.572457777188826,false,rast-3-drawer-dresser,https://www.ikea.com/us/en/cat/dressers-storage-drawers-st004/,1
ikea:3,What's the price of the RAST 3-drawer dresser?,ikea,crawl4ai,5,https://www.ikea.com/us/en/cat/dressers-storage-drawers-st004/,0.5700066030388222,false,rast-3-drawer-dresser,https://www.ikea.com/us/en/cat/dressers-storage-drawers-st004/,1
ikea:4,What bed frames does IKEA sell?,ikea,crawl4ai,1,https://www.ikea.com/us/en/cat/beds-bm003/,0.677246831674697,true,cat/beds,https://www.ikea.com/us/en/cat/beds-bm003/,1
ikea:4,What bed frames does IKEA sell?,ikea,crawl4ai,2,https://www.ikea.com/us/en/cat/beds-bm003/,0.6630673236455982,true,cat/beds,https://www.ikea.com/us/en/cat/beds-bm003/,1
ikea:4,What bed frames does IKEA sell?,ikea,crawl4ai,3,https://www.ikea.com/us/en/cat/baby-kids-bc001/,0.6540273541153547,false,cat/beds,https://www.ikea.com/us/en/cat/baby-kids-bc001/,2
ikea:4,What bed frames does IKEA sell?,ikea,crawl4ai,4,https://www.ikea.com/us/en/cat/beds-mattresses-bm001/,0.6405374461502507,true,cat/beds,https://www.ikea.com/us/en/cat/beds-mattresses-bm001/,3
ikea:4,What bed frames does IKEA sell?,ikea,crawl4ai,5,https://www.ikea.com/us/en/cat/beds-mattresses-bm001/,0.6247116208153881,true,cat/beds,https://www.ikea.com/us/en/cat/beds-mattresses-bm001/,3
ikea:5,Show me IKEA's sofa and armchair selection,ikea,crawl4ai,1,https://www.ikea.com/us/en/cat/sofas-sectionals-fu003/,0.7038995425369782,false,cat/sofas-armchairs,https://www.ikea.com/us/en/cat/sofas-sectionals-fu003/,1
ikea:5,Show me IKEA's sofa and armchair selection,ikea,crawl4ai,2,https://www.ikea.com/us/en/cat/sofas-armchairs-700640/,0.6977183155032628,true,cat/sofas-armchairs,https://www.ikea.com/us/en/cat/sofas-armchairs-700640/,2
ikea:5,Show me IKEA's sofa and armchair selection,ikea,crawl4ai,3,https://www.ikea.com/us/en/cat/armchairs-chaises-fu006/,0.6956444202195294,false,cat/sofas-armchairs,https://www.ikea.com/us/en/cat/armchairs-chaises-fu006/,3
ikea:5,Show me IKEA's sofa and armchair selection,ikea,crawl4ai,4,https://www.ikea.com/us/en/cat/sofas-sectionals-fu003/,0.6938856319984985,false,cat/sofas-armchairs,https://www.ikea.com/us/en/cat/sofas-sectionals-fu003/,1
ikea:5,Show me IKEA's sofa and armchair selection,ikea,crawl4ai,5,https://www.ikea.com/us/en/cat/sofas-armchairs-700640/,0.6887402860598322,true,cat/sofas-armchairs,https://www.ikea.com/us/en/cat/sofas-armchairs-700640/,2
ikea:6,What dressers and storage drawers does IKEA offer?,ikea,crawl4ai,1,https://www.ikea.com/us/en/cat/dressers-storage-drawers-st004/,0.737494812022109,true,cat/dressers-storage-drawers,https://www.ikea.com/us/en/cat/dressers-storage-drawers-st004/,1
ikea:6,What dressers and storage drawers does IKEA offer?,ikea,crawl4ai,2,https://www.ikea.com/us/en/cat/storage-organization-st001/,0.6705902874462559,false,cat/dressers-storage-drawers,https://www.ikea.com/us/en/cat/storage-organization-st001/,2
ikea:6,What dressers and storage drawers does IKEA offer?,ikea,crawl4ai,3,https://www.ikea.com/us/en/p/storklinta-3-drawer-dresser-oak-effect-anchor-unlock-function-80559292/,0.6635573088454457,false,cat/dressers-storage-drawers,https://www.ikea.com/us/en/p/storklinta-3-drawer-dresser-oak-effect-anchor-unlock-function-80559292/,3
ikea:6,What dressers and storage drawers does IKEA offer?,ikea,crawl4ai,4,https://www.ikea.com/us/en/p/storklinta-3-drawer-dresser-dark-brown-oak-effect-anchor-unlock-function-60559293/,0.6629792160788378,false,cat/dressers-storage-drawers,https://www.ikea.com/us/en/p/storklinta-3-drawer-dresser-dark-brown-oak-effect-anchor-unlock-function-60559293/,4
ikea:6,What dressers and storage drawers does IKEA offer?,ikea,crawl4ai,5,https://www.ikea.com/us/en/p/storklinta-3-drawer-dresser-white-anchor-unlock-function-00559291/,0.6622782005650547,false,cat/dressers-storage-drawers,https://www.ikea.com/us/en/p/storklinta-3-drawer-dresser-white-anchor-unlock-function-00559291/,5
ikea:7,How much is the STOREMOLLA 8-drawer dresser at IKEA?,ikea,crawl4ai,1,https://www.ikea.com/us/en/cat/storage-organization-st001/,0.608260075564068,false,storemolla-8-drawer-dresser,https://www.ikea.com/us/en/cat/storage-organization-st001/,1
ikea:7,How much is the STOREMOLLA 8-drawer dresser at IKEA?,ikea,crawl4ai,2,https://www.ikea.com/us/en/cat/dressers-storage-drawers-st004/,0.6036648112386175,false,storemolla-8-drawer-dresser,https://www.ikea.com/us/en/cat/dressers-storage-drawers-st004/,2
ikea:7,How much is the STOREMOLLA 8-drawer dresser at IKEA?,ikea,crawl4ai,3,https://www.ikea.com/us/en/p/malm-dressing-table-white-10203610/,0.5970492609883136,false,storemolla-8-drawer-dresser,https://www.ikea.com/us/en/p/malm-dressing-table-white-10203610/,3
ikea:7,How much is the STOREMOLLA 8-drawer dresser at IKEA?,ikea,crawl4ai,4,https://www.ikea.com/us/en/p/storklinta-6-drawer-dresser-oak-effect-anchor-unlock-function-50559279/,0.5806228828897795,false,storemolla-8-drawer-dresser,https://www.ikea.com/us/en/p/storklinta-6-drawer-dresser-oak-effect-anchor-unlock-function-50559279/,4
ikea:7,How much is the STOREMOLLA 8-drawer dresser at IKEA?,ikea,crawl4ai,5,https://www.ikea.com/us/en/p/storklinta-4-drawer-dresser-oak-effect-anchor-unlock-function-20559290/,0.5791714907030818,false,storemolla-8-drawer-dresser,https://www.ikea.com/us/en/p/storklinta-4-drawer-dresser-oak-effect-anchor-unlock-function-20559290/,5
ikea:0,How much does the MALM bed frame cost at IKEA?,ikea,crawl4ai-raw,1,https://www.ikea.com/us/en/cat/beds-bm003/,0.6033316762298112,false,malm-bed-frame,https://www.ikea.com/us/en/cat/beds-bm003/,1
ikea:0,How much does the MALM bed frame cost at IKEA?,ikea,crawl4ai-raw,2,https://www.ikea.com/us/en/cat/baby-kids-bc001/,0.6003571595528928,false,malm-bed-frame,https://www.ikea.com/us/en/cat/baby-kids-bc001/,2
ikea:0,How much does the MALM bed frame cost at IKEA?,ikea,crawl4ai-raw,3,https://www.ikea.com/us/en/cat/storklinta-series-700569/,0.5845706376099086,false,malm-bed-frame,https://www.ikea.com/us/en/cat/storklinta-series-700569/,3
ikea:0,How much does the MALM bed frame cost at IKEA?,ikea,crawl4ai-raw,4,https://www.ikea.com/us/en/cat/furniture-fu001/?page=2,0.5675059500635361,false,malm-bed-frame,https://www.ikea.com/us/en/cat/furniture-fu001/?page=2,4
ikea:0,How much does the MALM bed frame cost at IKEA?,ikea,crawl4ai-raw,5,https://www.ikea.com/us/en/rooms/bedroom/,0.5588370963581262,false,malm-bed-frame,https://www.ikea.com/us/en/rooms/bedroom/,5
ikea:1,What's the price of the SLATTUM upholstered bed frame?,ikea,crawl4ai-raw,1,https://www.ikea.com/us/en/cat/baby-kids-bc001/,0.605843380407631,false,slattum-upholstered-bed,https://www.ikea.com/us/en/cat/baby-kids-bc001/,1
ikea:1,What's the price of the SLATTUM upholstered bed frame?,ikea,crawl4ai-raw,2,https://www.ikea.com/us/en/cat/beds-bm003/,0.5158574124039264,false,slattum-upholstered-bed,https://www.ikea.com/us/en/cat/beds-bm003/,2
ikea:1,What's the price of the SLATTUM upholstered bed frame?,ikea,crawl4ai-raw,3,https://www.ikea.com/us/en/cat/beds-bm003/,0.5140956145070023,false,slattum-upholstered-bed,https://www.ikea.com/us/en/cat/beds-bm003/,2
ikea:1,What's the price of the SLATTUM upholstered bed frame?,ikea,crawl4ai-raw,4,https://www.ikea.com/us/en/cat/sleeper-sofas-10663/,0.5123621522146886,false,slattum-upholstered-bed,https://www.ikea.com/us/en/cat/sleeper-sofas-10663/,3
ikea:1,What's the price of the SLATTUM upholstered bed frame?,ikea,crawl4ai-raw,5,https://www.ikea.com/us/en/cat/furniture-fu001/?page=2,0.5035640773741953,false,slattum-upholstered-bed,https://www.ikea.com/us/en/cat/furniture-fu001/?page=2,4
ikea:2,Tell me about the HEMNES 8-drawer dresser,ikea,crawl4ai-raw,1,https://www.ikea.com/us/en/p/brimnes-3-drawer-dresser-gray-frosted-glass-30598390/,0.6286018091813725,false,hemnes-8-drawer-dresser,https://www.ikea.com/us/en/p/brimnes-3-drawer-dresser-gray-frosted-glass-30598390/,1
ikea:2,Tell me about the HEMNES 8-drawer dresser,ikea,crawl4ai-raw,2,https://www.ikea.com/us/en/p/brimnes-3-drawer-dresser-gray-frosted-glass-30598390/,0.6236952761411517,false,hemnes-8-drawer-dresser,https://www.ikea.com/us/en/p/brimnes-3-drawer-dresser-gray-frosted-glass-30598390/,1
ikea:2,Tell me about the HEMNES 8-drawer dresser,ikea,crawl4ai-raw,3,https://www.ikea.com/us/en/p/brimnes-3-drawer-dresser-white-40572832/,0.623618680365049,false,hemnes-8-drawer-dresser,https://www.ikea.com/us/en/p/brimnes-3-drawer-dresser-white-40572832/,2
ikea:2,Tell me about the HEMNES 8-drawer dresser,ikea,crawl4ai-raw,4,https://www.ikea.com/us/en/p/brimnes-3-drawer-dresser-black-20574243/,0.6205137003649498,false,hemnes-8-drawer-dresser,https://www.ikea.com/us/en/p/brimnes-3-drawer-dresser-black-20574243/,3
ikea:2,Tell me about the HEMNES 8-drawer dresser,ikea,crawl4ai-raw,5,https://www.ikea.com/us/en/p/brimnes-3-drawer-dresser-gray-frosted-glass-30598390/,0.6163310917590666,false,hemnes-8-drawer-dresser,https://www.ikea.com/us/en/p/brimnes-3-drawer-dresser-gray-frosted-glass-30598390/,1
ikea:3,What's the price of the RAST 3-drawer dresser?,ikea,crawl4ai-raw,1,https://www.ikea.com/us/en/p/storklinta-3-drawer-dresser-oak-effect-anchor-unlock-function-80559292/,0.6044063629362768,false,rast-3-drawer-dresser,https://www.ikea.com/us/en/p/storklinta-3-drawer-dresser-oak-effect-anchor-unlock-function-80559292/,1
ikea:3,What's the price of the RAST 3-drawer dresser?,ikea,crawl4ai-raw,2,https://www.ikea.com/us/en/cat/dressers-storage-drawers-st004/,0.5975377932506226,false,rast-3-drawer-dresser,https://www.ikea.com/us/en/cat/dressers-storage-drawers-st004/,2
ikea:3,What's the price of the RAST 3-drawer dresser?,ikea,crawl4ai-raw,3,https://www.ikea.com/us/en/p/storklinta-3-drawer-dresser-dark-brown-oak-effect-anchor-unlock-function-60559293/,0.5807029110756107,false,rast-3-drawer-dresser,https://www.ikea.com/us/en/p/storklinta-3-drawer-dresser-dark-brown-oak-effect-anchor-unlock-function-60559293/,3
ikea:3,What's the price of the RAST 3-drawer dresser?,ikea,crawl4ai-raw,4,https://www.ikea.com/us/en/cat/dressers-storage-drawers-st004/,0.5778977216591572,false,rast-3-drawer-dresser,https://www.ikea.com/us/en/cat/dressers-storage-drawers-st004/,2
ikea:3,What's the price of the RAST 3-drawer dresser?,ikea,crawl4ai-raw,5,https://www.ikea.com/us/en/p/storklinta-3-drawer-dresser-gray-green-anchor-unlock-function-80574645/,0.5587189776527381,false,rast-3-drawer-dresser,https://www.ikea.com/us/en/p/storklinta-3-drawer-dresser-gray-green-anchor-unlock-function-80574645/,4
ikea:4,What bed frames does IKEA sell?,ikea,crawl4ai-raw,1,https://www.ikea.com/us/en/cat/beds-bm003/,0.694905583415447,true,cat/beds,https://www.ikea.com/us/en/cat/beds-bm003/,1
ikea:4,What bed frames does IKEA sell?,ikea,crawl4ai-raw,2,https://www.ikea.com/us/en/cat/beds-bm003/,0.663483498687304,true,cat/beds,https://www.ikea.com/us/en/cat/beds-bm003/,1
ikea:4,What bed frames does IKEA sell?,ikea,crawl4ai-raw,3,https://www.ikea.com/us/en/cat/baby-kids-bc001/,0.6540300011476433,false,cat/beds,https://www.ikea.com/us/en/cat/baby-kids-bc001/,2
ikea:4,What bed frames does IKEA sell?,ikea,crawl4ai-raw,4,https://www.ikea.com/us/en/cat/beds-mattresses-bm001/,0.6422246759832696,true,cat/beds,https://www.ikea.com/us/en/cat/beds-mattresses-bm001/,3
ikea:4,What bed frames does IKEA sell?,ikea,crawl4ai-raw,5,https://www.ikea.com/us/en/cat/beds-mattresses-bm001/,0.6247710902220117,true,cat/beds,https://www.ikea.com/us/en/cat/beds-mattresses-bm001/,3
ikea:5,Show me IKEA's sofa and armchair selection,ikea,crawl4ai-raw,1,https://www.ikea.com/us/en/cat/armchairs-chaises-fu006/,0.717618979529831,false,cat/sofas-armchairs,https://www.ikea.com/us/en/cat/armchairs-chaises-fu006/,1
ikea:5,Show me IKEA's sofa and armchair selection,ikea,crawl4ai-raw,2,https://www.ikea.com/us/en/cat/sofas-sectionals-fu003/,0.7038995425369782,false,cat/sofas-armchairs,https://www.ikea.com/us/en/cat/sofas-sectionals-fu003/,2
ikea:5,Show me IKEA's sofa and armchair selection,ikea,crawl4ai-raw,3,https://www.ikea.com/us/en/cat/sofas-armchairs-700640/,0.6977183155032628,true,cat/sofas-armchairs,https://www.ikea.com/us/en/cat/sofas-armchairs-700640/,3
ikea:5,Show me IKEA's sofa and armchair selection,ikea,crawl4ai-raw,4,https://www.ikea.com/us/en/cat/sofas-sectionals-fu003/,0.6938856319984985,false,cat/sofas-armchairs,https://www.ikea.com/us/en/cat/sofas-sectionals-fu003/,2
ikea:5,Show me IKEA's sofa and armchair selection,ikea,crawl4ai-raw,5,https://www.ikea.com/us/en/cat/sofas-armchairs-700640/,0.6887402860598322,true,cat/sofas-armchairs,https://www.ikea.com/us/en/cat/sofas-armchairs-700640/,3
ikea:6,What dressers and storage drawers does IKEA offer?,ikea,crawl4ai-raw,1,https://www.ikea.com/us/en/cat/dressers-storage-drawers-st004/,0.7374852144025487,true,cat/dressers-storage-drawers,https://www.ikea.com/us/en/cat/dressers-storage-drawers-st004/,1
ikea:6,What dressers and storage drawers does IKEA offer?,ikea,crawl4ai-raw,2,https://www.ikea.com/us/en/cat/storage-organization-st001/,0.6705332495596316,false,cat/dressers-storage-drawers,https://www.ikea.com/us/en/cat/storage-organization-st001/,2
ikea:6,What dressers and storage drawers does IKEA offer?,ikea,crawl4ai-raw,3,https://www.ikea.com/us/en/p/storklinta-3-drawer-dresser-oak-effect-anchor-unlock-function-80559292/,0.663122324692503,false,cat/dressers-storage-drawers,https://www.ikea.com/us/en/p/storklinta-3-drawer-dresser-oak-effect-anchor-unlock-function-80559292/,3
ikea:6,What dressers and storage drawers does IKEA offer?,ikea,crawl4ai-raw,4,https://www.ikea.com/us/en/p/storklinta-3-drawer-dresser-dark-brown-oak-effect-anchor-unlock-function-60559293/,0.6630196057331322,false,cat/dressers-storage-drawers,https://www.ikea.com/us/en/p/storklinta-3-drawer-dresser-dark-brown-oak-effect-anchor-unlock-function-60559293/,4
ikea:6,What dressers and storage drawers does IKEA offer?,ikea,crawl4ai-raw,5,https://www.ikea.com/us/en/p/storklinta-3-drawer-dresser-white-anchor-unlock-function-00559291/,0.6622782005650547,false,cat/dressers-storage-drawers,https://www.ikea.com/us/en/p/storklinta-3-drawer-dresser-white-anchor-unlock-function-00559291/,5
ikea:7,How much is the STOREMOLLA 8-drawer dresser at IKEA?,ikea,crawl4ai-raw,1,https://www.ikea.com/us/en/cat/storage-organization-st001/,0.608230840108412,false,storemolla-8-drawer-dresser,https://www.ikea.com/us/en/cat/storage-organization-st001/,1
ikea:7,How much is the STOREMOLLA 8-drawer dresser at IKEA?,ikea,crawl4ai-raw,2,https://www.ikea.com/us/en/cat/dressers-storage-drawers-st004/,0.589806370337144,false,storemolla-8-drawer-dresser,https://www.ikea.com/us/en/cat/dressers-storage-drawers-st004/,2
ikea:7,How much is the STOREMOLLA 8-drawer dresser at IKEA?,ikea,crawl4ai-raw,3,https://www.ikea.com/us/en/p/brimnes-3-drawer-dresser-gray-frosted-glass-30598390/,0.5865220620445954,false,storemolla-8-drawer-dresser,https://www.ikea.com/us/en/p/brimnes-3-drawer-dresser-gray-frosted-glass-30598390/,3
ikea:7,How much is the STOREMOLLA 8-drawer dresser at IKEA?,ikea,crawl4ai-raw,4,https://www.ikea.com/us/en/p/storklinta-6-drawer-dresser-white-anchor-unlock-function-10559281/,0.584561117769995,false,storemolla-8-drawer-dresser,https://www.ikea.com/us/en/p/storklinta-6-drawer-dresser-white-anchor-unlock-function-10559281/,4
ikea:7,How much is the STOREMOLLA 8-drawer dresser at IKEA?,ikea,crawl4ai-raw,5,https://www.ikea.com/us/en/p/storklinta-6-drawer-dresser-oak-effect-anchor-unlock-function-50559279/,0.5833707658739399,false,storemolla-8-drawer-dresser,https://www.ikea.com/us/en/p/storklinta-6-drawer-dresser-oak-effect-anchor-unlock-function-50559279/,5
ikea:0,How much does the MALM bed frame cost at IKEA?,ikea,scrapy+md,1,https://www.ikea.com/us/en/p/hemnes-daybed-frame-with-3-drawers-white-30349329/,0.5321221916302068,false,malm-bed-frame,https://www.ikea.com/us/en/p/hemnes-daybed-frame-with-3-drawers-white-30349329/,1
ikea:0,How much does the MALM bed frame cost at IKEA?,ikea,scrapy+md,2,https://www.ikea.com/us/en/cat/hemnes-bedroom-series-58619/,0.5127723451229267,false,malm-bed-frame,https://www.ikea.com/us/en/cat/hemnes-bedroom-series-58619/,2
ikea:0,How much does the MALM bed frame cost at IKEA?,ikea,scrapy+md,3,https://www.ikea.com/us/en/p/hemnes-daybed-frame-with-3-drawers-white-30349329/,0.5106731638557052,false,malm-bed-frame,https://www.ikea.com/us/en/p/hemnes-daybed-frame-with-3-drawers-white-30349329/,1
ikea:0,How much does the MALM bed frame cost at IKEA?,ikea,scrapy+md,4,https://www.ikea.com/us/en/p/hemnes-daybed-frame-with-3-drawers-white-30349329/,0.5009085998513302,false,malm-bed-frame,https://www.ikea.com/us/en/p/hemnes-daybed-frame-with-3-drawers-white-30349329/,1
ikea:0,How much does the MALM bed frame cost at IKEA?,ikea,scrapy+md,5,https://www.ikea.com/us/en/p/storemolla-8-drawer-dresser-light-grey-beige-stained-80522393/,0.49821654423126027,false,malm-bed-frame,https://www.ikea.com/us/en/p/storemolla-8-drawer-dresser-light-grey-beige-stained-80522393/,3
ikea:1,What's the price of the SLATTUM upholstered bed frame?,ikea,scrapy+md,1,https://www.ikea.com/us/en/p/hemnes-daybed-frame-with-3-drawers-white-30349329/,0.5118838109675594,false,slattum-upholstered-bed,https://www.ikea.com/us/en/p/hemnes-daybed-frame-with-3-drawers-white-30349329/,1
ikea:1,What's the price of the SLATTUM upholstered bed frame?,ikea,scrapy+md,2,https://www.ikea.com/us/en/p/hemnes-daybed-frame-with-3-drawers-white-30349329/,0.49899225297086497,false,slattum-upholstered-bed,https://www.ikea.com/us/en/p/hemnes-daybed-frame-with-3-drawers-white-30349329/,1
ikea:1,What's the price of the SLATTUM upholstered bed frame?,ikea,scrapy+md,3,https://www.ikea.com/us/en/cat/sofa-covers-10664/,0.48073847097176914,false,slattum-upholstered-bed,https://www.ikea.com/us/en/cat/sofa-covers-10664/,2
ikea:1,What's the price of the SLATTUM upholstered bed frame?,ikea,scrapy+md,4,https://www.ikea.com/us/en/cat/hemnes-bedroom-series-58619/,0.4770870101825612,false,slattum-upholstered-bed,https://www.ikea.com/us/en/cat/hemnes-bedroom-series-58619/,3
ikea:1,What's the price of the SLATTUM upholstered bed frame?,ikea,scrapy+md,5,https://www.ikea.com/us/en/cat/hemnes-bedroom-series-58619/,0.4648626559026528,false,slattum-upholstered-bed,https://www.ikea.com/us/en/cat/hemnes-bedroom-series-58619/,3
ikea:2,Tell me about the HEMNES 8-drawer dresser,ikea,scrapy+md,1,https://www.ikea.com/us/en/cat/hemnes-bedroom-series-58619/,0.6193881693363642,true,hemnes-8-drawer-dresser,https://www.ikea.com/us/en/cat/hemnes-bedroom-series-58619/,1
ikea:2,Tell me about the HEMNES 8-drawer dresser,ikea,scrapy+md,2,https://www.ikea.com/us/en/p/storemolla-8-drawer-dresser-gray-brown-stained-60522394/,0.610627110388514,false,hemnes-8-drawer-dresser,https://www.ikea.com/us/en/p/storemolla-8-drawer-dresser-gray-brown-stained-60522394/,2
ikea:2,Tell me about the HEMNES 8-drawer dresser,ikea,scrapy+md,3,https://www.ikea.com/us/en/p/hemnes-daybed-frame-with-3-drawers-white-30349329/,0.6098524342463564,true,hemnes-8-drawer-dresser,https://www.ikea.com/us/en/p/hemnes-daybed-frame-with-3-drawers-white-30349329/,3
ikea:2,Tell me about the HEMNES 8-drawer dresser,ikea,scrapy+md,4,https://www.ikea.com/us/en/p/storemolla-8-drawer-dresser-light-grey-beige-stained-80522393/,0.6024653579367857,false,hemnes-8-drawer-dresser,https://www.ikea.com/us/en/p/storemolla-8-drawer-dresser-light-grey-beige-stained-80522393/,4
ikea:2,Tell me about the HEMNES 8-drawer dresser,ikea,scrapy+md,5,https://www.ikea.com/us/en/cat/chair-covers-25223/f/white-chair-covers-f-colors--10156/,0.6002736520947889,false,hemnes-8-drawer-dresser,https://www.ikea.com/us/en/cat/chair-covers-25223/f/white-chair-covers-f-colors--10156/,5
ikea:3,What's the price of the RAST 3-drawer dresser?,ikea,scrapy+md,1,https://www.ikea.com/us/en/cat/chair-covers-25223/f/white-chair-covers-f-colors--10156/,0.5264272548847713,false,rast-3-drawer-dresser,https://www.ikea.com/us/en/cat/chair-covers-25223/f/white-chair-covers-f-colors--10156/,1
ikea:3,What's the price of the RAST 3-drawer dresser?,ikea,scrapy+md,2,https://www.ikea.com/us/en/p/storemolla-8-drawer-dresser-light-grey-beige-stained-80522393/,0.5150390039542382,false,rast-3-drawer-dresser,https://www.ikea.com/us/en/p/storemolla-8-drawer-dresser-light-grey-beige-stained-80522393/,2
ikea:3,What's the price of the RAST 3-drawer dresser?,ikea,scrapy+md,3,https://www.ikea.com/us/en/p/storemolla-8-drawer-dresser-light-grey-beige-stained-80522393/,0.5056491690554971,false,rast-3-drawer-dresser,https://www.ikea.com/us/en/p/storemolla-8-drawer-dresser-light-grey-beige-stained-80522393/,2
ikea:3,What's the price of the RAST 3-drawer dresser?,ikea,scrapy+md,4,https://www.ikea.com/us/en/cat/hemnes-bedroom-series-58619/,0.4875576557382694,false,rast-3-drawer-dresser,https://www.ikea.com/us/en/cat/hemnes-bedroom-series-58619/,3
ikea:3,What's the price of the RAST 3-drawer dresser?,ikea,scrapy+md,5,https://www.ikea.com/us/en/p/storemolla-8-drawer-dresser-gray-brown-stained-60522394/,0.48447305301543575,false,rast-3-drawer-dresser,https://www.ikea.com/us/en/p/storemolla-8-drawer-dresser-gray-brown-stained-60522394/,4
ikea:4,What bed frames does IKEA sell?,ikea,scrapy+md,1,https://www.ikea.com/us/en/p/hemnes-daybed-frame-with-3-drawers-white-30349329/,0.5597686888534331,false,cat/beds,https://www.ikea.com/us/en/p/hemnes-daybed-frame-with-3-drawers-white-30349329/,1
ikea:4,What bed frames does IKEA sell?,ikea,scrapy+md,2,https://www.ikea.com/us/en/p/hemnes-daybed-frame-with-3-drawers-white-30349329/,0.5579935613628058,false,cat/beds,https://www.ikea.com/us/en/p/hemnes-daybed-frame-with-3-drawers-white-30349329/,1
ikea:4,What bed frames does IKEA sell?,ikea,scrapy+md,3,https://www.ikea.com/us/en/p/hemnes-daybed-frame-with-3-drawers-white-30349329/,0.5425039471635543,false,cat/beds,https://www.ikea.com/us/en/p/hemnes-daybed-frame-with-3-drawers-white-30349329/,1
ikea:4,What bed frames does IKEA sell?,ikea,scrapy+md,4,https://www.ikea.com/us/en/cat/picture-photo-frames-18746/,0.5264610615734933,false,cat/beds,https://www.ikea.com/us/en/cat/picture-photo-frames-18746/,2
ikea:4,What bed frames does IKEA sell?,ikea,scrapy+md,5,https://www.ikea.com/us/en/cat/furniture-fu001/,0.5240194019037951,false,cat/beds,https://www.ikea.com/us/en/cat/furniture-fu001/,3
ikea:5,Show me IKEA's sofa and armchair selection,ikea,scrapy+md,1,https://www.ikea.com/us/en/cat/sofa-covers-10664/,0.6042323621666305,false,cat/sofas-armchairs,https://www.ikea.com/us/en/cat/sofa-covers-10664/,1
ikea:5,Show me IKEA's sofa and armchair selection,ikea,scrapy+md,2,https://www.ikea.com/us/en/cat/dining-chairs-25219/,0.5976233727310111,false,cat/sofas-armchairs,https://www.ikea.com/us/en/cat/dining-chairs-25219/,2
ikea:5,Show me IKEA's sofa and armchair selection,ikea,scrapy+md,3,https://www.ikea.com/us/en/cat/chair-covers-25223/f/white-chair-covers-f-colors--10156/,0.5822198627838291,false,cat/sofas-armchairs,https://www.ikea.com/us/en/cat/chair-covers-25223/f/white-chair-covers-f-colors--10156/,3
ikea:5,Show me IKEA's sofa and armchair selection,ikea,scrapy+md,4,https://www.ikea.com/us/en/cat/furniture-fu001/,0.5725801281439902,false,cat/sofas-armchairs,https://www.ikea.com/us/en/cat/furniture-fu001/,4
ikea:5,Show me IKEA's sofa and armchair selection,ikea,scrapy+md,5,https://www.ikea.com/us/en/cat/sofa-covers-10664/,0.5687044656527589,false,cat/sofas-armchairs,https://www.ikea.com/us/en/cat/sofa-covers-10664/,1
ikea:6,What dressers and storage drawers does IKEA offer?,ikea,scrapy+md,1,https://www.ikea.com/us/en/p/storemolla-8-drawer-dresser-light-grey-beige-stained-80522393/,0.6499235793464423,false,cat/dressers-storage-drawers,https://www.ikea.com/us/en/p/storemolla-8-drawer-dresser-light-grey-beige-stained-80522393/,1
ikea:6,What dressers and storage drawers does IKEA offer?,ikea,scrapy+md,2,https://www.ikea.com/us/en/p/storemolla-8-drawer-dresser-gray-brown-stained-60522394/,0.6320746608639507,false,cat/dressers-storage-drawers,https://www.ikea.com/us/en/p/storemolla-8-drawer-dresser-gray-brown-stained-60522394/,2
ikea:6,What dressers and storage drawers does IKEA offer?,ikea,scrapy+md,3,https://www.ikea.com/us/en/cat/makeup-vanities-dressing-tables-20657/,0.6101930144178678,false,cat/dressers-storage-drawers,https://www.ikea.com/us/en/cat/makeup-vanities-dressing-tables-20657/,3
ikea:6,What dressers and storage drawers does IKEA offer?,ikea,scrapy+md,4,https://www.ikea.com/us/en/cat/furniture-fu001/,0.6071560721925063,false,cat/dressers-storage-drawers,https://www.ikea.com/us/en/cat/furniture-fu001/,4
ikea:6,What dressers and storage drawers does IKEA offer?,ikea,scrapy+md,5,https://www.ikea.com/us/en/cat/basket-drawer-units-46081/,0.5998915596020472,false,cat/dressers-storage-drawers,https://www.ikea.com/us/en/cat/basket-drawer-units-46081/,5
ikea:7,How much is the STOREMOLLA 8-drawer dresser at IKEA?,ikea,scrapy+md,1,https://www.ikea.com/us/en/p/storemolla-8-drawer-dresser-light-grey-beige-stained-80522393/,0.7326174506761934,true,storemolla-8-drawer-dresser,https://www.ikea.com/us/en/p/storemolla-8-drawer-dresser-light-grey-beige-stained-80522393/,1
ikea:7,How much is the STOREMOLLA 8-drawer dresser at IKEA?,ikea,scrapy+md,2,https://www.ikea.com/us/en/p/storemolla-8-drawer-dresser-light-grey-beige-stained-80522393/,0.6802256597909399,true,storemolla-8-drawer-dresser,https://www.ikea.com/us/en/p/storemolla-8-drawer-dresser-light-grey-beige-stained-80522393/,1
ikea:7,How much is the STOREMOLLA 8-drawer dresser at IKEA?,ikea,scrapy+md,3,https://www.ikea.com/us/en/p/storemolla-8-drawer-dresser-gray-brown-stained-60522394/,0.656129893172077,true,storemolla-8-drawer-dresser,https://www.ikea.com/us/en/p/storemolla-8-drawer-dresser-gray-brown-stained-60522394/,2
ikea:7,How much is the STOREMOLLA 8-drawer dresser at IKEA?,ikea,scrapy+md,4,https://www.ikea.com/us/en/p/storemolla-8-drawer-dresser-light-grey-beige-stained-80522393/,0.6264988686086318,true,storemolla-8-drawer-dresser,https://www.ikea.com/us/en/p/storemolla-8-drawer-dresser-light-grey-beige-stained-80522393/,1
ikea:7,How much is the STOREMOLLA 8-drawer dresser at IKEA?,ikea,scrapy+md,5,https://www.ikea.com/us/en/p/storemolla-8-drawer-dresser-gray-brown-stained-60522394/,0.5918747371820262,true,storemolla-8-drawer-dresser,https://www.ikea.com/us/en/p/storemolla-8-drawer-dresser-gray-brown-stained-60522394/,2
ikea:0,How much does the MALM bed frame cost at IKEA?,ikea,crawlee,1,https://www.ikea.com/us/en/cat/beds-bm003/,0.6358803228184278,false,malm-bed-frame,https://www.ikea.com/us/en/cat/beds-bm003/,1
ikea:0,How much does the MALM bed frame cost at IKEA?,ikea,crawlee,2,https://www.ikea.com/us/en/p/malm-high-bed-frame-2-storage-boxes-white-luroey-s09175986/,0.6346201463328089,false,malm-bed-frame,https://www.ikea.com/us/en/p/malm-high-bed-frame-2-storage-boxes-white-luroey-s09175986/,2
ikea:0,How much does the MALM bed frame cost at IKEA?,ikea,crawlee,3,https://www.ikea.com/us/en/cat/beds-bm003/,0.6322151495285872,false,malm-bed-frame,https://www.ikea.com/us/en/cat/beds-bm003/,1
ikea:0,How much does the MALM bed frame cost at IKEA?,ikea,crawlee,4,https://www.ikea.com/us/en/p/malm-high-bed-frame-2-storage-boxes-white-luroey-s09175986/,0.6263266486423151,false,malm-bed-frame,https://www.ikea.com/us/en/p/malm-high-bed-frame-2-storage-boxes-white-luroey-s09175986/,2
ikea:0,How much does the MALM bed frame cost at IKEA?,ikea,crawlee,5,https://www.ikea.com/us/en/p/malm-high-bed-frame-2-storage-boxes-white-luroey-s09175986/,0.6146801090766176,false,malm-bed-frame,https://www.ikea.com/us/en/p/malm-high-bed-frame-2-storage-boxes-white-luroey-s09175986/,2
ikea:1,What's the price of the SLATTUM upholstered bed frame?,ikea,crawlee,1,https://www.ikea.com/us/en/cat/beds-bm003/,0.587404003820885,false,slattum-upholstered-bed,https://www.ikea.com/us/en/cat/beds-bm003/,1
ikea:1,What's the price of the SLATTUM upholstered bed frame?,ikea,crawlee,2,https://www.ikea.com/us/en/cat/beds-bm003/,0.5821821173494004,false,slattum-upholstered-bed,https://www.ikea.com/us/en/cat/beds-bm003/,1
ikea:1,What's the price of the SLATTUM upholstered bed frame?,ikea,crawlee,3,https://www.ikea.com/us/en/p/malm-high-bed-frame-2-storage-boxes-white-luroey-s09175986/,0.5495278455934751,false,slattum-upholstered-bed,https://www.ikea.com/us/en/p/malm-high-bed-frame-2-storage-boxes-white-luroey-s09175986/,2
ikea:1,What's the price of the SLATTUM upholstered bed frame?,ikea,crawlee,4,https://www.ikea.com/us/en/cat/beds-bm003/,0.5456034544406049,false,slattum-upholstered-bed,https://www.ikea.com/us/en/cat/beds-bm003/,1
ikea:1,What's the price of the SLATTUM upholstered bed frame?,ikea,crawlee,5,https://www.ikea.com/us/en/p/gladstad-upholstered-bed-4-storage-boxes-kabusa-light-gray-s69407021/,0.5369286160559361,false,slattum-upholstered-bed,https://www.ikea.com/us/en/p/gladstad-upholstered-bed-4-storage-boxes-kabusa-light-gray-s69407021/,3
ikea:2,Tell me about the HEMNES 8-drawer dresser,ikea,crawlee,1,https://www.ikea.com/us/en/p/storklinta-3-drawer-dresser-white-anchor-unlock-function-00559291/,0.572508947254515,false,hemnes-8-drawer-dresser,https://www.ikea.com/us/en/p/storklinta-3-drawer-dresser-white-anchor-unlock-function-00559291/,1
ikea:2,Tell me about the HEMNES 8-drawer dresser,ikea,crawlee,2,https://www.ikea.com/us/en/p/storklinta-3-drawer-dresser-dark-brown-oak-effect-anchor-unlock-function-60559293/,0.5709505227642537,false,hemnes-8-drawer-dresser,https://www.ikea.com/us/en/p/storklinta-3-drawer-dresser-dark-brown-oak-effect-anchor-unlock-function-60559293/,2
ikea:2,Tell me about the HEMNES 8-drawer dresser,ikea,crawlee,3,https://www.ikea.com/us/en/p/storklinta-3-drawer-dresser-oak-effect-anchor-unlock-function-80559292/,0.5709505227642537,false,hemnes-8-drawer-dresser,https://www.ikea.com/us/en/p/storklinta-3-drawer-dresser-oak-effect-anchor-unlock-function-80559292/,3
ikea:2,Tell me about the HEMNES 8-drawer dresser,ikea,crawlee,4,https://www.ikea.com/us/en/cat/dressers-storage-drawers-st004/,0.5697358267308391,false,hemnes-8-drawer-dresser,https://www.ikea.com/us/en/cat/dressers-storage-drawers-st004/,4
ikea:2,Tell me about the HEMNES 8-drawer dresser,ikea,crawlee,5,https://www.ikea.com/us/en/p/storklinta-6-drawer-dresser-dark-brown-oak-effect-anchor-unlock-function-50561244/,0.5694658857431615,false,hemnes-8-drawer-dresser,https://www.ikea.com/us/en/p/storklinta-6-drawer-dresser-dark-brown-oak-effect-anchor-unlock-function-50561244/,5
ikea:3,What's the price of the RAST 3-drawer dresser?,ikea,crawlee,1,https://www.ikea.com/us/en/cat/dressers-storage-drawers-st004/,0.5954755020884873,false,rast-3-drawer-dresser,https://www.ikea.com/us/en/cat/dressers-storage-drawers-st004/,1
ikea:3,What's the price of the RAST 3-drawer dresser?,ikea,crawlee,2,https://www.ikea.com/us/en/p/storklinta-3-drawer-dresser-dark-brown-oak-effect-anchor-unlock-function-60559293/,0.5618438386100093,false,rast-3-drawer-dresser,https://www.ikea.com/us/en/p/storklinta-3-drawer-dresser-dark-brown-oak-effect-anchor-unlock-function-60559293/,2
ikea:3,What's the price of the RAST 3-drawer dresser?,ikea,crawlee,3,https://www.ikea.com/us/en/p/storklinta-3-drawer-dresser-gray-green-anchor-unlock-function-80574645/,0.5575868965603007,false,rast-3-drawer-dresser,https://www.ikea.com/us/en/p/storklinta-3-drawer-dresser-gray-green-anchor-unlock-function-80574645/,3
ikea:3,What's the price of the RAST 3-drawer dresser?,ikea,crawlee,4,https://www.ikea.com/us/en/p/storklinta-3-drawer-dresser-oak-effect-anchor-unlock-function-80559292/,0.557477086387045,false,rast-3-drawer-dresser,https://www.ikea.com/us/en/p/storklinta-3-drawer-dresser-oak-effect-anchor-unlock-function-80559292/,4
ikea:3,What's the price of the RAST 3-drawer dresser?,ikea,crawlee,5,https://www.ikea.com/us/en/p/storklinta-3-drawer-dresser-gray-green-anchor-unlock-function-80574645/,0.5515664085484927,false,rast-3-drawer-dresser,https://www.ikea.com/us/en/p/storklinta-3-drawer-dresser-gray-green-anchor-unlock-function-80574645/,3
ikea:4,What bed frames does IKEA sell?,ikea,crawlee,1,https://www.ikea.com/us/en/cat/beds-bm003/,0.7739112274292265,true,cat/beds,https://www.ikea.com/us/en/cat/beds-bm003/,1
ikea:4,What bed frames does IKEA sell?,ikea,crawlee,2,https://www.ikea.com/us/en/cat/beds-bm003/,0.6504324058180813,true,cat/beds,https://www.ikea.com/us/en/cat/beds-bm003/,1
ikea:4,What bed frames does IKEA sell?,ikea,crawlee,3,https://www.ikea.com/us/en/cat/products-products/,0.6320646299296859,false,cat/beds,https://www.ikea.com/us/en/cat/products-products/,2
ikea:4,What bed frames does IKEA sell?,ikea,crawlee,4,https://www.ikea.com/us/en/cat/beds-bm003/,0.6191830932564352,true,cat/beds,https://www.ikea.com/us/en/cat/beds-bm003/,1
ikea:4,What bed frames does IKEA sell?,ikea,crawlee,5,https://www.ikea.com/us/en/cat/sleeper-sofas-10663/,0.6090795487540699,false,cat/beds,https://www.ikea.com/us/en/cat/sleeper-sofas-10663/,3
ikea:5,Show me IKEA's sofa and armchair selection,ikea,crawlee,1,https://www.ikea.com/us/en/cat/sofas-armchairs-700640/,0.7659671588997079,true,cat/sofas-armchairs,https://www.ikea.com/us/en/cat/sofas-armchairs-700640/,1
ikea:5,Show me IKEA's sofa and armchair selection,ikea,crawlee,2,https://www.ikea.com/us/en/cat/sofas-sectionals-fu003/,0.7046981990483209,false,cat/sofas-armchairs,https://www.ikea.com/us/en/cat/sofas-sectionals-fu003/,2
ikea:5,Show me IKEA's sofa and armchair selection,ikea,crawlee,3,https://www.ikea.com/us/en/cat/armchairs-chaises-fu006/,0.6748710746747844,false,cat/sofas-armchairs,https://www.ikea.com/us/en/cat/armchairs-chaises-fu006/,3
ikea:5,Show me IKEA's sofa and armchair selection,ikea,crawlee,4,https://www.ikea.com/us/en/cat/sofas-sectionals-fu003/,0.6548684015025227,false,cat/sofas-armchairs,https://www.ikea.com/us/en/cat/sofas-sectionals-fu003/,2
ikea:5,Show me IKEA's sofa and armchair selection,ikea,crawlee,5,https://www.ikea.com/us/en/cat/sofas-armchairs-700640/,0.6500330822165903,true,cat/sofas-armchairs,https://www.ikea.com/us/en/cat/sofas-armchairs-700640/,1
ikea:6,What dressers and storage drawers does IKEA offer?,ikea,crawlee,1,https://www.ikea.com/us/en/cat/dressers-storage-drawers-st004/,0.7471679238618565,true,cat/dressers-storage-drawers,https://www.ikea.com/us/en/cat/dressers-storage-drawers-st004/,1
ikea:6,What dressers and storage drawers does IKEA offer?,ikea,crawlee,2,https://www.ikea.com/us/en/cat/storage-organization-st001/,0.7067563127529479,false,cat/dressers-storage-drawers,https://www.ikea.com/us/en/cat/storage-organization-st001/,2
ikea:6,What dressers and storage drawers does IKEA offer?,ikea,crawlee,3,https://www.ikea.com/us/en/cat/dressers-storage-drawers-st004/,0.6958509315731738,true,cat/dressers-storage-drawers,https://www.ikea.com/us/en/cat/dressers-storage-drawers-st004/,1
ikea:6,What dressers and storage drawers does IKEA offer?,ikea,crawlee,4,https://www.ikea.com/us/en/cat/display-storage-cabinets-st003/,0.6844353979149295,false,cat/dressers-storage-drawers,https://www.ikea.com/us/en/cat/display-storage-cabinets-st003/,3
ikea:6,What dressers and storage drawers does IKEA offer?,ikea,crawlee,5,https://www.ikea.com/us/en/cat/besta-storage-system-46053/,0.6540141339704952,false,cat/dressers-storage-drawers,https://www.ikea.com/us/en/cat/besta-storage-system-46053/,4
ikea:7,How much is the STOREMOLLA 8-drawer dresser at IKEA?,ikea,crawlee,1,https://www.ikea.com/us/en/p/malm-dressing-table-white-10203610/,0.5958180730886308,false,storemolla-8-drawer-dresser,https://www.ikea.com/us/en/p/malm-dressing-table-white-10203610/,1
ikea:7,How much is the STOREMOLLA 8-drawer dresser at IKEA?,ikea,crawlee,2,https://www.ikea.com/us/en/p/storklinta-4-drawer-dresser-dark-brown-oak-effect-anchor-unlock-function-60559288/,0.5880054066597007,false,storemolla-8-drawer-dresser,https://www.ikea.com/us/en/p/storklinta-4-drawer-dresser-dark-brown-oak-effect-anchor-unlock-function-60559288/,2
ikea:7,How much is the STOREMOLLA 8-drawer dresser at IKEA?,ikea,crawlee,3,https://www.ikea.com/us/en/p/storklinta-4-drawer-dresser-oak-effect-anchor-unlock-function-20559290/,0.5867407287228028,false,storemolla-8-drawer-dresser,https://www.ikea.com/us/en/p/storklinta-4-drawer-dresser-oak-effect-anchor-unlock-function-20559290/,3
ikea:7,How much is the STOREMOLLA 8-drawer dresser at IKEA?,ikea,crawlee,4,https://www.ikea.com/us/en/p/storklinta-4-drawer-dresser-white-anchor-unlock-function-40559289/,0.5812702686916934,false,storemolla-8-drawer-dresser,https://www.ikea.com/us/en/p/storklinta-4-drawer-dresser-white-anchor-unlock-function-40559289/,4
ikea:7,How much is the STOREMOLLA 8-drawer dresser at IKEA?,ikea,crawlee,5,https://www.ikea.com/us/en/cat/dressers-storage-drawers-st004/,0.5760936142083887,false,storemolla-8-drawer-dresser,https://www.ikea.com/us/en/cat/dressers-storage-drawers-st004/,5
ikea:0,How much does the MALM bed frame cost at IKEA?,ikea,colly+md,1,https://www.ikea.com/us/en/cat/beds-bm003/,0.6361458889712572,false,malm-bed-frame,https://www.ikea.com/us/en/cat/beds-bm003/,1
ikea:0,How much does the MALM bed frame cost at IKEA?,ikea,colly+md,2,https://www.ikea.com/us/en/cat/beds-with-mattresses-included-700513/,0.6340917500118215,false,malm-bed-frame,https://www.ikea.com/us/en/cat/beds-with-mattresses-included-700513/,2
ikea:0,How much does the MALM bed frame cost at IKEA?,ikea,colly+md,3,https://www.ikea.com/us/en/cat/beds-bm003/,0.6085757152299895,false,malm-bed-frame,https://www.ikea.com/us/en/cat/beds-bm003/,1
ikea:0,How much does the MALM bed frame cost at IKEA?,ikea,colly+md,4,https://www.ikea.com/us/en/cat/beds-bm003/,0.5788290807668155,false,malm-bed-frame,https://www.ikea.com/us/en/cat/beds-bm003/,1
ikea:0,How much does the MALM bed frame cost at IKEA?,ikea,colly+md,5,https://www.ikea.com/us/en/cat/beds-with-mattresses-included-700513/,0.5716742028912114,false,malm-bed-frame,https://www.ikea.com/us/en/cat/beds-with-mattresses-included-700513/,2
ikea:1,What's the price of the SLATTUM upholstered bed frame?,ikea,colly+md,1,https://www.ikea.com/us/en/cat/beds-bm003/,0.5995506563421078,false,slattum-upholstered-bed,https://www.ikea.com/us/en/cat/beds-bm003/,1
ikea:1,What's the price of the SLATTUM upholstered bed frame?,ikea,colly+md,2,https://www.ikea.com/us/en/cat/beds-bm003/,0.5989313355492012,false,slattum-upholstered-bed,https://www.ikea.com/us/en/cat/beds-bm003/,1
ikea:1,What's the price of the SLATTUM upholstered bed frame?,ikea,colly+md,3,https://www.ikea.com/us/en/cat/bed-slats-24827/,0.5738029574254068,false,slattum-upholstered-bed,https://www.ikea.com/us/en/cat/bed-slats-24827/,2
ikea:1,What's the price of the SLATTUM upholstered bed frame?,ikea,colly+md,4,https://www.ikea.com/us/en/cat/bed-slats-24827/,0.5598463104433292,false,slattum-upholstered-bed,https://www.ikea.com/us/en/cat/bed-slats-24827/,2
ikea:1,What's the price of the SLATTUM upholstered bed frame?,ikea,colly+md,5,https://www.ikea.com/us/en/cat/beds-bm003/,0.5559235734758798,false,slattum-upholstered-bed,https://www.ikea.com/us/en/cat/beds-bm003/,1
ikea:2,Tell me about the HEMNES 8-drawer dresser,ikea,colly+md,1,https://www.ikea.com/us/en/p/brimnes-3-drawer-dresser-gray-frosted-glass-30598390/,0.6400535697325984,false,hemnes-8-drawer-dresser,https://www.ikea.com/us/en/p/brimnes-3-drawer-dresser-gray-frosted-glass-30598390/,1
ikea:2,Tell me about the HEMNES 8-drawer dresser,ikea,colly+md,2,https://www.ikea.com/us/en/p/brimnes-3-drawer-dresser-white-40572832/,0.6354249906208115,false,hemnes-8-drawer-dresser,https://www.ikea.com/us/en/p/brimnes-3-drawer-dresser-white-40572832/,2
ikea:2,Tell me about the HEMNES 8-drawer dresser,ikea,colly+md,3,https://www.ikea.com/us/en/p/brimnes-3-drawer-dresser-black-20574243/,0.6346105370747939,false,hemnes-8-drawer-dresser,https://www.ikea.com/us/en/p/brimnes-3-drawer-dresser-black-20574243/,3
ikea:2,Tell me about the HEMNES 8-drawer dresser,ikea,colly+md,4,https://www.ikea.com/us/en/p/brimnes-3-drawer-dresser-black-20574243/,0.6158099900597162,false,hemnes-8-drawer-dresser,https://www.ikea.com/us/en/p/brimnes-3-drawer-dresser-black-20574243/,3
ikea:2,Tell me about the HEMNES 8-drawer dresser,ikea,colly+md,5,https://www.ikea.com/us/en/p/brimnes-3-drawer-dresser-white-40572832/,0.6121401737646259,false,hemnes-8-drawer-dresser,https://www.ikea.com/us/en/p/brimnes-3-drawer-dresser-white-40572832/,2
ikea:3,What's the price of the RAST 3-drawer dresser?,ikea,colly+md,1,https://www.ikea.com/us/en/p/brimnes-3-drawer-dresser-black-20574243/,0.5796981072676907,false,rast-3-drawer-dresser,https://www.ikea.com/us/en/p/brimnes-3-drawer-dresser-black-20574243/,1
ikea:3,What's the price of the RAST 3-drawer dresser?,ikea,colly+md,2,https://www.ikea.com/us/en/p/brimnes-3-drawer-dresser-white-40572832/,0.5717060604709626,false,rast-3-drawer-dresser,https://www.ikea.com/us/en/p/brimnes-3-drawer-dresser-white-40572832/,2
ikea:3,What's the price of the RAST 3-drawer dresser?,ikea,colly+md,3,https://www.ikea.com/us/en/p/storklinta-3-drawer-dresser-dark-brown-oak-effect-anc,0.5708244757752238,false,rast-3-drawer-dresser,https://www.ikea.com/us/en/p/storklinta-3-drawer-dresser-dark-brown-oak-effect-anc,3
ikea:3,What's the price of the RAST 3-drawer dresser?,ikea,colly+md,4,https://www.ikea.com/us/en/p/storklinta-3-drawer-dresser-gray-green-anchor-unlock-,0.570099377012195,false,rast-3-drawer-dresser,https://www.ikea.com/us/en/p/storklinta-3-drawer-dresser-gray-green-anchor-unlock-,4
ikea:3,What's the price of the RAST 3-drawer dresser?,ikea,colly+md,5,https://www.ikea.com/us/en/p/brimnes-3-drawer-dresser-gray-frosted-glass-30598390/,0.5694192553591069,false,rast-3-drawer-dresser,https://www.ikea.com/us/en/p/brimnes-3-drawer-dresser-gray-frosted-glass-30598390/,5
ikea:4,What bed frames does IKEA sell?,ikea,colly+md,1,https://www.ikea.com/us/en/cat/beds-bm003/,0.6525736912279566,true,cat/beds,https://www.ikea.com/us/en/cat/beds-bm003/,1
ikea:4,What bed frames does IKEA sell?,ikea,colly+md,2,https://www.ikea.com/us/en/cat/beds-mattresses-bm001/,0.6433197646206549,true,cat/beds,https://www.ikea.com/us/en/cat/beds-mattresses-bm001/,2
ikea:4,What bed frames does IKEA sell?,ikea,colly+md,3,https://www.ikea.com/us/en/cat/beds-bm003/,0.6326552591557009,true,cat/beds,https://www.ikea.com/us/en/cat/beds-bm003/,1
ikea:4,What bed frames does IKEA sell?,ikea,colly+md,4,https://www.ikea.com/us/en/cat/beds-mattresses-bm001/,0.6223052147746193,true,cat/beds,https://www.ikea.com/us/en/cat/beds-mattresses-bm001/,2
ikea:4,What bed frames does IKEA sell?,ikea,colly+md,5,https://www.ikea.com/us/en/cat/beds-with-mattresses-included-700513/,0.6118451895574646,true,cat/beds,https://www.ikea.com/us/en/cat/beds-with-mattresses-included-700513/,3
ikea:5,Show me IKEA's sofa and armchair selection,ikea,colly+md,1,https://www.ikea.com/us/en/cat/sofas-armchairs-700640/,0.7268752896956269,true,cat/sofas-armchairs,https://www.ikea.com/us/en/cat/sofas-armchairs-700640/,1
ikea:5,Show me IKEA's sofa and armchair selection,ikea,colly+md,2,https://www.ikea.com/us/en/cat/armchairs-chaises-fu006/,0.674349866067762,false,cat/sofas-armchairs,https://www.ikea.com/us/en/cat/armchairs-chaises-fu006/,2
ikea:5,Show me IKEA's sofa and armchair selection,ikea,colly+md,3,https://www.ikea.com/us/en/cat/sofas-armchairs-700640/,0.6500330822165903,true,cat/sofas-armchairs,https://www.ikea.com/us/en/cat/sofas-armchairs-700640/,1
ikea:5,Show me IKEA's sofa and armchair selection,ikea,colly+md,4,https://www.ikea.com/us/en/cat/sofas-sectionals-fu003/,0.6470697529287172,false,cat/sofas-armchairs,https://www.ikea.com/us/en/cat/sofas-sectionals-fu003/,3
ikea:5,Show me IKEA's sofa and armchair selection,ikea,colly+md,5,https://www.ikea.com/us/en/cat/sofas-armchairs-700640/,0.6424179673646818,true,cat/sofas-armchairs,https://www.ikea.com/us/en/cat/sofas-armchairs-700640/,1
ikea:6,What dressers and storage drawers does IKEA offer?,ikea,colly+md,1,https://www.ikea.com/us/en/cat/dressers-storage-drawers-st004/,0.6983370082090532,true,cat/dressers-storage-drawers,https://www.ikea.com/us/en/cat/dressers-storage-drawers-st004/,1
ikea:6,What dressers and storage drawers does IKEA offer?,ikea,colly+md,2,https://www.ikea.com/us/en/cat/storage-organization-st001/,0.6315675303446953,false,cat/dressers-storage-drawers,https://www.ikea.com/us/en/cat/storage-organization-st001/,2
ikea:6,What dressers and storage drawers does IKEA offer?,ikea,colly+md,3,https://www.ikea.com/us/en/p/storklinta-3-drawer-dresser-oak-effect-anchor-unlock-,0.6290063137173348,false,cat/dressers-storage-drawers,https://www.ikea.com/us/en/p/storklinta-3-drawer-dresser-oak-effect-anchor-unlock-,3
ikea:6,What dressers and storage drawers does IKEA offer?,ikea,colly+md,4,https://www.ikea.com/us/en/cat/storage-organization-st001/,0.627131880676817,false,cat/dressers-storage-drawers,https://www.ikea.com/us/en/cat/storage-organization-st001/,2
ikea:6,What dressers and storage drawers does IKEA offer?,ikea,colly+md,5,https://www.ikea.com/us/en/p/storklinta-6-drawer-dresser-oak-effect-anchor-unlock-,0.6267194979516384,false,cat/dressers-storage-drawers,https://www.ikea.com/us/en/p/storklinta-6-drawer-dresser-oak-effect-anchor-unlock-,4
ikea:7,How much is the STOREMOLLA 8-drawer dresser at IKEA?,ikea,colly+md,1,https://www.ikea.com/us/en/p/brimnes-3-drawer-dresser-black-20574243/,0.5935218891152708,false,storemolla-8-drawer-dresser,https://www.ikea.com/us/en/p/brimnes-3-drawer-dresser-black-20574243/,1
ikea:7,How much is the STOREMOLLA 8-drawer dresser at IKEA?,ikea,colly+md,2,https://www.ikea.com/us/en/p/brimnes-3-drawer-dresser-white-40572832/,0.5919333708614767,false,storemolla-8-drawer-dresser,https://www.ikea.com/us/en/p/brimnes-3-drawer-dresser-white-40572832/,2
ikea:7,How much is the STOREMOLLA 8-drawer dresser at IKEA?,ikea,colly+md,3,https://www.ikea.com/us/en/p/storklinta-4-drawer-dresser-dark-brown-oak-effect-anc,0.5895253485262477,false,storemolla-8-drawer-dresser,https://www.ikea.com/us/en/p/storklinta-4-drawer-dresser-dark-brown-oak-effect-anc,3
ikea:7,How much is the STOREMOLLA 8-drawer dresser at IKEA?,ikea,colly+md,4,https://www.ikea.com/us/en/p/storklinta-4-drawer-dresser-oak-effect-anchor-unlock-,0.5872854961236424,false,storemolla-8-drawer-dresser,https://www.ikea.com/us/en/p/storklinta-4-drawer-dresser-oak-effect-anchor-unlock-,4
ikea:7,How much is the STOREMOLLA 8-drawer dresser at IKEA?,ikea,colly+md,5,https://www.ikea.com/us/en/p/brimnes-3-drawer-dresser-black-20574243/,0.5838904481262147,false,storemolla-8-drawer-dresser,https://www.ikea.com/us/en/p/brimnes-3-drawer-dresser-black-20574243/,1
ikea:0,How much does the MALM bed frame cost at IKEA?,ikea,playwright,1,https://www.ikea.com/us/en/cat/beds-bm003/,0.6322151495285872,false,malm-bed-frame,https://www.ikea.com/us/en/cat/beds-bm003/,1
ikea:0,How much does the MALM bed frame cost at IKEA?,ikea,playwright,2,https://www.ikea.com/us/en/cat/beds-bm003/,0.5561916540959906,false,malm-bed-frame,https://www.ikea.com/us/en/cat/beds-bm003/,1
ikea:0,How much does the MALM bed frame cost at IKEA?,ikea,playwright,3,https://www.ikea.com/us/en/cat/beds-mattresses-bm001/,0.5521893051443529,false,malm-bed-frame,https://www.ikea.com/us/en/cat/beds-mattresses-bm001/,2
ikea:0,How much does the MALM bed frame cost at IKEA?,ikea,playwright,4,https://www.ikea.com/us/en/cat/beds-bm003/,0.5494440494102092,false,malm-bed-frame,https://www.ikea.com/us/en/cat/beds-bm003/,1
ikea:0,How much does the MALM bed frame cost at IKEA?,ikea,playwright,5,https://www.ikea.com/us/en/cat/brimnes-series-700496/,0.5326306377463527,false,malm-bed-frame,https://www.ikea.com/us/en/cat/brimnes-series-700496/,3
ikea:1,What's the price of the SLATTUM upholstered bed frame?,ikea,playwright,1,https://www.ikea.com/us/en/cat/beds-bm003/,0.5456034544406049,false,slattum-upholstered-bed,https://www.ikea.com/us/en/cat/beds-bm003/,1
ikea:1,What's the price of the SLATTUM upholstered bed frame?,ikea,playwright,2,https://www.ikea.com/us/en/cat/baby-kids-bc001/,0.5290764962828192,false,slattum-upholstered-bed,https://www.ikea.com/us/en/cat/baby-kids-bc001/,2
ikea:1,What's the price of the SLATTUM upholstered bed frame?,ikea,playwright,3,https://www.ikea.com/us/en/cat/baby-kids-bc001/,0.5239384768991684,false,slattum-upholstered-bed,https://www.ikea.com/us/en/cat/baby-kids-bc001/,2
ikea:1,What's the price of the SLATTUM upholstered bed frame?,ikea,playwright,4,https://www.ikea.com/us/en/cat/beds-bm003/,0.5215906310636026,false,slattum-upholstered-bed,https://www.ikea.com/us/en/cat/beds-bm003/,1
ikea:1,What's the price of the SLATTUM upholstered bed frame?,ikea,playwright,5,https://www.ikea.com/us/en/p/hemnes-daybed-frame-with-3-drawers-gray-green-90622896/,0.5097180644163783,false,slattum-upholstered-bed,https://www.ikea.com/us/en/p/hemnes-daybed-frame-with-3-drawers-gray-green-90622896/,3
ikea:2,Tell me about the HEMNES 8-drawer dresser,ikea,playwright,1,https://www.ikea.com/us/en/p/hemnes-daybed-frame-with-3-drawers-gray-green-90622896/,0.6373744346382016,true,hemnes-8-drawer-dresser,https://www.ikea.com/us/en/p/hemnes-daybed-frame-with-3-drawers-gray-green-90622896/,1
ikea:2,Tell me about the HEMNES 8-drawer dresser,ikea,playwright,2,https://www.ikea.com/us/en/p/hemnes-daybed-frame-with-3-drawers-gray-green-90622896/,0.5745711780234087,true,hemnes-8-drawer-dresser,https://www.ikea.com/us/en/p/hemnes-daybed-frame-with-3-drawers-gray-green-90622896/,1
ikea:2,Tell me about the HEMNES 8-drawer dresser,ikea,playwright,3,https://www.ikea.com/us/en/cat/dressers-storage-drawers-st004/,0.5697029103125998,false,hemnes-8-drawer-dresser,https://www.ikea.com/us/en/cat/dressers-storage-drawers-st004/,2
ikea:2,Tell me about the HEMNES 8-drawer dresser,ikea,playwright,4,https://www.ikea.com/us/en/p/storklinta-6-drawer-dresser-gray-green-anchor-unlock-function-50621064/,0.5638296371854942,false,hemnes-8-drawer-dresser,https://www.ikea.com/us/en/p/storklinta-6-drawer-dresser-gray-green-anchor-unlock-function-50621064/,3
ikea:2,Tell me about the HEMNES 8-drawer dresser,ikea,playwright,5,https://www.ikea.com/us/en/cat/backsplashes-wall-panels-19121/,0.5634795141402299,false,hemnes-8-drawer-dresser,https://www.ikea.com/us/en/cat/backsplashes-wall-panels-19121/,4
ikea:3,What's the price of the RAST 3-drawer dresser?,ikea,playwright,1,https://www.ikea.com/us/en/p/storklinta-6-drawer-dresser-dark-brown-oak-effect-anchor-unlock-function-70559278/,0.5230638711394999,false,rast-3-drawer-dresser,https://www.ikea.com/us/en/p/storklinta-6-drawer-dresser-dark-brown-oak-effect-anchor-unlock-function-70559278/,1
ikea:3,What's the price of the RAST 3-drawer dresser?,ikea,playwright,2,https://www.ikea.com/us/en/p/storklinta-6-drawer-dresser-white-anchor-unlock-function-10559281/,0.5207473247797969,false,rast-3-drawer-dresser,https://www.ikea.com/us/en/p/storklinta-6-drawer-dresser-white-anchor-unlock-function-10559281/,2
ikea:3,What's the price of the RAST 3-drawer dresser?,ikea,playwright,3,https://www.ikea.com/us/en/p/storklinta-6-drawer-dresser-gray-green-anchor-unlock-function-50621064/,0.5196569229927354,false,rast-3-drawer-dresser,https://www.ikea.com/us/en/p/storklinta-6-drawer-dresser-gray-green-anchor-unlock-function-50621064/,3
ikea:3,What's the price of the RAST 3-drawer dresser?,ikea,playwright,4,https://www.ikea.com/us/en/p/storklinta-6-drawer-dresser-dark-brown-oak-effect-anchor-unlock-function-70559278/,0.5159321395037756,false,rast-3-drawer-dresser,https://www.ikea.com/us/en/p/storklinta-6-drawer-dresser-dark-brown-oak-effect-anchor-unlock-function-70559278/,1
ikea:3,What's the price of the RAST 3-drawer dresser?,ikea,playwright,5,https://www.ikea.com/us/en/p/storklinta-6-drawer-dresser-oak-effect-anchor-unlock-function-50559279/,0.5122905003418473,false,rast-3-drawer-dresser,https://www.ikea.com/us/en/p/storklinta-6-drawer-dresser-oak-effect-anchor-unlock-function-50559279/,4
ikea:4,What bed frames does IKEA sell?,ikea,playwright,1,https://www.ikea.com/us/en/cat/beds-bm003/,0.7739112274292265,true,cat/beds,https://www.ikea.com/us/en/cat/beds-bm003/,1
ikea:4,What bed frames does IKEA sell?,ikea,playwright,2,https://www.ikea.com/us/en/cat/beds-mattresses-bm001/,0.6703556672191309,true,cat/beds,https://www.ikea.com/us/en/cat/beds-mattresses-bm001/,2
ikea:4,What bed frames does IKEA sell?,ikea,playwright,3,https://www.ikea.com/us/en/cat/beds-bm003/,0.6498294803895915,true,cat/beds,https://www.ikea.com/us/en/cat/beds-bm003/,1
ikea:4,What bed frames does IKEA sell?,ikea,playwright,4,https://www.ikea.com/us/en/cat/products-products/,0.6320857634376854,false,cat/beds,https://www.ikea.com/us/en/cat/products-products/,3
ikea:4,What bed frames does IKEA sell?,ikea,playwright,5,https://www.ikea.com/us/en/cat/sleeper-sofas-10663/,0.6090795487540699,false,cat/beds,https://www.ikea.com/us/en/cat/sleeper-sofas-10663/,4
ikea:5,Show me IKEA's sofa and armchair selection,ikea,playwright,1,https://www.ikea.com/us/en/cat/sofas-armchairs-700640/,0.7659671588997079,true,cat/sofas-armchairs,https://www.ikea.com/us/en/cat/sofas-armchairs-700640/,1
ikea:5,Show me IKEA's sofa and armchair selection,ikea,playwright,2,https://www.ikea.com/us/en/cat/sofas-sectionals-fu003/,0.7047587955855561,false,cat/sofas-armchairs,https://www.ikea.com/us/en/cat/sofas-sectionals-fu003/,2
ikea:5,Show me IKEA's sofa and armchair selection,ikea,playwright,3,https://www.ikea.com/us/en/cat/armchairs-chaises-fu006/,0.6749903507524574,false,cat/sofas-armchairs,https://www.ikea.com/us/en/cat/armchairs-chaises-fu006/,3
ikea:5,Show me IKEA's sofa and armchair selection,ikea,playwright,4,https://www.ikea.com/us/en/cat/sofas-armchairs-700640/,0.6500330822165903,true,cat/sofas-armchairs,https://www.ikea.com/us/en/cat/sofas-armchairs-700640/,1
ikea:5,Show me IKEA's sofa and armchair selection,ikea,playwright,5,https://www.ikea.com/us/en/cat/tables-chairs-fu002/,0.6495583826462862,false,cat/sofas-armchairs,https://www.ikea.com/us/en/cat/tables-chairs-fu002/,4
ikea:6,What dressers and storage drawers does IKEA offer?,ikea,playwright,1,https://www.ikea.com/us/en/cat/dressers-storage-drawers-st004/,0.7470684331575772,true,cat/dressers-storage-drawers,https://www.ikea.com/us/en/cat/dressers-storage-drawers-st004/,1
ikea:6,What dressers and storage drawers does IKEA offer?,ikea,playwright,2,https://www.ikea.com/us/en/cat/storage-organization-st001/,0.7067563127529479,false,cat/dressers-storage-drawers,https://www.ikea.com/us/en/cat/storage-organization-st001/,2
ikea:6,What dressers and storage drawers does IKEA offer?,ikea,playwright,3,https://www.ikea.com/us/en/cat/dressers-storage-drawers-st004/,0.6949401670220223,true,cat/dressers-storage-drawers,https://www.ikea.com/us/en/cat/dressers-storage-drawers-st004/,1
ikea:6,What dressers and storage drawers does IKEA offer?,ikea,playwright,4,https://www.ikea.com/us/en/cat/display-storage-cabinets-st003/,0.6844353979149295,false,cat/dressers-storage-drawers,https://www.ikea.com/us/en/cat/display-storage-cabinets-st003/,3
ikea:6,What dressers and storage drawers does IKEA offer?,ikea,playwright,5,https://www.ikea.com/us/en/cat/besta-storage-system-46053/,0.6540141339704952,false,cat/dressers-storage-drawers,https://www.ikea.com/us/en/cat/besta-storage-system-46053/,4
ikea:7,How much is the STOREMOLLA 8-drawer dresser at IKEA?,ikea,playwright,1,https://www.ikea.com/us/en/cat/dressers-storage-drawers-st004/,0.573397549671464,false,storemolla-8-drawer-dresser,https://www.ikea.com/us/en/cat/dressers-storage-drawers-st004/,1
ikea:7,How much is the STOREMOLLA 8-drawer dresser at IKEA?,ikea,playwright,2,https://www.ikea.com/us/en/p/storklinta-6-drawer-dresser-oak-effect-anchor-unlock-function-50559279/,0.5662001069557682,false,storemolla-8-drawer-dresser,https://www.ikea.com/us/en/p/storklinta-6-drawer-dresser-oak-effect-anchor-unlock-function-50559279/,2
ikea:7,How much is the STOREMOLLA 8-drawer dresser at IKEA?,ikea,playwright,3,https://www.ikea.com/us/en/p/storklinta-6-drawer-dresser-dark-brown-oak-effect-anchor-unlock-function-70559278/,0.5658356221540403,false,storemolla-8-drawer-dresser,https://www.ikea.com/us/en/p/storklinta-6-drawer-dresser-dark-brown-oak-effect-anchor-unlock-function-70559278/,3
ikea:7,How much is the STOREMOLLA 8-drawer dresser at IKEA?,ikea,playwright,4,https://www.ikea.com/us/en/p/storklinta-6-drawer-dresser-oak-effect-anchor-unlock-function-50559279/,0.5648688067369568,false,storemolla-8-drawer-dresser,https://www.ikea.com/us/en/p/storklinta-6-drawer-dresser-oak-effect-anchor-unlock-function-50559279/,2
ikea:7,How much is the STOREMOLLA 8-drawer dresser at IKEA?,ikea,playwright,5,https://www.ikea.com/us/en/p/storklinta-6-drawer-dresser-gray-green-anchor-unlock-function-50621064/,0.564685267563327,false,storemolla-8-drawer-dresser,https://www.ikea.com/us/en/p/storklinta-6-drawer-dresser-gray-green-anchor-unlock-function-50621064/,4
newegg:0,What graphics cards are available at Newegg?,newegg,crawl4ai,1,https://www.newegg.com/GPUs-Video-Graphics-Cards/SubCategory/ID-48,0.6682343400884566,true,GPUs-Video-Graphics-Cards,https://www.newegg.com/gpus-video-graphics-cards/subcategory/id-48,1
newegg:0,What graphics cards are available at Newegg?,newegg,crawl4ai,2,https://www.newegg.com/GPU-Video-Graphics-Device/Category/ID-38,0.6641359739828008,false,GPUs-Video-Graphics-Cards,https://www.newegg.com/gpu-video-graphics-device/category/id-38,2
newegg:0,What graphics cards are available at Newegg?,newegg,crawl4ai,3,https://www.newegg.com/Video-Card-Accessories/SubCategory/ID-321,0.6250604940783447,false,GPUs-Video-Graphics-Cards,https://www.newegg.com/video-card-accessories/subcategory/id-321,3
newegg:0,What graphics cards are available at Newegg?,newegg,crawl4ai,4,https://www.newegg.com/GPU-Video-Graphics-Device/Category/ID-38,0.6205552756067777,false,GPUs-Video-Graphics-Cards,https://www.newegg.com/gpu-video-graphics-device/category/id-38,2
newegg:0,What graphics cards are available at Newegg?,newegg,crawl4ai,5,https://www.newegg.com/GPU-Video-Graphics-Device/Category/ID-38,0.611412664425576,false,GPUs-Video-Graphics-Cards,https://www.newegg.com/gpu-video-graphics-device/category/id-38,2
newegg:1,What laptops does Newegg sell?,newegg,crawl4ai,1,https://www.newegg.com/tools/laptop-finder?cm_sp=hamburger-_-shopping-tools-_-laptop-finder,0.6303920787537086,false,Laptops-Notebooks,https://www.newegg.com/tools/laptop-finder?cm_sp=hamburger-_-shopping-tools-_-laptop-finder,1
newegg:1,What laptops does Newegg sell?,newegg,crawl4ai,2,https://www.newegg.com/tools/laptop-finder?cm_sp=hamburger-_-shopping-tools-_-laptop-finder,0.6216290710969519,false,Laptops-Notebooks,https://www.newegg.com/tools/laptop-finder?cm_sp=hamburger-_-shopping-tools-_-laptop-finder,1
newegg:1,What laptops does Newegg sell?,newegg,crawl4ai,3,https://www.newegg.com/Computer-Systems/Store/ID-3,0.575606456887615,false,Laptops-Notebooks,https://www.newegg.com/computer-systems/store/id-3,2
newegg:1,What laptops does Newegg sell?,newegg,crawl4ai,4,https://www.newegg.com/Laptop-Internal-Hard-Drives/SubCategory/ID-380,0.5724956583481338,false,Laptops-Notebooks,https://www.newegg.com/laptop-internal-hard-drives/subcategory/id-380,3
newegg:1,What laptops does Newegg sell?,newegg,crawl4ai,5,https://www.newegg.com/Other-Computer-Accessories/SubCategory/ID-95,0.5686463091223057,false,Laptops-Notebooks,https://www.newegg.com/other-computer-accessories/subcategory/id-95,4
newegg:2,How much does the AMD Ryzen 7 9800X3D CPU cost?,newegg,crawl4ai,1,https://www.newegg.com/CPU-Processor/Category/ID-34,0.6369364012765691,false,ryzen-7-9800x3d,https://www.newegg.com/cpu-processor/category/id-34,1
newegg:2,How much does the AMD Ryzen 7 9800X3D CPU cost?,newegg,crawl4ai,2,https://www.newegg.com/Everyday-Saving-Trending-Deals/EventSaleStore/ID-9447?N=100006676&cm_sp=Tab_Components-_-Flyout-_-Deals-by-Categroy-_-CPU-Processor,0.6188162367714488,false,ryzen-7-9800x3d,https://www.newegg.com/everyday-saving-trending-deals/eventsalestore/id-9447?N=100006676&cm_sp=Tab_Components-_-Flyout-_-Deals-by-Categroy-_-CPU-Processor,2
newegg:2,How much does the AMD Ryzen 7 9800X3D CPU cost?,newegg,crawl4ai,3,https://www.newegg.com/CPU-Processor/Category/ID-34,0.6133112934942612,false,ryzen-7-9800x3d,https://www.newegg.com/cpu-processor/category/id-34,1
newegg:2,How much does the AMD Ryzen 7 9800X3D CPU cost?,newegg,crawl4ai,4,https://www.newegg.com/Everyday-Saving-Trending-Deals/EventSaleStore/ID-9447?N=100006676&cm_sp=Tab_Components-_-Flyout-_-Deals-by-Categroy-_-CPU-Processor,0.6106396156904768,false,ryzen-7-9800x3d,https://www.newegg.com/everyday-saving-trending-deals/eventsalestore/id-9447?N=100006676&cm_sp=Tab_Components-_-Flyout-_-Deals-by-Categroy-_-CPU-Processor,2
newegg:2,How much does the AMD Ryzen 7 9800X3D CPU cost?,newegg,crawl4ai,5,https://www.newegg.com/Everyday-Saving-Trending-Deals/EventSaleStore/ID-9447?N=100006676&cm_sp=Tab_Components-_-Flyout-_-Deals-by-Categroy-_-CPU-Processor,0.6092161003089223,false,ryzen-7-9800x3d,https://www.newegg.com/everyday-saving-trending-deals/eventsalestore/id-9447?N=100006676&cm_sp=Tab_Components-_-Flyout-_-Deals-by-Categroy-_-CPU-Processor,2
newegg:3,What is the price of the Intel Core i9-14900K?,newegg,crawl4ai,1,https://www.newegg.com/CPU-Processor/Category/ID-34,0.6005554819429813,false,i9-14900k,https://www.newegg.com/cpu-processor/category/id-34,1
newegg:3,What is the price of the Intel Core i9-14900K?,newegg,crawl4ai,2,https://www.newegg.com/CPU-Processor/Category/ID-34,0.5986585199108607,false,i9-14900k,https://www.newegg.com/cpu-processor/category/id-34,1
newegg:3,What is the price of the Intel Core i9-14900K?,newegg,crawl4ai,3,https://www.newegg.com/Everyday-Saving-Trending-Deals/EventSaleStore/ID-9447?N=100006676&cm_sp=Tab_Components-_-Flyout-_-Deals-by-Categroy-_-CPU-Processor,0.5875213753156461,false,i9-14900k,https://www.newegg.com/everyday-saving-trending-deals/eventsalestore/id-9447?N=100006676&cm_sp=Tab_Components-_-Flyout-_-Deals-by-Categroy-_-CPU-Processor,2
newegg:3,What is the price of the Intel Core i9-14900K?,newegg,crawl4ai,4,https://www.newegg.com/Everyday-Saving-Trending-Deals/EventSaleStore/ID-9447?N=100006676&cm_sp=Tab_Components-_-Flyout-_-Deals-by-Categroy-_-CPU-Processor,0.5814685019048023,false,i9-14900k,https://www.newegg.com/everyday-saving-trending-deals/eventsalestore/id-9447?N=100006676&cm_sp=Tab_Components-_-Flyout-_-Deals-by-Categroy-_-CPU-Processor,2
newegg:3,What is the price of the Intel Core i9-14900K?,newegg,crawl4ai,5,https://www.newegg.com/CPU-Processor/Category/ID-34,0.5795311364449276,false,i9-14900k,https://www.newegg.com/cpu-processor/category/id-34,1
newegg:4,Tell me about the GIGABYTE GeForce RTX 5090 graphics card,newegg,crawl4ai,1,https://www.newegg.com/GPUs-Video-Graphics-Cards/SubCategory/ID-48,0.6739706611759685,false,gv-n5090gaming,https://www.newegg.com/gpus-video-graphics-cards/subcategory/id-48,1
newegg:4,Tell me about the GIGABYTE GeForce RTX 5090 graphics card,newegg,crawl4ai,2,https://www.newegg.com/GPUs-Video-Graphics-Cards/SubCategory/ID-48,0.6622815780259428,false,gv-n5090gaming,https://www.newegg.com/gpus-video-graphics-cards/subcategory/id-48,1
newegg:4,Tell me about the GIGABYTE GeForce RTX 5090 graphics card,newegg,crawl4ai,3,https://www.newegg.com/GPU-Video-Graphics-Device/Category/ID-38,0.6213948500904553,false,gv-n5090gaming,https://www.newegg.com/gpu-video-graphics-device/category/id-38,2
newegg:4,Tell me about the GIGABYTE GeForce RTX 5090 graphics card,newegg,crawl4ai,4,https://www.newegg.com/GPU-Video-Graphics-Device/Category/ID-38,0.6169996217942515,false,gv-n5090gaming,https://www.newegg.com/gpu-video-graphics-device/category/id-38,2
newegg:4,Tell me about the GIGABYTE GeForce RTX 5090 graphics card,newegg,crawl4ai,5,https://www.newegg.com/GPUs-Video-Graphics-Cards/SubCategory/ID-48,0.6022645073335066,false,gv-n5090gaming,https://www.newegg.com/gpus-video-graphics-cards/subcategory/id-48,1
newegg:5,How much does the SAPPHIRE Radeon RX 9070 XT cost?,newegg,crawl4ai,1,https://www.newegg.com/Everyday-Saving-Trending-Deals/EventSaleStore/ID-9447?N=100006662&cm_sp=Tab_Components-_-Flyout-_-Deals-by-Categroy-_-Video-Card,0.5784543065524802,false,radeon-rx-9070-xt,https://www.newegg.com/everyday-saving-trending-deals/eventsalestore/id-9447?N=100006662&cm_sp=Tab_Components-_-Flyout-_-Deals-by-Categroy-_-Video-Card,1
newegg:5,How much does the SAPPHIRE Radeon RX 9070 XT cost?,newegg,crawl4ai,2,https://www.newegg.com/Everyday-Saving-Trending-Deals/EventSaleStore/ID-9447?N=100006662&cm_sp=Tab_Components-_-Flyout-_-Deals-by-Categroy-_-Video-Card,0.5741906409084089,false,radeon-rx-9070-xt,https://www.newegg.com/everyday-saving-trending-deals/eventsalestore/id-9447?N=100006662&cm_sp=Tab_Components-_-Flyout-_-Deals-by-Categroy-_-Video-Card,1
newegg:5,How much does the SAPPHIRE Radeon RX 9070 XT cost?,newegg,crawl4ai,3,https://www.newegg.com/GPUs-Video-Graphics-Cards/SubCategory/ID-48,0.5697735099762373,false,radeon-rx-9070-xt,https://www.newegg.com/gpus-video-graphics-cards/subcategory/id-48,2
newegg:5,How much does the SAPPHIRE Radeon RX 9070 XT cost?,newegg,crawl4ai,4,https://www.newegg.com/GPUs-Video-Graphics-Cards/SubCategory/ID-48,0.5582228873351227,false,radeon-rx-9070-xt,https://www.newegg.com/gpus-video-graphics-cards/subcategory/id-48,2
newegg:5,How much does the SAPPHIRE Radeon RX 9070 XT cost?,newegg,crawl4ai,5,https://www.newegg.com/GPUs-Video-Graphics-Cards/SubCategory/ID-48,0.5575881876562107,false,radeon-rx-9070-xt,https://www.newegg.com/gpus-video-graphics-cards/subcategory/id-48,2
newegg:6,What ASUS TUF gaming laptops are available on Newegg?,newegg,crawl4ai,1,https://www.newegg.com/tools/laptop-finder?cm_sp=hamburger-_-shopping-tools-_-laptop-finder,0.6022669470603673,false,asus-tuf-gaming,https://www.newegg.com/tools/laptop-finder?cm_sp=hamburger-_-shopping-tools-_-laptop-finder,1
newegg:6,What ASUS TUF gaming laptops are available on Newegg?,newegg,crawl4ai,2,https://www.newegg.com/tools/laptop-finder?cm_sp=hamburger-_-shopping-tools-_-laptop-finder,0.5957255639640893,false,asus-tuf-gaming,https://www.newegg.com/tools/laptop-finder?cm_sp=hamburger-_-shopping-tools-_-laptop-finder,1
newegg:6,What ASUS TUF gaming laptops are available on Newegg?,newegg,crawl4ai,3,https://www.newegg.com/tools/laptop-finder?cm_sp=hamburger-_-shopping-tools-_-laptop-finder,0.5874721689817413,false,asus-tuf-gaming,https://www.newegg.com/tools/laptop-finder?cm_sp=hamburger-_-shopping-tools-_-laptop-finder,1
newegg:6,What ASUS TUF gaming laptops are available on Newegg?,newegg,crawl4ai,4,https://www.newegg.com/tools/laptop-finder?cm_sp=hamburger-_-shopping-tools-_-laptop-finder,0.5853961979029726,false,asus-tuf-gaming,https://www.newegg.com/tools/laptop-finder?cm_sp=hamburger-_-shopping-tools-_-laptop-finder,1
newegg:6,What ASUS TUF gaming laptops are available on Newegg?,newegg,crawl4ai,5,https://www.newegg.com/p/pl?N=100006519+4016,0.5698434688727911,false,asus-tuf-gaming,https://www.newegg.com/p/pl?N=100006519+4016,2
newegg:7,What electronics categories does Newegg offer?,newegg,crawl4ai,1,https://www.newegg.com/,0.6851774499810083,false,Electronics/Store,https://www.newegg.com/,1
newegg:7,What electronics categories does Newegg offer?,newegg,crawl4ai,2,https://www.newegg.com/Everyday-Saving-Trending-Deals/EventSaleStore/ID-9447?N=100006662&cm_sp=Tab_Components-_-Flyout-_-Deals-by-Categroy-_-Video-Card,0.6414376293121138,false,Electronics/Store,https://www.newegg.com/everyday-saving-trending-deals/eventsalestore/id-9447?N=100006662&cm_sp=Tab_Components-_-Flyout-_-Deals-by-Categroy-_-Video-Card,2
newegg:7,What electronics categories does Newegg offer?,newegg,crawl4ai,3,https://www.newegg.com/Everyday-Saving-Trending-Deals/EventSaleStore/ID-9447?N=100006644&cm_sp=Tab_Components-_-Flyout-_-Deals-by-Categroy-_-Computer-Case,0.6277768663772519,false,Electronics/Store,https://www.newegg.com/everyday-saving-trending-deals/eventsalestore/id-9447?N=100006644&cm_sp=Tab_Components-_-Flyout-_-Deals-by-Categroy-_-Computer-Case,3
newegg:7,What electronics categories does Newegg offer?,newegg,crawl4ai,4,https://www.newegg.com/Everyday-Saving-Trending-Deals/EventSaleStore/ID-9447?N=100006676&cm_sp=Tab_Components-_-Flyout-_-Deals-by-Categroy-_-CPU-Processor,0.6274271927362867,false,Electronics/Store,https://www.newegg.com/everyday-saving-trending-deals/eventsalestore/id-9447?N=100006676&cm_sp=Tab_Components-_-Flyout-_-Deals-by-Categroy-_-CPU-Processor,4
newegg:7,What electronics categories does Newegg offer?,newegg,crawl4ai,5,https://www.newegg.com/Everyday-Saving-Trending-Deals/EventSaleStore/ID-9447?N=100011693&cm_sp=Tab_Components-_-Flyout-_-Deals-by-Category-_-SSD,0.6274271927362867,false,Electronics/Store,https://www.newegg.com/everyday-saving-trending-deals/eventsalestore/id-9447?N=100011693&cm_sp=Tab_Components-_-Flyout-_-Deals-by-Category-_-SSD,5
newegg:0,What graphics cards are available at Newegg?,newegg,crawl4ai-raw,1,https://www.newegg.com/GPUs-Video-Graphics-Cards/SubCategory/ID-48,0.6682343400884566,true,GPUs-Video-Graphics-Cards,https://www.newegg.com/gpus-video-graphics-cards/subcategory/id-48,1
newegg:0,What graphics cards are available at Newegg?,newegg,crawl4ai-raw,2,https://www.newegg.com/GPU-Video-Graphics-Device/Category/ID-38,0.6641359739828008,false,GPUs-Video-Graphics-Cards,https://www.newegg.com/gpu-video-graphics-device/category/id-38,2
newegg:0,What graphics cards are available at Newegg?,newegg,crawl4ai-raw,3,https://www.newegg.com/GPU-Video-Graphics-Device/Category/ID-38,0.6257608100719453,false,GPUs-Video-Graphics-Cards,https://www.newegg.com/gpu-video-graphics-device/category/id-38,2
newegg:0,What graphics cards are available at Newegg?,newegg,crawl4ai-raw,4,https://www.newegg.com/Video-Card-Accessories/SubCategory/ID-321,0.6251389248780223,false,GPUs-Video-Graphics-Cards,https://www.newegg.com/video-card-accessories/subcategory/id-321,3
newegg:0,What graphics cards are available at Newegg?,newegg,crawl4ai-raw,5,https://www.newegg.com/GPU-Video-Graphics-Device/Category/ID-38,0.6205552756067777,false,GPUs-Video-Graphics-Cards,https://www.newegg.com/gpu-video-graphics-device/category/id-38,2
newegg:1,What laptops does Newegg sell?,newegg,crawl4ai-raw,1,https://www.newegg.com/tools/laptop-finder?cm_sp=hamburger-_-shopping-tools-_-laptop-finder,0.6303920787537086,false,Laptops-Notebooks,https://www.newegg.com/tools/laptop-finder?cm_sp=hamburger-_-shopping-tools-_-laptop-finder,1
newegg:1,What laptops does Newegg sell?,newegg,crawl4ai-raw,2,https://www.newegg.com/tools/laptop-finder?cm_sp=hamburger-_-shopping-tools-_-laptop-finder,0.6216290710969519,false,Laptops-Notebooks,https://www.newegg.com/tools/laptop-finder?cm_sp=hamburger-_-shopping-tools-_-laptop-finder,1
newegg:1,What laptops does Newegg sell?,newegg,crawl4ai-raw,3,https://www.newegg.com/Computer-Systems/Store/ID-3,0.5756192196571477,false,Laptops-Notebooks,https://www.newegg.com/computer-systems/store/id-3,2
newegg:1,What laptops does Newegg sell?,newegg,crawl4ai-raw,4,https://www.newegg.com/Laptop-Internal-Hard-Drives/SubCategory/ID-380,0.5724947342634796,false,Laptops-Notebooks,https://www.newegg.com/laptop-internal-hard-drives/subcategory/id-380,3
newegg:1,What laptops does Newegg sell?,newegg,crawl4ai-raw,5,https://www.newegg.com/Other-Computer-Accessories/SubCategory/ID-95,0.5686463091223057,false,Laptops-Notebooks,https://www.newegg.com/other-computer-accessories/subcategory/id-95,4
newegg:2,How much does the AMD Ryzen 7 9800X3D CPU cost?,newegg,crawl4ai-raw,1,https://www.newegg.com/CPU-Processor/Category/ID-34,0.6367093317686179,false,ryzen-7-9800x3d,https://www.newegg.com/cpu-processor/category/id-34,1
newegg:2,How much does the AMD Ryzen 7 9800X3D CPU cost?,newegg,crawl4ai-raw,2,https://www.newegg.com/Everyday-Saving-Trending-Deals/EventSaleStore/ID-9447?N=100006676&cm_sp=Tab_Components-_-Flyout-_-Deals-by-Categroy-_-CPU-Processor,0.6153789426735264,false,ryzen-7-9800x3d,https://www.newegg.com/everyday-saving-trending-deals/eventsalestore/id-9447?N=100006676&cm_sp=Tab_Components-_-Flyout-_-Deals-by-Categroy-_-CPU-Processor,2
newegg:2,How much does the AMD Ryzen 7 9800X3D CPU cost?,newegg,crawl4ai-raw,3,https://www.newegg.com/CPU-Processor/Category/ID-34,0.6130638955188391,false,ryzen-7-9800x3d,https://www.newegg.com/cpu-processor/category/id-34,1
newegg:2,How much does the AMD Ryzen 7 9800X3D CPU cost?,newegg,crawl4ai-raw,4,https://www.newegg.com/Everyday-Saving-Trending-Deals/EventSaleStore/ID-9447?N=100006676&cm_sp=Tab_Components-_-Flyout-_-Deals-by-Categroy-_-CPU-Processor,0.6126348816117408,false,ryzen-7-9800x3d,https://www.newegg.com/everyday-saving-trending-deals/eventsalestore/id-9447?N=100006676&cm_sp=Tab_Components-_-Flyout-_-Deals-by-Categroy-_-CPU-Processor,2
newegg:2,How much does the AMD Ryzen 7 9800X3D CPU cost?,newegg,crawl4ai-raw,5,https://www.newegg.com/Everyday-Saving-Trending-Deals/EventSaleStore/ID-9447?N=100006676&cm_sp=Tab_Components-_-Flyout-_-Deals-by-Categroy-_-CPU-Processor,0.6064870598918157,false,ryzen-7-9800x3d,https://www.newegg.com/everyday-saving-trending-deals/eventsalestore/id-9447?N=100006676&cm_sp=Tab_Components-_-Flyout-_-Deals-by-Categroy-_-CPU-Processor,2
newegg:3,What is the price of the Intel Core i9-14900K?,newegg,crawl4ai-raw,1,https://www.newegg.com/CPU-Processor/Category/ID-34,0.6004369812768274,false,i9-14900k,https://www.newegg.com/cpu-processor/category/id-34,1
newegg:3,What is the price of the Intel Core i9-14900K?,newegg,crawl4ai-raw,2,https://www.newegg.com/CPU-Processor/Category/ID-34,0.5987035285216399,false,i9-14900k,https://www.newegg.com/cpu-processor/category/id-34,1
newegg:3,What is the price of the Intel Core i9-14900K?,newegg,crawl4ai-raw,3,https://www.newegg.com/Everyday-Saving-Trending-Deals/EventSaleStore/ID-9447?N=100006676&cm_sp=Tab_Components-_-Flyout-_-Deals-by-Categroy-_-CPU-Processor,0.586058377175776,false,i9-14900k,https://www.newegg.com/everyday-saving-trending-deals/eventsalestore/id-9447?N=100006676&cm_sp=Tab_Components-_-Flyout-_-Deals-by-Categroy-_-CPU-Processor,2
newegg:3,What is the price of the Intel Core i9-14900K?,newegg,crawl4ai-raw,4,https://www.newegg.com/Everyday-Saving-Trending-Deals/EventSaleStore/ID-9447?N=100006676&cm_sp=Tab_Components-_-Flyout-_-Deals-by-Categroy-_-CPU-Processor,0.5851697574139888,false,i9-14900k,https://www.newegg.com/everyday-saving-trending-deals/eventsalestore/id-9447?N=100006676&cm_sp=Tab_Components-_-Flyout-_-Deals-by-Categroy-_-CPU-Processor,2
newegg:3,What is the price of the Intel Core i9-14900K?,newegg,crawl4ai-raw,5,https://www.newegg.com/Everyday-Saving-Trending-Deals/EventSaleStore/ID-9447?N=100006676&cm_sp=Tab_Components-_-Flyout-_-Deals-by-Categroy-_-CPU-Processor,0.5800832229046136,false,i9-14900k,https://www.newegg.com/everyday-saving-trending-deals/eventsalestore/id-9447?N=100006676&cm_sp=Tab_Components-_-Flyout-_-Deals-by-Categroy-_-CPU-Processor,2
newegg:4,Tell me about the GIGABYTE GeForce RTX 5090 graphics card,newegg,crawl4ai-raw,1,https://www.newegg.com/GPUs-Video-Graphics-Cards/SubCategory/ID-48,0.6739706611759685,false,gv-n5090gaming,https://www.newegg.com/gpus-video-graphics-cards/subcategory/id-48,1
newegg:4,Tell me about the GIGABYTE GeForce RTX 5090 graphics card,newegg,crawl4ai-raw,2,https://www.newegg.com/GPUs-Video-Graphics-Cards/SubCategory/ID-48,0.6622815780259428,false,gv-n5090gaming,https://www.newegg.com/gpus-video-graphics-cards/subcategory/id-48,1
newegg:4,Tell me about the GIGABYTE GeForce RTX 5090 graphics card,newegg,crawl4ai-raw,3,https://www.newegg.com/GPU-Video-Graphics-Device/Category/ID-38,0.6213948500904553,false,gv-n5090gaming,https://www.newegg.com/gpu-video-graphics-device/category/id-38,2
newegg:4,Tell me about the GIGABYTE GeForce RTX 5090 graphics card,newegg,crawl4ai-raw,4,https://www.newegg.com/GPU-Video-Graphics-Device/Category/ID-38,0.6169996217942515,false,gv-n5090gaming,https://www.newegg.com/gpu-video-graphics-device/category/id-38,2
newegg:4,Tell me about the GIGABYTE GeForce RTX 5090 graphics card,newegg,crawl4ai-raw,5,https://www.newegg.com/GPU-Video-Graphics-Device/Category/ID-38,0.6098441314255993,false,gv-n5090gaming,https://www.newegg.com/gpu-video-graphics-device/category/id-38,2
newegg:5,How much does the SAPPHIRE Radeon RX 9070 XT cost?,newegg,crawl4ai-raw,1,https://www.newegg.com/Everyday-Saving-Trending-Deals/EventSaleStore/ID-9447?N=100006662&cm_sp=Tab_Components-_-Flyout-_-Deals-by-Categroy-_-Video-Card,0.5784543065524802,false,radeon-rx-9070-xt,https://www.newegg.com/everyday-saving-trending-deals/eventsalestore/id-9447?N=100006662&cm_sp=Tab_Components-_-Flyout-_-Deals-by-Categroy-_-Video-Card,1
newegg:5,How much does the SAPPHIRE Radeon RX 9070 XT cost?,newegg,crawl4ai-raw,2,https://www.newegg.com/Everyday-Saving-Trending-Deals/EventSaleStore/ID-9447?N=100006662&cm_sp=Tab_Components-_-Flyout-_-Deals-by-Categroy-_-Video-Card,0.5727437104307764,false,radeon-rx-9070-xt,https://www.newegg.com/everyday-saving-trending-deals/eventsalestore/id-9447?N=100006662&cm_sp=Tab_Components-_-Flyout-_-Deals-by-Categroy-_-Video-Card,1
newegg:5,How much does the SAPPHIRE Radeon RX 9070 XT cost?,newegg,crawl4ai-raw,3,https://www.newegg.com/GPUs-Video-Graphics-Cards/SubCategory/ID-48,0.5697735099762373,false,radeon-rx-9070-xt,https://www.newegg.com/gpus-video-graphics-cards/subcategory/id-48,2
newegg:5,How much does the SAPPHIRE Radeon RX 9070 XT cost?,newegg,crawl4ai-raw,4,https://www.newegg.com/GPUs-Video-Graphics-Cards/SubCategory/ID-48,0.5582228873351227,false,radeon-rx-9070-xt,https://www.newegg.com/gpus-video-graphics-cards/subcategory/id-48,2
newegg:5,How much does the SAPPHIRE Radeon RX 9070 XT cost?,newegg,crawl4ai-raw,5,https://www.newegg.com/GPUs-Video-Graphics-Cards/SubCategory/ID-48,0.5575881876562107,false,radeon-rx-9070-xt,https://www.newegg.com/gpus-video-graphics-cards/subcategory/id-48,2
newegg:6,What ASUS TUF gaming laptops are available on Newegg?,newegg,crawl4ai-raw,1,https://www.newegg.com/tools/laptop-finder?cm_sp=hamburger-_-shopping-tools-_-laptop-finder,0.6022669470603673,false,asus-tuf-gaming,https://www.newegg.com/tools/laptop-finder?cm_sp=hamburger-_-shopping-tools-_-laptop-finder,1
newegg:6,What ASUS TUF gaming laptops are available on Newegg?,newegg,crawl4ai-raw,2,https://www.newegg.com/tools/laptop-finder?cm_sp=hamburger-_-shopping-tools-_-laptop-finder,0.5957255639640893,false,asus-tuf-gaming,https://www.newegg.com/tools/laptop-finder?cm_sp=hamburger-_-shopping-tools-_-laptop-finder,1
newegg:6,What ASUS TUF gaming laptops are available on Newegg?,newegg,crawl4ai-raw,3,https://www.newegg.com/tools/laptop-finder?cm_sp=hamburger-_-shopping-tools-_-laptop-finder,0.5874721689817413,false,asus-tuf-gaming,https://www.newegg.com/tools/laptop-finder?cm_sp=hamburger-_-shopping-tools-_-laptop-finder,1
newegg:6,What ASUS TUF gaming laptops are available on Newegg?,newegg,crawl4ai-raw,4,https://www.newegg.com/tools/laptop-finder?cm_sp=hamburger-_-shopping-tools-_-laptop-finder,0.5853961979029726,false,asus-tuf-gaming,https://www.newegg.com/tools/laptop-finder?cm_sp=hamburger-_-shopping-tools-_-laptop-finder,1
newegg:6,What ASUS TUF gaming laptops are available on Newegg?,newegg,crawl4ai-raw,5,https://www.newegg.com/p/pl?N=100006519+4016,0.5699233650661383,false,asus-tuf-gaming,https://www.newegg.com/p/pl?N=100006519+4016,2
newegg:7,What electronics categories does Newegg offer?,newegg,crawl4ai-raw,1,https://www.newegg.com/,0.6852021556376727,false,Electronics/Store,https://www.newegg.com/,1
newegg:7,What electronics categories does Newegg offer?,newegg,crawl4ai-raw,2,https://www.newegg.com/Everyday-Saving-Trending-Deals/EventSaleStore/ID-9447?N=100006662&cm_sp=Tab_Components-_-Flyout-_-Deals-by-Categroy-_-Video-Card,0.6414376293121138,false,Electronics/Store,https://www.newegg.com/everyday-saving-trending-deals/eventsalestore/id-9447?N=100006662&cm_sp=Tab_Components-_-Flyout-_-Deals-by-Categroy-_-Video-Card,2
newegg:7,What electronics categories does Newegg offer?,newegg,crawl4ai-raw,3,https://www.newegg.com/Everyday-Saving-Trending-Deals/EventSaleStore/ID-9447?N=100011693&cm_sp=Tab_Components-_-Flyout-_-Deals-by-Category-_-SSD,0.6274271927362867,false,Electronics/Store,https://www.newegg.com/everyday-saving-trending-deals/eventsalestore/id-9447?N=100011693&cm_sp=Tab_Components-_-Flyout-_-Deals-by-Category-_-SSD,3
newegg:7,What electronics categories does Newegg offer?,newegg,crawl4ai-raw,4,https://www.newegg.com/Everyday-Saving-Trending-Deals/EventSaleStore/ID-9447?N=100006654&cm_sp=Tab_Components-_-Flyout-_-Deals-by-Categroy-_-Motherboard,0.6274271927362867,false,Electronics/Store,https://www.newegg.com/everyday-saving-trending-deals/eventsalestore/id-9447?N=100006654&cm_sp=Tab_Components-_-Flyout-_-Deals-by-Categroy-_-Motherboard,4
newegg:7,What electronics categories does Newegg offer?,newegg,crawl4ai-raw,5,https://www.newegg.com/Everyday-Saving-Trending-Deals/EventSaleStore/ID-9447?N=100006676&cm_sp=Tab_Components-_-Flyout-_-Deals-by-Categroy-_-CPU-Processor,0.6274271927362867,false,Electronics/Store,https://www.newegg.com/everyday-saving-trending-deals/eventsalestore/id-9447?N=100006676&cm_sp=Tab_Components-_-Flyout-_-Deals-by-Categroy-_-CPU-Processor,5
newegg:0,What graphics cards are available at Newegg?,newegg,colly+md,1,https://www.newegg.com/GPUs-Video-Graphics-Cards/SubCategory/ID-48?mid1=PageSEO,0.6148585858726611,true,GPUs-Video-Graphics-Cards,https://www.newegg.com/gpus-video-graphics-cards/subcategory/id-48?mid1=PageSEO,1
newegg:0,What graphics cards are available at Newegg?,newegg,colly+md,2,https://www.newegg.com/GPUs-Video-Graphics-Cards/SubCategory/ID-48?Tpk=GPU&mid1=Pa,0.6148151392471342,true,GPUs-Video-Graphics-Cards,https://www.newegg.com/gpus-video-graphics-cards/subcategory/id-48?Tpk=GPU&mid1=Pa,2
newegg:0,What graphics cards are available at Newegg?,newegg,colly+md,3,https://www.newegg.com/d/Best-Sellers/GPU-Video-Graphics-Device/c/ID-38,0.6025916012988135,false,GPUs-Video-Graphics-Cards,https://www.newegg.com/d/best-sellers/gpu-video-graphics-device/c/id-38,3
newegg:0,What graphics cards are available at Newegg?,newegg,colly+md,4,https://www.newegg.com/GPUs-Video-Graphics-Cards/SubCategory/ID-48?Tpk=GPU&mid1=Pa,0.5918518680299206,true,GPUs-Video-Graphics-Cards,https://www.newegg.com/gpus-video-graphics-cards/subcategory/id-48?Tpk=GPU&mid1=Pa,2
newegg:0,What graphics cards are available at Newegg?,newegg,colly+md,5,https://www.newegg.com/GPUs-Video-Graphics-Cards/SubCategory/ID-48?mid1=PageSEO,0.591835176388085,true,GPUs-Video-Graphics-Cards,https://www.newegg.com/gpus-video-graphics-cards/subcategory/id-48?mid1=PageSEO,1
newegg:1,What laptops does Newegg sell?,newegg,colly+md,1,https://www.newegg.com/All-Laptop/SubCategory/ID-32/Page-3,0.6855364666702,false,Laptops-Notebooks,https://www.newegg.com/all-laptop/subcategory/id-32/page-3,1
newegg:1,What laptops does Newegg sell?,newegg,colly+md,2,https://www.newegg.com/All-Laptop/SubCategory/ID-32/Page-6,0.6855364666702,false,Laptops-Notebooks,https://www.newegg.com/all-laptop/subcategory/id-32/page-6,2
newegg:1,What laptops does Newegg sell?,newegg,colly+md,3,https://www.newegg.com/All-Laptop/SubCategory/ID-32/Page-7,0.6720251330727004,false,Laptops-Notebooks,https://www.newegg.com/all-laptop/subcategory/id-32/page-7,3
newegg:1,What laptops does Newegg sell?,newegg,colly+md,4,https://www.newegg.com/All-Laptop/SubCategory/ID-32/Page-20,0.6720251330727004,false,Laptops-Notebooks,https://www.newegg.com/all-laptop/subcategory/id-32/page-20,4
newegg:1,What laptops does Newegg sell?,newegg,colly+md,5,https://www.newegg.com/All-Laptop/SubCategory/ID-32/Page-3,0.668861128255029,false,Laptops-Notebooks,https://www.newegg.com/all-laptop/subcategory/id-32/page-3,1
newegg:2,How much does the AMD Ryzen 7 9800X3D CPU cost?,newegg,colly+md,1,https://www.newegg.com/p/pl?d=CPU&mid1=PageSEO,0.6458484142245929,false,ryzen-7-9800x3d,https://www.newegg.com/p/pl?d=CPU&mid1=PageSEO,1
newegg:2,How much does the AMD Ryzen 7 9800X3D CPU cost?,newegg,colly+md,2,https://www.newegg.com/p/pl?d=CPU&mid1=PageSEO,0.6229616612384091,false,ryzen-7-9800x3d,https://www.newegg.com/p/pl?d=CPU&mid1=PageSEO,1
newegg:2,How much does the AMD Ryzen 7 9800X3D CPU cost?,newegg,colly+md,3,https://www.newegg.com/d/Best-Sellers/CPU-Processor/c/ID-34,0.6196819376160257,false,ryzen-7-9800x3d,https://www.newegg.com/d/best-sellers/cpu-processor/c/id-34,2
newegg:2,How much does the AMD Ryzen 7 9800X3D CPU cost?,newegg,colly+md,4,https://www.newegg.com/p/pl?d=CPU&mid1=PageSEO,0.6131905488846457,false,ryzen-7-9800x3d,https://www.newegg.com/p/pl?d=CPU&mid1=PageSEO,1
newegg:2,How much does the AMD Ryzen 7 9800X3D CPU cost?,newegg,colly+md,5,https://www.newegg.com/AMD-CPU-Free-Storage/EventSaleStore/ID-10389?cm/sp=Head/Nav,0.6060688598925654,false,ryzen-7-9800x3d,https://www.newegg.com/amd-cpu-free-storage/eventsalestore/id-10389?cm/sp=Head/Nav,3
newegg:3,What is the price of the Intel Core i9-14900K?,newegg,colly+md,1,https://www.newegg.com/d/Best-Sellers/CPU-Processor/c/ID-34,0.6308642274643421,false,i9-14900k,https://www.newegg.com/d/best-sellers/cpu-processor/c/id-34,1
newegg:3,What is the price of the Intel Core i9-14900K?,newegg,colly+md,2,https://www.newegg.com/d/best-sellers?cm/sp=Head/Navigation-/-Under/Search/Bar-/-B,0.6120686657097016,false,i9-14900k,https://www.newegg.com/d/best-sellers?cm/sp=Head/Navigation-/-Under/Search/Bar-/-B,2
newegg:3,What is the price of the Intel Core i9-14900K?,newegg,colly+md,3,https://www.newegg.com/All-Laptop/SubCategory/ID-32/Page-6,0.5981244857800516,false,i9-14900k,https://www.newegg.com/all-laptop/subcategory/id-32/page-6,3
newegg:3,What is the price of the Intel Core i9-14900K?,newegg,colly+md,4,https://www.newegg.com/p/pl?N=5000062%205000061%205000058%205000056%205000052%2010,0.5981244857800516,false,i9-14900k,https://www.newegg.com/p/pl?N=5000062%205000061%205000058%205000056%205000052%2010,4
newegg:3,What is the price of the Intel Core i9-14900K?,newegg,colly+md,5,https://www.newegg.com/All-Laptop/SubCategory/ID-32/Page-4,0.5981244857800516,false,i9-14900k,https://www.newegg.com/all-laptop/subcategory/id-32/page-4,5
newegg:4,Tell me about the GIGABYTE GeForce RTX 5090 graphics card,newegg,colly+md,1,https://www.newegg.com/d/Best-Sellers/GPU-Video-Graphics-Device/c/ID-38,0.7105124930646756,false,gv-n5090gaming,https://www.newegg.com/d/best-sellers/gpu-video-graphics-device/c/id-38,1
newegg:4,Tell me about the GIGABYTE GeForce RTX 5090 graphics card,newegg,colly+md,2,https://www.newegg.com/d/Best-Sellers/GPU-Video-Graphics-Device/c/ID-38,0.6927970058617978,false,gv-n5090gaming,https://www.newegg.com/d/best-sellers/gpu-video-graphics-device/c/id-38,1
newegg:4,Tell me about the GIGABYTE GeForce RTX 5090 graphics card,newegg,colly+md,3,https://www.newegg.com/GPUs-Video-Graphics-Cards/SubCategory/ID-48?mid1=PageSEO,0.6491900796558137,false,gv-n5090gaming,https://www.newegg.com/gpus-video-graphics-cards/subcategory/id-48?mid1=PageSEO,2
newegg:4,Tell me about the GIGABYTE GeForce RTX 5090 graphics card,newegg,colly+md,4,https://www.newegg.com/GPUs-Video-Graphics-Cards/SubCategory/ID-48?Tpk=GPU&mid1=Pa,0.6491601574514552,false,gv-n5090gaming,https://www.newegg.com/gpus-video-graphics-cards/subcategory/id-48?Tpk=GPU&mid1=Pa,3
newegg:4,Tell me about the GIGABYTE GeForce RTX 5090 graphics card,newegg,colly+md,5,https://www.newegg.com/GPUs-Video-Graphics-Cards/SubCategory/ID-48?mid1=PageSEO,0.6420307345356545,false,gv-n5090gaming,https://www.newegg.com/gpus-video-graphics-cards/subcategory/id-48?mid1=PageSEO,2
newegg:5,How much does the SAPPHIRE Radeon RX 9070 XT cost?,newegg,colly+md,1,https://www.newegg.com/d/Best-Sellers/GPU-Video-Graphics-Device/c/ID-38,0.5895927317793662,false,radeon-rx-9070-xt,https://www.newegg.com/d/best-sellers/gpu-video-graphics-device/c/id-38,1
newegg:5,How much does the SAPPHIRE Radeon RX 9070 XT cost?,newegg,colly+md,2,https://www.newegg.com/GPUs-Video-Graphics-Cards/SubCategory/ID-48?Tpk=GPU&mid1=Pa,0.5723484400243514,false,radeon-rx-9070-xt,https://www.newegg.com/gpus-video-graphics-cards/subcategory/id-48?Tpk=GPU&mid1=Pa,2
newegg:5,How much does the SAPPHIRE Radeon RX 9070 XT cost?,newegg,colly+md,3,https://www.newegg.com/GPUs-Video-Graphics-Cards/SubCategory/ID-48?mid1=PageSEO,0.5723484400243514,false,radeon-rx-9070-xt,https://www.newegg.com/gpus-video-graphics-cards/subcategory/id-48?mid1=PageSEO,3
newegg:5,How much does the SAPPHIRE Radeon RX 9070 XT cost?,newegg,colly+md,4,https://www.newegg.com/promotions/nepro/23-1322/index.html?cm/sp=Head/Navigation-/,0.5709259649925268,false,radeon-rx-9070-xt,https://www.newegg.com/promotions/nepro/23-1322/index.html?cm/sp=Head/Navigation-/,4
newegg:5,How much does the SAPPHIRE Radeon RX 9070 XT cost?,newegg,colly+md,5,https://www.newegg.com/promotions/nepro/23-1322/index.html?cm/sp=newegg/footer-/-t,0.5709259649925268,false,radeon-rx-9070-xt,https://www.newegg.com/promotions/nepro/23-1322/index.html?cm/sp=newegg/footer-/-t,5
newegg:6,What ASUS TUF gaming laptops are available on Newegg?,newegg,colly+md,1,https://www.newegg.com/p/pl?N=100006740%2050001315&mid1=PageSEO,0.6596414995930051,false,asus-tuf-gaming,https://www.newegg.com/p/pl?N=100006740%2050001315&mid1=PageSEO,1
newegg:6,What ASUS TUF gaming laptops are available on Newegg?,newegg,colly+md,2,https://www.newegg.com/Gaming-Laptops/SubCategory/ID-3365?mid1=PageSEO,0.6561887264503807,false,asus-tuf-gaming,https://www.newegg.com/gaming-laptops/subcategory/id-3365?mid1=PageSEO,2
newegg:6,What ASUS TUF gaming laptops are available on Newegg?,newegg,colly+md,3,https://www.newegg.com/Gaming-Laptops/SubCategory/ID-3365?mid1=PageSEO,0.6530985003637059,false,asus-tuf-gaming,https://www.newegg.com/gaming-laptops/subcategory/id-3365?mid1=PageSEO,2
newegg:6,What ASUS TUF gaming laptops are available on Newegg?,newegg,colly+md,4,https://www.newegg.com/Gaming-Laptops/SubCategory/ID-3365?mid1=PageSEO,0.6523568459857872,false,asus-tuf-gaming,https://www.newegg.com/gaming-laptops/subcategory/id-3365?mid1=PageSEO,2
newegg:6,What ASUS TUF gaming laptops are available on Newegg?,newegg,colly+md,5,https://www.newegg.com/p/pl?N=100006740%2050001315&mid1=PageSEO,0.6491082651550097,false,asus-tuf-gaming,https://www.newegg.com/p/pl?N=100006740%2050001315&mid1=PageSEO,1
newegg:7,What electronics categories does Newegg offer?,newegg,colly+md,1,https://www.newegg.com/,0.6749232137711523,false,Electronics/Store,https://www.newegg.com/,1
newegg:7,What electronics categories does Newegg offer?,newegg,colly+md,2,https://www.newegg.com/,0.6625696291667519,false,Electronics/Store,https://www.newegg.com/,1
newegg:7,What electronics categories does Newegg offer?,newegg,colly+md,3,https://www.newegg.com/Newegg-Deals/EventSaleStore/ID-9447?N=4890&cm/sp=EventStore,0.6296212738083571,false,Electronics/Store,https://www.newegg.com/newegg-deals/eventsalestore/id-9447?N=4890&cm/sp=EventStore,2
newegg:7,What electronics categories does Newegg offer?,newegg,colly+md,4,https://www.newegg.com/d/Best-Sellers/Electronics/t/ID-10,0.6277411185140008,true,Electronics/Store,https://www.newegg.com/d/best-sellers/electronics/t/id-10,3
newegg:7,What electronics categories does Newegg offer?,newegg,colly+md,5,https://www.newegg.com/Newegg-Deals/EventSaleStore/ID-9447?N=4890&cm/sp=EventStore,0.6263494968705479,false,Electronics/Store,https://www.newegg.com/newegg-deals/eventsalestore/id-9447?N=4890&cm/sp=EventStore,2
newegg:0,What graphics cards are available at Newegg?,newegg,playwright,1,https://www.newegg.com/promotions/nepro/23-1322/index.html?cm_sp=Tradein_entrance-_-RolloverMenu,0.5339526777070294,false,GPUs-Video-Graphics-Cards,https://www.newegg.com/promotions/nepro/23-1322/index.html?cm_sp=Tradein_entrance-_-RolloverMenu,1
newegg:0,What graphics cards are available at Newegg?,newegg,playwright,2,https://www.newegg.com/promotions/nepro/23-1322/index.html,0.5328414698019214,false,GPUs-Video-Graphics-Cards,https://www.newegg.com/promotions/nepro/23-1322/index.html,2
newegg:0,What graphics cards are available at Newegg?,newegg,playwright,3,https://www.newegg.com/,0.528023630739253,false,GPUs-Video-Graphics-Cards,https://www.newegg.com/,3
newegg:0,What graphics cards are available at Newegg?,newegg,playwright,4,https://www.newegg.com/promotions/nepro/18-1881/index.html?cm_sp=neweggstorecreditcard_entrance-_-RolloverMenu,0.48275156409030906,false,GPUs-Video-Graphics-Cards,https://www.newegg.com/promotions/nepro/18-1881/index.html?cm_sp=neweggstorecreditcard_entrance-_-RolloverMenu,4
newegg:0,What graphics cards are available at Newegg?,newegg,playwright,5,https://www.newegg.com/,0.4786129483900695,false,GPUs-Video-Graphics-Cards,https://www.newegg.com/,3
newegg:1,What laptops does Newegg sell?,newegg,playwright,1,https://www.newegg.com/,0.5471176691297236,false,Laptops-Notebooks,https://www.newegg.com/,1
newegg:1,What laptops does Newegg sell?,newegg,playwright,2,https://www.newegg.com/,0.545944839588302,false,Laptops-Notebooks,https://www.newegg.com/,1
newegg:1,What laptops does Newegg sell?,newegg,playwright,3,https://www.newegg.com/promotions/nepro/23-1322/index.html?cm_sp=Tradein_entrance-_-RolloverMenu,0.49888674410971245,false,Laptops-Notebooks,https://www.newegg.com/promotions/nepro/23-1322/index.html?cm_sp=Tradein_entrance-_-RolloverMenu,2
newegg:1,What laptops does Newegg sell?,newegg,playwright,4,https://www.newegg.com/promotions/nepro/23-1322/index.html,0.49793523565036124,false,Laptops-Notebooks,https://www.newegg.com/promotions/nepro/23-1322/index.html,3
newegg:1,What laptops does Newegg sell?,newegg,playwright,5,https://www.newegg.com/,0.4943861750581914,false,Laptops-Notebooks,https://www.newegg.com/,1
newegg:2,How much does the AMD Ryzen 7 9800X3D CPU cost?,newegg,playwright,1,https://www.newegg.com/promotions/nepro/23-1322/index.html,0.593625569367914,false,ryzen-7-9800x3d,https://www.newegg.com/promotions/nepro/23-1322/index.html,1
newegg:2,How much does the AMD Ryzen 7 9800X3D CPU cost?,newegg,playwright,2,https://www.newegg.com/promotions/nepro/23-1322/index.html?cm_sp=Tradein_entrance-_-RolloverMenu,0.593625569367914,false,ryzen-7-9800x3d,https://www.newegg.com/promotions/nepro/23-1322/index.html?cm_sp=Tradein_entrance-_-RolloverMenu,2
newegg:2,How much does the AMD Ryzen 7 9800X3D CPU cost?,newegg,playwright,3,https://www.newegg.com/promotions/nepro/23-1322/index.html?cm_sp=Tradein_entrance-_-RolloverMenu,0.5864575363043322,false,ryzen-7-9800x3d,https://www.newegg.com/promotions/nepro/23-1322/index.html?cm_sp=Tradein_entrance-_-RolloverMenu,2
newegg:2,How much does the AMD Ryzen 7 9800X3D CPU cost?,newegg,playwright,4,https://www.newegg.com/promotions/nepro/23-1322/index.html,0.5864575363043322,false,ryzen-7-9800x3d,https://www.newegg.com/promotions/nepro/23-1322/index.html,1
newegg:2,How much does the AMD Ryzen 7 9800X3D CPU cost?,newegg,playwright,5,https://www.newegg.com/,0.5717851586802732,false,ryzen-7-9800x3d,https://www.newegg.com/,3
newegg:3,What is the price of the Intel Core i9-14900K?,newegg,playwright,1,https://www.newegg.com/promotions/nepro/23-1322/index.html,0.5583935345752447,false,i9-14900k,https://www.newegg.com/promotions/nepro/23-1322/index.html,1
newegg:3,What is the price of the Intel Core i9-14900K?,newegg,playwright,2,https://www.newegg.com/promotions/nepro/23-1322/index.html?cm_sp=Tradein_entrance-_-RolloverMenu,0.5583935345752447,false,i9-14900k,https://www.newegg.com/promotions/nepro/23-1322/index.html?cm_sp=Tradein_entrance-_-RolloverMenu,2
newegg:3,What is the price of the Intel Core i9-14900K?,newegg,playwright,3,https://www.newegg.com/,0.539381078283674,false,i9-14900k,https://www.newegg.com/,3
newegg:3,What is the price of the Intel Core i9-14900K?,newegg,playwright,4,https://www.newegg.com/promotions/nepro/23-1322/index.html?cm_sp=Tradein_entrance-_-RolloverMenu,0.5264629089709628,false,i9-14900k,https://www.newegg.com/promotions/nepro/23-1322/index.html?cm_sp=Tradein_entrance-_-RolloverMenu,2
newegg:3,What is the price of the Intel Core i9-14900K?,newegg,playwright,5,https://www.newegg.com/promotions/nepro/23-1322/index.html,0.5264629089709628,false,i9-14900k,https://www.newegg.com/promotions/nepro/23-1322/index.html,1
newegg:4,Tell me about the GIGABYTE GeForce RTX 5090 graphics card,newegg,playwright,1,https://www.newegg.com/,0.507953018365619,false,gv-n5090gaming,https://www.newegg.com/,1
newegg:4,Tell me about the GIGABYTE GeForce RTX 5090 graphics card,newegg,playwright,2,https://www.newegg.com/promotions/nepro/23-1322/index.html?cm_sp=Tradein_entrance-_-RolloverMenu,0.49537264531803865,false,gv-n5090gaming,https://www.newegg.com/promotions/nepro/23-1322/index.html?cm_sp=Tradein_entrance-_-RolloverMenu,2
newegg:4,Tell me about the GIGABYTE GeForce RTX 5090 graphics card,newegg,playwright,3,https://www.newegg.com/promotions/nepro/23-1322/index.html,0.495357907616245,false,gv-n5090gaming,https://www.newegg.com/promotions/nepro/23-1322/index.html,3
newegg:4,Tell me about the GIGABYTE GeForce RTX 5090 graphics card,newegg,playwright,4,https://www.newegg.com/,0.48297636590075244,false,gv-n5090gaming,https://www.newegg.com/,1
newegg:4,Tell me about the GIGABYTE GeForce RTX 5090 graphics card,newegg,playwright,5,https://www.newegg.com/,0.47980274162507036,false,gv-n5090gaming,https://www.newegg.com/,1
newegg:5,How much does the SAPPHIRE Radeon RX 9070 XT cost?,newegg,playwright,1,https://www.newegg.com/promotions/nepro/23-1322/index.html,0.5709456729574272,false,radeon-rx-9070-xt,https://www.newegg.com/promotions/nepro/23-1322/index.html,1
newegg:5,How much does the SAPPHIRE Radeon RX 9070 XT cost?,newegg,playwright,2,https://www.newegg.com/promotions/nepro/23-1322/index.html?cm_sp=Tradein_entrance-_-RolloverMenu,0.5709259649925268,false,radeon-rx-9070-xt,https://www.newegg.com/promotions/nepro/23-1322/index.html?cm_sp=Tradein_entrance-_-RolloverMenu,2
newegg:5,How much does the SAPPHIRE Radeon RX 9070 XT cost?,newegg,playwright,3,https://www.newegg.com/promotions/nepro/23-1322/index.html,0.449676615957818,false,radeon-rx-9070-xt,https://www.newegg.com/promotions/nepro/23-1322/index.html,1
newegg:5,How much does the SAPPHIRE Radeon RX 9070 XT cost?,newegg,playwright,4,https://www.newegg.com/promotions/nepro/23-1322/index.html?cm_sp=Tradein_entrance-_-RolloverMenu,0.449676615957818,false,radeon-rx-9070-xt,https://www.newegg.com/promotions/nepro/23-1322/index.html?cm_sp=Tradein_entrance-_-RolloverMenu,2
newegg:5,How much does the SAPPHIRE Radeon RX 9070 XT cost?,newegg,playwright,5,https://www.newegg.com/promotions/nepro/23-1322/index.html,0.4444679247499554,false,radeon-rx-9070-xt,https://www.newegg.com/promotions/nepro/23-1322/index.html,1
newegg:6,What ASUS TUF gaming laptops are available on Newegg?,newegg,playwright,1,https://www.newegg.com/asus-nuc-configurator?cm_sp=hamburger-_-shopping-tools-_-asus-nuc-config,0.551900590689249,false,asus-tuf-gaming,https://www.newegg.com/asus-nuc-configurator?cm_sp=hamburger-_-shopping-tools-_-asus-nuc-config,1
newegg:6,What ASUS TUF gaming laptops are available on Newegg?,newegg,playwright,2,https://www.newegg.com/,0.5127562115391731,false,asus-tuf-gaming,https://www.newegg.com/,2
newegg:6,What ASUS TUF gaming laptops are available on Newegg?,newegg,playwright,3,https://www.newegg.com/,0.5056247514594325,false,asus-tuf-gaming,https://www.newegg.com/,2
newegg:6,What ASUS TUF gaming laptops are available on Newegg?,newegg,playwright,4,https://www.newegg.com/asus-nuc-configurator?cm_sp=hamburger-_-shopping-tools-_-asus-nuc-config,0.5028336784915111,false,asus-tuf-gaming,https://www.newegg.com/asus-nuc-configurator?cm_sp=hamburger-_-shopping-tools-_-asus-nuc-config,1
newegg:6,What ASUS TUF gaming laptops are available on Newegg?,newegg,playwright,5,https://www.newegg.com/,0.4939750380112296,false,asus-tuf-gaming,https://www.newegg.com/,2
newegg:7,What electronics categories does Newegg offer?,newegg,playwright,1,https://www.newegg.com/,0.6749232137711523,false,Electronics/Store,https://www.newegg.com/,1
newegg:7,What electronics categories does Newegg offer?,newegg,playwright,2,https://www.newegg.com/,0.6644573048547604,false,Electronics/Store,https://www.newegg.com/,1
newegg:7,What electronics categories does Newegg offer?,newegg,playwright,3,https://www.newegg.com/,0.5897721726699798,false,Electronics/Store,https://www.newegg.com/,1
newegg:7,What electronics categories does Newegg offer?,newegg,playwright,4,https://www.newegg.com/,0.5418504353897216,false,Electronics/Store,https://www.newegg.com/,1
newegg:7,What electronics categories does Newegg offer?,newegg,playwright,5,https://www.newegg.com/insider/how-to-choose-the-best-desktop-processor-cpu-buying-guide/,0.5380601173431949,false,Electronics/Store,https://www.newegg.com/insider/how-to-choose-the-best-desktop-processor-cpu-buying-guide/,2
propublica:0,What ProPublica investigations cover criminal justice?,propublica,markcrawl,1,https://www.propublica.org/article/propublica-most-read-stories-2025,0.5437282557219442,false,criminal-justice,https://www.propublica.org/article/propublica-most-read-stories-2025,1
propublica:0,What ProPublica investigations cover criminal justice?,propublica,markcrawl,2,https://www.propublica.org/article/propublica-investigations-february-impact,0.5252557837284357,false,criminal-justice,https://www.propublica.org/article/propublica-investigations-february-impact,2
propublica:0,What ProPublica investigations cover criminal justice?,propublica,markcrawl,3,https://www.propublica.org/article/propublica-investigations-you-may-have-missed-2025,0.5157129031613393,false,criminal-justice,https://www.propublica.org/article/propublica-investigations-you-may-have-missed-2025,3
propublica:0,What ProPublica investigations cover criminal justice?,propublica,markcrawl,4,https://www.propublica.org/article/immigration-military-trespassing-charges-pam-bondi,0.49817398357865456,false,criminal-justice,https://www.propublica.org/article/immigration-military-trespassing-charges-pam-bondi,4
propublica:0,What ProPublica investigations cover criminal justice?,propublica,markcrawl,5,https://www.propublica.org/article/propublica-most-read-stories-2025,0.49452719430058645,false,criminal-justice,https://www.propublica.org/article/propublica-most-read-stories-2025,1
propublica:1,What is ProPublica reporting about healthcare?,propublica,markcrawl,1,https://www.propublica.org/article/propublica-most-read-stories-2025,0.5704693181499821,false,health,https://www.propublica.org/article/propublica-most-read-stories-2025,1
propublica:1,What is ProPublica reporting about healthcare?,propublica,markcrawl,2,https://www.propublica.org/article/rx-inspector-reshaping-decisions-generic-drugs,0.5479011793327119,false,health,https://www.propublica.org/article/rx-inspector-reshaping-decisions-generic-drugs,2
propublica:1,What is ProPublica reporting about healthcare?,propublica,markcrawl,3,https://www.propublica.org/article/prospect-medical-malpractice-bankruptcy-hospitals-doctors-philadelphia,0.5407569115828096,false,health,https://www.propublica.org/article/prospect-medical-malpractice-bankruptcy-hospitals-doctors-philadelphia,3
propublica:1,What is ProPublica reporting about healthcare?,propublica,markcrawl,4,https://www.propublica.org/article/prospect-medical-malpractice-bankruptcy-hospitals-doctors-philadelphia,0.5199039902027817,false,health,https://www.propublica.org/article/prospect-medical-malpractice-bankruptcy-hospitals-doctors-philadelphia,3
propublica:1,What is ProPublica reporting about healthcare?,propublica,markcrawl,5,https://www.propublica.org/article/cliffords-promise-phoebe-hospital-albany-georgia,0.516612070216786,false,health,https://www.propublica.org/article/cliffords-promise-phoebe-hospital-albany-georgia,4
propublica:2,What ProPublica articles discuss politics and government accountability?,propublica,markcrawl,1,https://www.propublica.org/article/propublica-most-read-stories-2025,0.5717300878219218,false,politics,https://www.propublica.org/article/propublica-most-read-stories-2025,1
propublica:2,What ProPublica articles discuss politics and government accountability?,propublica,markcrawl,2,https://www.propublica.org/article/propublica-reaching-out-reporting-obstacles,0.5119755474617453,false,politics,https://www.propublica.org/article/propublica-reaching-out-reporting-obstacles,2
propublica:2,What ProPublica articles discuss politics and government accountability?,propublica,markcrawl,3,https://www.propublica.org/article/propublica-most-read-stories-2025,0.5017472060658131,false,politics,https://www.propublica.org/article/propublica-most-read-stories-2025,1
propublica:2,What ProPublica articles discuss politics and government accountability?,propublica,markcrawl,4,https://www.propublica.org/article/propublica-reaching-out-reporting-obstacles,0.4989134103132134,false,politics,https://www.propublica.org/article/propublica-reaching-out-reporting-obstacles,2
propublica:2,What ProPublica articles discuss politics and government accountability?,propublica,markcrawl,5,https://www.propublica.org/article/propublica-investigations-you-may-have-missed-2025,0.48488113455361764,false,politics,https://www.propublica.org/article/propublica-investigations-you-may-have-missed-2025,3
propublica:3,What environmental or climate investigations does ProPublica have?,propublica,markcrawl,1,https://www.propublica.org/article/propublica-most-read-stories-2025,0.5186808477429935,false,climate,https://www.propublica.org/article/propublica-most-read-stories-2025,1
propublica:3,What environmental or climate investigations does ProPublica have?,propublica,markcrawl,2,https://www.propublica.org/article/propublica-investigations-you-may-have-missed-2025,0.46666282283658883,false,climate,https://www.propublica.org/article/propublica-investigations-you-may-have-missed-2025,2
propublica:3,What environmental or climate investigations does ProPublica have?,propublica,markcrawl,3,https://www.propublica.org/article/propublica-reaching-out-reporting-obstacles,0.4644036949726009,false,climate,https://www.propublica.org/article/propublica-reaching-out-reporting-obstacles,3
propublica:3,What environmental or climate investigations does ProPublica have?,propublica,markcrawl,4,https://www.propublica.org/article/climate-change-alec-leonard-leo-lawsuits-fossil-fuel-oil-gas-immunity,0.4582827143838888,true,climate,https://www.propublica.org/article/climate-change-alec-leonard-leo-lawsuits-fossil-fuel-oil-gas-immunity,4
propublica:3,What environmental or climate investigations does ProPublica have?,propublica,markcrawl,5,https://www.propublica.org/article/propublica-investigative-editor-training-program-2026,0.45491794824498266,false,climate,https://www.propublica.org/article/propublica-investigative-editor-training-program-2026,5
propublica:4,What ProPublica stories cover immigration?,propublica,markcrawl,1,https://www.propublica.org/article/propublica-most-read-stories-2025,0.6508140959669572,false,immigration,https://www.propublica.org/article/propublica-most-read-stories-2025,1
propublica:4,What ProPublica stories cover immigration?,propublica,markcrawl,2,https://www.propublica.org/article/trump-familia-deportaciones-ice-ciudadanos-ninos,0.6498433810965424,false,immigration,https://www.propublica.org/article/trump-familia-deportaciones-ice-ciudadanos-ninos,2
propublica:4,What ProPublica stories cover immigration?,propublica,markcrawl,3,https://www.propublica.org/article/trump-family-deportations-ice-citizen-kids,0.6290571221913155,false,immigration,https://www.propublica.org/article/trump-family-deportations-ice-citizen-kids,3
propublica:4,What ProPublica stories cover immigration?,propublica,markcrawl,4,https://www.propublica.org/article/immigration-military-trespassing-charges-pam-bondi,0.6111157173268442,true,immigration,https://www.propublica.org/article/immigration-military-trespassing-charges-pam-bondi,4
propublica:4,What ProPublica stories cover immigration?,propublica,markcrawl,5,https://www.propublica.org/article/habeas-petitions-immigrant-detentions-trump,0.6081178548458521,false,immigration,https://www.propublica.org/article/habeas-petitions-immigrant-detentions-trump,5
propublica:5,What is the main ProPublica homepage with featured stories?,propublica,markcrawl,1,https://www.propublica.org/article/propublica-most-read-stories-2025,0.5563991512587242,true,propublica.org/,https://www.propublica.org/article/propublica-most-read-stories-2025,1
propublica:5,What is the main ProPublica homepage with featured stories?,propublica,markcrawl,2,https://www.propublica.org/article/propublica-investigations-you-may-have-missed-2025,0.4750353314349155,true,propublica.org/,https://www.propublica.org/article/propublica-investigations-you-may-have-missed-2025,2
propublica:5,What is the main ProPublica homepage with featured stories?,propublica,markcrawl,3,https://www.propublica.org/article/propublica-reaching-out-reporting-obstacles,0.46150534294231266,true,propublica.org/,https://www.propublica.org/article/propublica-reaching-out-reporting-obstacles,3
propublica:5,What is the main ProPublica homepage with featured stories?,propublica,markcrawl,4,https://www.propublica.org/article/propublica-most-read-stories-2025,0.4574723119298079,true,propublica.org/,https://www.propublica.org/article/propublica-most-read-stories-2025,1
propublica:5,What is the main ProPublica homepage with featured stories?,propublica,markcrawl,5,https://www.propublica.org/article/propublica-investigations-february-impact,0.4574004801718928,true,propublica.org/,https://www.propublica.org/article/propublica-investigations-february-impact,4
propublica:0,What ProPublica investigations cover criminal justice?,propublica,crawl4ai,1,https://www.propublica.org/topics/criminal-justice,0.6444248788601343,true,criminal-justice,https://www.propublica.org/topics/criminal-justice,1
propublica:0,What ProPublica investigations cover criminal justice?,propublica,crawl4ai,2,https://www.propublica.org/about,0.6152146720425615,false,criminal-justice,https://www.propublica.org/about,2
propublica:0,What ProPublica investigations cover criminal justice?,propublica,crawl4ai,3,https://www.propublica.org/collaborate,0.6076638087033206,false,criminal-justice,https://www.propublica.org/collaborate,3
propublica:0,What ProPublica investigations cover criminal justice?,propublica,crawl4ai,4,https://www.propublica.org/,0.6053863609160975,false,criminal-justice,https://www.propublica.org/,4
propublica:0,What ProPublica investigations cover criminal justice?,propublica,crawl4ai,5,https://www.propublica.org,0.6053863609160975,false,criminal-justice,https://www.propublica.org,5
propublica:1,What is ProPublica reporting about healthcare?,propublica,crawl4ai,1,https://www.propublica.org/about,0.6152293184055758,false,health,https://www.propublica.org/about,1
propublica:1,What is ProPublica reporting about healthcare?,propublica,crawl4ai,2,https://www.propublica.org/topics/health-care,0.602821222174853,true,health,https://www.propublica.org/topics/health-care,2
propublica:1,What is ProPublica reporting about healthcare?,propublica,crawl4ai,3,https://www.propublica.org/topics/health-care,0.5863630641828199,true,health,https://www.propublica.org/topics/health-care,2
propublica:1,What is ProPublica reporting about healthcare?,propublica,crawl4ai,4,https://www.propublica.org/topics/health-care,0.5820403637495744,true,health,https://www.propublica.org/topics/health-care,2
propublica:1,What is ProPublica reporting about healthcare?,propublica,crawl4ai,5,https://www.propublica.org/datastore,0.5734852668889657,false,health,https://www.propublica.org/datastore,3
propublica:2,What ProPublica articles discuss politics and government accountability?,propublica,crawl4ai,1,https://www.propublica.org/about,0.6484191284350664,false,politics,https://www.propublica.org/about,1
propublica:2,What ProPublica articles discuss politics and government accountability?,propublica,crawl4ai,2,https://www.propublica.org/atpropublica/propublica-selects-six-journalists-for-distinguished-fellows-program,0.6352328409107296,false,politics,https://www.propublica.org/atpropublica/propublica-selects-six-journalists-for-distinguished-fellows-program,2
propublica:2,What ProPublica articles discuss politics and government accountability?,propublica,crawl4ai,3,https://www.propublica.org/local-initiatives,0.6115143591203432,false,politics,https://www.propublica.org/local-initiatives,3
propublica:2,What ProPublica articles discuss politics and government accountability?,propublica,crawl4ai,4,https://www.propublica.org/collaborate,0.6104877719576347,false,politics,https://www.propublica.org/collaborate,4
propublica:2,What ProPublica articles discuss politics and government accountability?,propublica,crawl4ai,5,https://www.propublica.org/supporters,0.6063819632803749,false,politics,https://www.propublica.org/supporters,5
propublica:3,What environmental or climate investigations does ProPublica have?,propublica,crawl4ai,1,https://www.propublica.org/people/abrahm-lustgarten,0.6472682568462432,false,climate,https://www.propublica.org/people/abrahm-lustgarten,1
propublica:3,What environmental or climate investigations does ProPublica have?,propublica,crawl4ai,2,https://www.propublica.org/people/abrahm-lustgarten,0.6047040723837145,false,climate,https://www.propublica.org/people/abrahm-lustgarten,1
propublica:3,What environmental or climate investigations does ProPublica have?,propublica,crawl4ai,3,https://www.propublica.org/about,0.5981517191304594,false,climate,https://www.propublica.org/about,2
propublica:3,What environmental or climate investigations does ProPublica have?,propublica,crawl4ai,4,https://www.propublica.org/collaborate,0.5976026348480086,false,climate,https://www.propublica.org/collaborate,3
propublica:3,What environmental or climate investigations does ProPublica have?,propublica,crawl4ai,5,https://www.propublica.org/local-initiatives,0.5963752142689149,false,climate,https://www.propublica.org/local-initiatives,4
propublica:4,What ProPublica stories cover immigration?,propublica,crawl4ai,1,https://www.propublica.org/people/melissa-sanchez,0.6595087677049855,false,immigration,https://www.propublica.org/people/melissa-sanchez,1
propublica:4,What ProPublica stories cover immigration?,propublica,crawl4ai,2,https://www.propublica.org/article/trump-immigration-scams-complaints-doubled-ice,0.6344030514849172,true,immigration,https://www.propublica.org/article/trump-immigration-scams-complaints-doubled-ice,2
propublica:4,What ProPublica stories cover immigration?,propublica,crawl4ai,3,https://www.propublica.org/people/melissa-sanchez,0.6292242321830093,false,immigration,https://www.propublica.org/people/melissa-sanchez,1
propublica:4,What ProPublica stories cover immigration?,propublica,crawl4ai,4,https://www.propublica.org/article/second-trump-presidency-issues-contact,0.5974387034665767,false,immigration,https://www.propublica.org/article/second-trump-presidency-issues-contact,3
propublica:4,What ProPublica stories cover immigration?,propublica,crawl4ai,5,https://www.propublica.org/article/trump-inmigracion-estafas-denuncias-duplicaron-ice,0.5962396024617467,false,immigration,https://www.propublica.org/article/trump-inmigracion-estafas-denuncias-duplicaron-ice,4
propublica:5,What is the main ProPublica homepage with featured stories?,propublica,crawl4ai,1,https://www.propublica.org/about,0.6590693959238334,true,propublica.org/,https://www.propublica.org/about,1
propublica:5,What is the main ProPublica homepage with featured stories?,propublica,crawl4ai,2,https://www.propublica.org/impact,0.6139832002924894,true,propublica.org/,https://www.propublica.org/impact,2
propublica:5,What is the main ProPublica homepage with featured stories?,propublica,crawl4ai,3,https://www.propublica.org/collaborate,0.6136152007690655,true,propublica.org/,https://www.propublica.org/collaborate,3
propublica:5,What is the main ProPublica homepage with featured stories?,propublica,crawl4ai,4,https://www.propublica.org/atpropublica,0.613373907052942,true,propublica.org/,https://www.propublica.org/atpropublica,4
propublica:5,What is the main ProPublica homepage with featured stories?,propublica,crawl4ai,5,https://www.propublica.org/partners,0.6001768522318618,true,propublica.org/,https://www.propublica.org/partners,5
propublica:0,What ProPublica investigations cover criminal justice?,propublica,crawl4ai-raw,1,https://www.propublica.org/topics/criminal-justice,0.6444248788601343,true,criminal-justice,https://www.propublica.org/topics/criminal-justice,1
propublica:0,What ProPublica investigations cover criminal justice?,propublica,crawl4ai-raw,2,https://www.propublica.org/about,0.6152146720425615,false,criminal-justice,https://www.propublica.org/about,2
propublica:0,What ProPublica investigations cover criminal justice?,propublica,crawl4ai-raw,3,https://www.propublica.org/collaborate,0.6076638087033206,false,criminal-justice,https://www.propublica.org/collaborate,3
propublica:0,What ProPublica investigations cover criminal justice?,propublica,crawl4ai-raw,4,https://www.propublica.org/,0.6053863609160975,false,criminal-justice,https://www.propublica.org/,4
propublica:0,What ProPublica investigations cover criminal justice?,propublica,crawl4ai-raw,5,https://www.propublica.org,0.6053863609160975,false,criminal-justice,https://www.propublica.org,5
propublica:1,What is ProPublica reporting about healthcare?,propublica,crawl4ai-raw,1,https://www.propublica.org/about,0.6152293184055758,false,health,https://www.propublica.org/about,1
propublica:1,What is ProPublica reporting about healthcare?,propublica,crawl4ai-raw,2,https://www.propublica.org/topics/health-care,0.602821222174853,true,health,https://www.propublica.org/topics/health-care,2
propublica:1,What is ProPublica reporting about healthcare?,propublica,crawl4ai-raw,3,https://www.propublica.org/topics/health-care,0.5863630641828199,true,health,https://www.propublica.org/topics/health-care,2
propublica:1,What is ProPublica reporting about healthcare?,propublica,crawl4ai-raw,4,https://www.propublica.org/topics/health-care,0.5820403637495744,true,health,https://www.propublica.org/topics/health-care,2
propublica:1,What is ProPublica reporting about healthcare?,propublica,crawl4ai-raw,5,https://www.propublica.org/datastore,0.5735069047608798,false,health,https://www.propublica.org/datastore,3
propublica:2,What ProPublica articles discuss politics and government accountability?,propublica,crawl4ai-raw,1,https://www.propublica.org/about,0.6484191284350664,false,politics,https://www.propublica.org/about,1
propublica:2,What ProPublica articles discuss politics and government accountability?,propublica,crawl4ai-raw,2,https://www.propublica.org/atpropublica/propublica-selects-six-journalists-for-distinguished-fellows-program,0.6352328409107296,false,politics,https://www.propublica.org/atpropublica/propublica-selects-six-journalists-for-distinguished-fellows-program,2
propublica:2,What ProPublica articles discuss politics and government accountability?,propublica,crawl4ai-raw,3,https://www.propublica.org/local-initiatives,0.6115143591203432,false,politics,https://www.propublica.org/local-initiatives,3
propublica:2,What ProPublica articles discuss politics and government accountability?,propublica,crawl4ai-raw,4,https://www.propublica.org/collaborate,0.6104877719576347,false,politics,https://www.propublica.org/collaborate,4
propublica:2,What ProPublica articles discuss politics and government accountability?,propublica,crawl4ai-raw,5,https://www.propublica.org/reports,0.6064377056379849,false,politics,https://www.propublica.org/reports,5
propublica:3,What environmental or climate investigations does ProPublica have?,propublica,crawl4ai-raw,1,https://www.propublica.org/people/abrahm-lustgarten,0.6472359829077556,false,climate,https://www.propublica.org/people/abrahm-lustgarten,1
propublica:3,What environmental or climate investigations does ProPublica have?,propublica,crawl4ai-raw,2,https://www.propublica.org/people/abrahm-lustgarten,0.6047040723837145,false,climate,https://www.propublica.org/people/abrahm-lustgarten,1
propublica:3,What environmental or climate investigations does ProPublica have?,propublica,crawl4ai-raw,3,https://www.propublica.org/about,0.5981517191304594,false,climate,https://www.propublica.org/about,2
propublica:3,What environmental or climate investigations does ProPublica have?,propublica,crawl4ai-raw,4,https://www.propublica.org/collaborate,0.5976026348480086,false,climate,https://www.propublica.org/collaborate,3
propublica:3,What environmental or climate investigations does ProPublica have?,propublica,crawl4ai-raw,5,https://www.propublica.org/local-initiatives,0.5963752142689149,false,climate,https://www.propublica.org/local-initiatives,4
propublica:4,What ProPublica stories cover immigration?,propublica,crawl4ai-raw,1,https://www.propublica.org/people/melissa-sanchez,0.6595964198659331,false,immigration,https://www.propublica.org/people/melissa-sanchez,1
propublica:4,What ProPublica stories cover immigration?,propublica,crawl4ai-raw,2,https://www.propublica.org/article/trump-immigration-scams-complaints-doubled-ice,0.6344030514849172,true,immigration,https://www.propublica.org/article/trump-immigration-scams-complaints-doubled-ice,2
propublica:4,What ProPublica stories cover immigration?,propublica,crawl4ai-raw,3,https://www.propublica.org/people/melissa-sanchez,0.629321429279157,false,immigration,https://www.propublica.org/people/melissa-sanchez,1
propublica:4,What ProPublica stories cover immigration?,propublica,crawl4ai-raw,4,https://www.propublica.org/article/second-trump-presidency-issues-contact,0.5974387034665767,false,immigration,https://www.propublica.org/article/second-trump-presidency-issues-contact,3
propublica:4,What ProPublica stories cover immigration?,propublica,crawl4ai-raw,5,https://www.propublica.org/article/trump-inmigracion-estafas-denuncias-duplicaron-ice,0.5961937055270042,false,immigration,https://www.propublica.org/article/trump-inmigracion-estafas-denuncias-duplicaron-ice,4
propublica:5,What is the main ProPublica homepage with featured stories?,propublica,crawl4ai-raw,1,https://www.propublica.org/about,0.6590693959238334,true,propublica.org/,https://www.propublica.org/about,1
propublica:5,What is the main ProPublica homepage with featured stories?,propublica,crawl4ai-raw,2,https://www.propublica.org/impact,0.6141026415875205,true,propublica.org/,https://www.propublica.org/impact,2
propublica:5,What is the main ProPublica homepage with featured stories?,propublica,crawl4ai-raw,3,https://www.propublica.org/collaborate,0.6136152007690655,true,propublica.org/,https://www.propublica.org/collaborate,3
propublica:5,What is the main ProPublica homepage with featured stories?,propublica,crawl4ai-raw,4,https://www.propublica.org/atpropublica,0.6135778323675656,true,propublica.org/,https://www.propublica.org/atpropublica,4
propublica:5,What is the main ProPublica homepage with featured stories?,propublica,crawl4ai-raw,5,https://www.propublica.org/partners,0.6001768522318618,true,propublica.org/,https://www.propublica.org/partners,5
propublica:0,What ProPublica investigations cover criminal justice?,propublica,scrapy+md,1,https://www.propublica.org/reports/page/2,0.575384642062904,false,criminal-justice,https://www.propublica.org/reports/page/2,1
propublica:0,What ProPublica investigations cover criminal justice?,propublica,scrapy+md,2,https://www.propublica.org/article/how-does-journalism-work-propublica-illinois,0.5716512689915565,false,criminal-justice,https://www.propublica.org/article/how-does-journalism-work-propublica-illinois,2
propublica:0,What ProPublica investigations cover criminal justice?,propublica,scrapy+md,3,https://www.propublica.org/article/how-does-journalism-work-propublica-illinois,0.5695752766729,false,criminal-justice,https://www.propublica.org/article/how-does-journalism-work-propublica-illinois,2
propublica:0,What ProPublica investigations cover criminal justice?,propublica,scrapy+md,4,https://www.propublica.org/media-center,0.5692932574957865,false,criminal-justice,https://www.propublica.org/media-center,3
propublica:0,What ProPublica investigations cover criminal justice?,propublica,scrapy+md,5,https://www.propublica.org/article/how-does-journalism-work-propublica-illinois,0.5499528522948459,false,criminal-justice,https://www.propublica.org/article/how-does-journalism-work-propublica-illinois,2
propublica:1,What is ProPublica reporting about healthcare?,propublica,scrapy+md,1,https://www.propublica.org/topics/health-insurance/page/2,0.6208459709652082,true,health,https://www.propublica.org/topics/health-insurance/page/2,1
propublica:1,What is ProPublica reporting about healthcare?,propublica,scrapy+md,2,https://www.propublica.org/reports/page/2,0.5707952470106277,false,health,https://www.propublica.org/reports/page/2,2
propublica:1,What is ProPublica reporting about healthcare?,propublica,scrapy+md,3,https://www.propublica.org/people/maya-miller/page/8,0.5673854958030554,false,health,https://www.propublica.org/people/maya-miller/page/8,3
propublica:1,What is ProPublica reporting about healthcare?,propublica,scrapy+md,4,https://www.propublica.org/topics/health-insurance,0.5553731018042856,true,health,https://www.propublica.org/topics/health-insurance,4
propublica:1,What is ProPublica reporting about healthcare?,propublica,scrapy+md,5,https://www.propublica.org/article/how-rich-investors-not-doctors-profit-from-marking-up-er-bills,0.5550099468277696,false,health,https://www.propublica.org/article/how-rich-investors-not-doctors-profit-from-marking-up-er-bills,5
propublica:2,What ProPublica articles discuss politics and government accountability?,propublica,scrapy+md,1,https://www.propublica.org/reports/page/2,0.6381041234731645,false,politics,https://www.propublica.org/reports/page/2,1
propublica:2,What ProPublica articles discuss politics and government accountability?,propublica,scrapy+md,2,https://www.propublica.org/media-center,0.6114104863453058,false,politics,https://www.propublica.org/media-center,2
propublica:2,What ProPublica articles discuss politics and government accountability?,propublica,scrapy+md,3,https://www.propublica.org/reports,0.6042414511431136,false,politics,https://www.propublica.org/reports,3
propublica:2,What ProPublica articles discuss politics and government accountability?,propublica,scrapy+md,4,https://www.propublica.org/advertising,0.5888381914469484,false,politics,https://www.propublica.org/advertising,4
propublica:2,What ProPublica articles discuss politics and government accountability?,propublica,scrapy+md,5,https://www.propublica.org/fellowships,0.5849914476907386,false,politics,https://www.propublica.org/fellowships,5
propublica:3,What environmental or climate investigations does ProPublica have?,propublica,scrapy+md,1,https://www.propublica.org/reports/page/2,0.6004758275886447,false,climate,https://www.propublica.org/reports/page/2,1
propublica:3,What environmental or climate investigations does ProPublica have?,propublica,scrapy+md,2,https://www.propublica.org/media-center,0.5502135841944583,false,climate,https://www.propublica.org/media-center,2
propublica:3,What environmental or climate investigations does ProPublica have?,propublica,scrapy+md,3,https://www.propublica.org/article/how-does-journalism-work-propublica-illinois,0.5431402231656232,false,climate,https://www.propublica.org/article/how-does-journalism-work-propublica-illinois,3
propublica:3,What environmental or climate investigations does ProPublica have?,propublica,scrapy+md,4,https://www.propublica.org/topics/environment,0.5393806315173254,false,climate,https://www.propublica.org/topics/environment,4
propublica:3,What environmental or climate investigations does ProPublica have?,propublica,scrapy+md,5,https://www.propublica.org/advertising,0.5337245434805484,false,climate,https://www.propublica.org/advertising,5
propublica:4,What ProPublica stories cover immigration?,propublica,scrapy+md,1,https://www.propublica.org/article/trump-mass-deportation-campaign-first-year,0.6344714708351684,false,immigration,https://www.propublica.org/article/trump-mass-deportation-campaign-first-year,1
propublica:4,What ProPublica stories cover immigration?,propublica,scrapy+md,2,https://www.propublica.org/article/trump-mass-deportation-campaign-first-year,0.6030913005246085,false,immigration,https://www.propublica.org/article/trump-mass-deportation-campaign-first-year,1
propublica:4,What ProPublica stories cover immigration?,propublica,scrapy+md,3,https://www.propublica.org/,0.5829938191971418,false,immigration,https://www.propublica.org/,2
propublica:4,What ProPublica stories cover immigration?,propublica,scrapy+md,4,https://www.propublica.org/reports,0.5823413930880341,false,immigration,https://www.propublica.org/reports,3
propublica:4,What ProPublica stories cover immigration?,propublica,scrapy+md,5,https://www.propublica.org/diversity,0.5753570352042663,false,immigration,https://www.propublica.org/diversity,4
propublica:5,What is the main ProPublica homepage with featured stories?,propublica,scrapy+md,1,https://www.propublica.org/media-center,0.6054560444033227,true,propublica.org/,https://www.propublica.org/media-center,1
propublica:5,What is the main ProPublica homepage with featured stories?,propublica,scrapy+md,2,https://www.propublica.org/steal-our-stories,0.5986748127811469,true,propublica.org/,https://www.propublica.org/steal-our-stories,2
propublica:5,What is the main ProPublica homepage with featured stories?,propublica,scrapy+md,3,https://www.propublica.org/reports/page/2,0.5873955677510332,true,propublica.org/,https://www.propublica.org/reports/page/2,3
propublica:5,What is the main ProPublica homepage with featured stories?,propublica,scrapy+md,4,https://www.propublica.org/nerds/a-more-secure-and-anonymous-propublica-using-tor-hidden-services,0.5617500145352254,true,propublica.org/,https://www.propublica.org/nerds/a-more-secure-and-anonymous-propublica-using-tor-hidden-services,4
propublica:5,What is the main ProPublica homepage with featured stories?,propublica,scrapy+md,5,https://www.propublica.org/reports/page/2,0.5614264235483049,true,propublica.org/,https://www.propublica.org/reports/page/2,3
propublica:0,What ProPublica investigations cover criminal justice?,propublica,crawlee,1,https://www.propublica.org/topics/criminal-justice,0.6839006329561799,true,criminal-justice,https://www.propublica.org/topics/criminal-justice,1
propublica:0,What ProPublica investigations cover criminal justice?,propublica,crawlee,2,https://www.propublica.org/advertising,0.6248803307743602,false,criminal-justice,https://www.propublica.org/advertising,2
propublica:0,What ProPublica investigations cover criminal justice?,propublica,crawlee,3,https://www.propublica.org/press-releases,0.6248803307743602,false,criminal-justice,https://www.propublica.org/press-releases,3
propublica:0,What ProPublica investigations cover criminal justice?,propublica,crawlee,4,https://www.propublica.org/series/busted,0.6223326686533375,false,criminal-justice,https://www.propublica.org/series/busted,4
propublica:0,What ProPublica investigations cover criminal justice?,propublica,crawlee,5,https://www.propublica.org/impact,0.6195345951438755,false,criminal-justice,https://www.propublica.org/impact,5
propublica:1,What is ProPublica reporting about healthcare?,propublica,crawlee,1,https://www.propublica.org/advertising,0.5960833918428693,false,health,https://www.propublica.org/advertising,1
propublica:1,What is ProPublica reporting about healthcare?,propublica,crawlee,2,https://www.propublica.org/press-releases,0.5960833918428693,false,health,https://www.propublica.org/press-releases,2
propublica:1,What is ProPublica reporting about healthcare?,propublica,crawlee,3,https://www.propublica.org/about,0.5918883310601898,false,health,https://www.propublica.org/about,3
propublica:1,What is ProPublica reporting about healthcare?,propublica,crawlee,4,https://www.propublica.org/topics/health-care,0.5892004065877046,true,health,https://www.propublica.org/topics/health-care,4
propublica:1,What is ProPublica reporting about healthcare?,propublica,crawlee,5,https://www.propublica.org/about,0.589168966315826,false,health,https://www.propublica.org/about,3
propublica:2,What ProPublica articles discuss politics and government accountability?,propublica,crawlee,1,https://www.propublica.org/topics/politics,0.6276989111596887,true,politics,https://www.propublica.org/topics/politics,1
propublica:2,What ProPublica articles discuss politics and government accountability?,propublica,crawlee,2,https://www.propublica.org/about,0.6250154253852056,false,politics,https://www.propublica.org/about,2
propublica:2,What ProPublica articles discuss politics and government accountability?,propublica,crawlee,3,https://www.propublica.org/reports,0.6096612128720005,false,politics,https://www.propublica.org/reports,3
propublica:2,What ProPublica articles discuss politics and government accountability?,propublica,crawlee,4,https://www.propublica.org/local-initiatives,0.6078361787153393,false,politics,https://www.propublica.org/local-initiatives,4
propublica:2,What ProPublica articles discuss politics and government accountability?,propublica,crawlee,5,https://www.propublica.org/topics/criminal-justice,0.6006610179289638,false,politics,https://www.propublica.org/topics/criminal-justice,5
propublica:3,What environmental or climate investigations does ProPublica have?,propublica,crawlee,1,https://www.propublica.org/people/abrahm-lustgarten,0.624052851425227,false,climate,https://www.propublica.org/people/abrahm-lustgarten,1
propublica:3,What environmental or climate investigations does ProPublica have?,propublica,crawlee,2,https://www.propublica.org/atpropublica/propublica-selects-six-journalists-for-distinguished-fellows-program,0.6062210437249721,false,climate,https://www.propublica.org/atpropublica/propublica-selects-six-journalists-for-distinguished-fellows-program,2
propublica:3,What environmental or climate investigations does ProPublica have?,propublica,crawlee,3,https://www.propublica.org/collaborate,0.5924420354738964,false,climate,https://www.propublica.org/collaborate,3
propublica:3,What environmental or climate investigations does ProPublica have?,propublica,crawlee,4,https://www.propublica.org/local-initiatives,0.582508851105578,false,climate,https://www.propublica.org/local-initiatives,4
propublica:3,What environmental or climate investigations does ProPublica have?,propublica,crawlee,5,https://www.propublica.org/impact,0.5801894319776907,false,climate,https://www.propublica.org/impact,5
propublica:4,What ProPublica stories cover immigration?,propublica,crawlee,1,https://www.propublica.org/people/melissa-sanchez,0.6204193463306027,false,immigration,https://www.propublica.org/people/melissa-sanchez,1
propublica:4,What ProPublica stories cover immigration?,propublica,crawlee,2,https://www.propublica.org/article/trump-immigration-scams-complaints-doubled-ice,0.6133272163816945,true,immigration,https://www.propublica.org/article/trump-immigration-scams-complaints-doubled-ice,2
propublica:4,What ProPublica stories cover immigration?,propublica,crawlee,3,https://www.propublica.org/people/melissa-sanchez,0.6089550096359536,false,immigration,https://www.propublica.org/people/melissa-sanchez,1
propublica:4,What ProPublica stories cover immigration?,propublica,crawlee,4,https://www.propublica.org/people/gabriel-sandoval,0.6038899106114979,false,immigration,https://www.propublica.org/people/gabriel-sandoval,3
propublica:4,What ProPublica stories cover immigration?,propublica,crawlee,5,https://www.propublica.org/impact,0.5951661473255212,false,immigration,https://www.propublica.org/impact,4
propublica:5,What is the main ProPublica homepage with featured stories?,propublica,crawlee,1,https://www.propublica.org/about,0.6361858004052259,true,propublica.org/,https://www.propublica.org/about,1
propublica:5,What is the main ProPublica homepage with featured stories?,propublica,crawlee,2,https://www.propublica.org/about,0.620904408850102,true,propublica.org/,https://www.propublica.org/about,1
propublica:5,What is the main ProPublica homepage with featured stories?,propublica,crawlee,3,https://www.propublica.org/steal-our-stories,0.612885748245933,true,propublica.org/,https://www.propublica.org/steal-our-stories,2
propublica:5,What is the main ProPublica homepage with featured stories?,propublica,crawlee,4,https://www.propublica.org/local-initiatives,0.6123939958831681,true,propublica.org/,https://www.propublica.org/local-initiatives,3
propublica:5,What is the main ProPublica homepage with featured stories?,propublica,crawlee,5,https://www.propublica.org/collaborate,0.6072950547872776,true,propublica.org/,https://www.propublica.org/collaborate,4
propublica:0,What ProPublica investigations cover criminal justice?,propublica,colly+md,1,https://www.propublica.org/article/columbia-university-robert-hadden-obgyn-sexual-,0.6234363634578659,false,criminal-justice,https://www.propublica.org/article/columbia-university-robert-hadden-obgyn-sexual-,1
propublica:0,What ProPublica investigations cover criminal justice?,propublica,colly+md,2,https://www.propublica.org/article/joseph-schwartz-trump-pardon-skyline-nursing-ho,0.6166697983428789,false,criminal-justice,https://www.propublica.org/article/joseph-schwartz-trump-pardon-skyline-nursing-ho,2
propublica:0,What ProPublica investigations cover criminal justice?,propublica,colly+md,3,https://www.propublica.org/article/nike-jobs-indonesia-living-wages,0.6151144879203737,false,criminal-justice,https://www.propublica.org/article/nike-jobs-indonesia-living-wages,3
propublica:0,What ProPublica investigations cover criminal justice?,propublica,colly+md,4,https://www.propublica.org/,0.6042026090766267,false,criminal-justice,https://www.propublica.org/,4
propublica:0,What ProPublica investigations cover criminal justice?,propublica,colly+md,5,https://www.propublica.org/article/louisiana-parole-drop-jeff-landry,0.5844595930116261,false,criminal-justice,https://www.propublica.org/article/louisiana-parole-drop-jeff-landry,5
propublica:1,What is ProPublica reporting about healthcare?,propublica,colly+md,1,https://www.propublica.org/article/nike-jobs-indonesia-living-wages,0.5983037083677116,false,health,https://www.propublica.org/article/nike-jobs-indonesia-living-wages,1
propublica:1,What is ProPublica reporting about healthcare?,propublica,colly+md,2,https://www.propublica.org/topics/mental-health,0.5960187092218664,true,health,https://www.propublica.org/topics/mental-health,2
propublica:1,What is ProPublica reporting about healthcare?,propublica,colly+md,3,https://www.propublica.org/article/propublica-files-lawsuit-seeking-medical-stockp,0.5866873871876618,false,health,https://www.propublica.org/article/propublica-files-lawsuit-seeking-medical-stockp,3
propublica:1,What is ProPublica reporting about healthcare?,propublica,colly+md,4,https://www.propublica.org/topics/abortion,0.5693670408643726,false,health,https://www.propublica.org/topics/abortion,4
propublica:1,What is ProPublica reporting about healthcare?,propublica,colly+md,5,https://projects.propublica.org/datastore/,0.5634876569190224,false,health,https://projects.propublica.org/datastore/,5
propublica:2,What ProPublica articles discuss politics and government accountability?,propublica,colly+md,1,https://www.propublica.org/impact,0.6020509611571986,false,politics,https://www.propublica.org/impact,1
propublica:2,What ProPublica articles discuss politics and government accountability?,propublica,colly+md,2,https://www.propublica.org/tips/federal-workers/,0.5990924621907545,false,politics,https://www.propublica.org/tips/federal-workers/,2
propublica:2,What ProPublica articles discuss politics and government accountability?,propublica,colly+md,3,https://www.propublica.org/topics/politics,0.5965936001498231,true,politics,https://www.propublica.org/topics/politics,3
propublica:2,What ProPublica articles discuss politics and government accountability?,propublica,colly+md,4,https://www.propublica.org/article/nike-jobs-indonesia-living-wages,0.5859767365186743,false,politics,https://www.propublica.org/article/nike-jobs-indonesia-living-wages,4
propublica:2,What ProPublica articles discuss politics and government accountability?,propublica,colly+md,5,https://www.propublica.org/,0.5776008851276536,false,politics,https://www.propublica.org/,5
propublica:3,What environmental or climate investigations does ProPublica have?,propublica,colly+md,1,https://www.propublica.org/people/abrahm-lustgarten,0.6151534031486647,false,climate,https://www.propublica.org/people/abrahm-lustgarten,1
propublica:3,What environmental or climate investigations does ProPublica have?,propublica,colly+md,2,https://www.propublica.org/people/abrahm-lustgarten/page/3,0.6151479378104162,false,climate,https://www.propublica.org/people/abrahm-lustgarten/page/3,2
propublica:3,What environmental or climate investigations does ProPublica have?,propublica,colly+md,3,https://www.propublica.org/impact,0.5788615736551637,false,climate,https://www.propublica.org/impact,3
propublica:3,What environmental or climate investigations does ProPublica have?,propublica,colly+md,4,https://www.propublica.org/awards/sej-awards-for-reporting-on-the-environment-2,0.5710975072823131,false,climate,https://www.propublica.org/awards/sej-awards-for-reporting-on-the-environment-2,4
propublica:3,What environmental or climate investigations does ProPublica have?,propublica,colly+md,5,https://www.propublica.org/article/michigan-solar-farms-health-concerns-st-clair-c,0.5695450003098079,false,climate,https://www.propublica.org/article/michigan-solar-farms-health-concerns-st-clair-c,5
propublica:4,What ProPublica stories cover immigration?,propublica,colly+md,1,https://www.propublica.org/series/the-new-immigration,0.6820687044579871,true,immigration,https://www.propublica.org/series/the-new-immigration,1
propublica:4,What ProPublica stories cover immigration?,propublica,colly+md,2,https://www.propublica.org/series/inside-the-border-patrol,0.6628623331453719,false,immigration,https://www.propublica.org/series/inside-the-border-patrol,2
propublica:4,What ProPublica stories cover immigration?,propublica,colly+md,3,https://www.propublica.org/article/caught-in-crackdown-trump-immigration-ice-cbp-e,0.6464557911535713,true,immigration,https://www.propublica.org/article/caught-in-crackdown-trump-immigration-ice-cbp-e,3
propublica:4,What ProPublica stories cover immigration?,propublica,colly+md,4,https://www.propublica.org/series/the-new-immigration,0.6364360654144675,true,immigration,https://www.propublica.org/series/the-new-immigration,1
propublica:4,What ProPublica stories cover immigration?,propublica,colly+md,5,https://www.propublica.org/article/trump-inmigracion-estafas-denuncias-duplicaron-,0.6179303743789741,false,immigration,https://www.propublica.org/article/trump-inmigracion-estafas-denuncias-duplicaron-,4
propublica:5,What is the main ProPublica homepage with featured stories?,propublica,colly+md,1,https://www.propublica.org/,0.6057031031614712,true,propublica.org/,https://www.propublica.org/,1
propublica:5,What is the main ProPublica homepage with featured stories?,propublica,colly+md,2,https://www.propublica.org/newsletters,0.5960109543000373,true,propublica.org/,https://www.propublica.org/newsletters,2
propublica:5,What is the main ProPublica homepage with featured stories?,propublica,colly+md,3,https://www.propublica.org/awards,0.5956622977117325,true,propublica.org/,https://www.propublica.org/awards,3
propublica:5,What is the main ProPublica homepage with featured stories?,propublica,colly+md,4,https://www.propublica.org/staff,0.5954299058714814,true,propublica.org/,https://www.propublica.org/staff,4
propublica:5,What is the main ProPublica homepage with featured stories?,propublica,colly+md,5,https://www.propublica.org/topics,0.5951026605610114,true,propublica.org/,https://www.propublica.org/topics,5
propublica:0,What ProPublica investigations cover criminal justice?,propublica,playwright,1,https://www.propublica.org/topics/criminal-justice,0.6839006329561799,true,criminal-justice,https://www.propublica.org/topics/criminal-justice,1
propublica:0,What ProPublica investigations cover criminal justice?,propublica,playwright,2,https://www.propublica.org/press-releases,0.6248803307743602,false,criminal-justice,https://www.propublica.org/press-releases,2
propublica:0,What ProPublica investigations cover criminal justice?,propublica,playwright,3,https://www.propublica.org/advertising,0.6248602439059547,false,criminal-justice,https://www.propublica.org/advertising,3
propublica:0,What ProPublica investigations cover criminal justice?,propublica,playwright,4,https://www.propublica.org/series/busted,0.6221598345670728,false,criminal-justice,https://www.propublica.org/series/busted,4
propublica:0,What ProPublica investigations cover criminal justice?,propublica,playwright,5,https://www.propublica.org/impact,0.6200862506262466,false,criminal-justice,https://www.propublica.org/impact,5
propublica:1,What is ProPublica reporting about healthcare?,propublica,playwright,1,https://www.propublica.org/press-releases,0.5960833918428693,false,health,https://www.propublica.org/press-releases,1
propublica:1,What is ProPublica reporting about healthcare?,propublica,playwright,2,https://www.propublica.org/advertising,0.5960467910498931,false,health,https://www.propublica.org/advertising,2
propublica:1,What is ProPublica reporting about healthcare?,propublica,playwright,3,https://www.propublica.org/about,0.5918883310601898,false,health,https://www.propublica.org/about,3
propublica:1,What is ProPublica reporting about healthcare?,propublica,playwright,4,https://www.propublica.org/topics/health-care,0.5892004065877046,true,health,https://www.propublica.org/topics/health-care,4
propublica:1,What is ProPublica reporting about healthcare?,propublica,playwright,5,https://www.propublica.org/about,0.589168966315826,false,health,https://www.propublica.org/about,3
propublica:2,What ProPublica articles discuss politics and government accountability?,propublica,playwright,1,https://www.propublica.org/topics/politics,0.6277082732698612,true,politics,https://www.propublica.org/topics/politics,1
propublica:2,What ProPublica articles discuss politics and government accountability?,propublica,playwright,2,https://www.propublica.org/about,0.6250154253852056,false,politics,https://www.propublica.org/about,2
propublica:2,What ProPublica articles discuss politics and government accountability?,propublica,playwright,3,https://www.propublica.org/reports,0.6096612128720005,false,politics,https://www.propublica.org/reports,3
propublica:2,What ProPublica articles discuss politics and government accountability?,propublica,playwright,4,https://www.propublica.org/local-initiatives,0.6078361787153393,false,politics,https://www.propublica.org/local-initiatives,4
propublica:2,What ProPublica articles discuss politics and government accountability?,propublica,playwright,5,https://www.propublica.org/topics/criminal-justice,0.6006610179289638,false,politics,https://www.propublica.org/topics/criminal-justice,5
propublica:3,What environmental or climate investigations does ProPublica have?,propublica,playwright,1,https://www.propublica.org/people/abrahm-lustgarten,0.624052851425227,false,climate,https://www.propublica.org/people/abrahm-lustgarten,1
propublica:3,What environmental or climate investigations does ProPublica have?,propublica,playwright,2,https://www.propublica.org/atpropublica/propublica-selects-six-journalists-for-distinguished-fellows-program,0.6062210437249721,false,climate,https://www.propublica.org/atpropublica/propublica-selects-six-journalists-for-distinguished-fellows-program,2
propublica:3,What environmental or climate investigations does ProPublica have?,propublica,playwright,3,https://www.propublica.org/collaborate,0.5924420354738964,false,climate,https://www.propublica.org/collaborate,3
propublica:3,What environmental or climate investigations does ProPublica have?,propublica,playwright,4,https://www.propublica.org/local-initiatives,0.582508851105578,false,climate,https://www.propublica.org/local-initiatives,4
propublica:3,What environmental or climate investigations does ProPublica have?,propublica,playwright,5,https://www.propublica.org/impact,0.5805149086984079,false,climate,https://www.propublica.org/impact,5
propublica:4,What ProPublica stories cover immigration?,propublica,playwright,1,https://www.propublica.org/people/melissa-sanchez,0.6204042017076737,false,immigration,https://www.propublica.org/people/melissa-sanchez,1
propublica:4,What ProPublica stories cover immigration?,propublica,playwright,2,https://www.propublica.org/article/trump-immigration-scams-complaints-doubled-ice,0.6133222105596551,true,immigration,https://www.propublica.org/article/trump-immigration-scams-complaints-doubled-ice,2
propublica:4,What ProPublica stories cover immigration?,propublica,playwright,3,https://www.propublica.org/people/melissa-sanchez,0.6089132144153759,false,immigration,https://www.propublica.org/people/melissa-sanchez,1
propublica:4,What ProPublica stories cover immigration?,propublica,playwright,4,https://www.propublica.org/impact,0.5951993365055567,false,immigration,https://www.propublica.org/impact,3
propublica:4,What ProPublica stories cover immigration?,propublica,playwright,5,https://www.propublica.org/topics/criminal-justice,0.5930901777105632,false,immigration,https://www.propublica.org/topics/criminal-justice,4
propublica:5,What is the main ProPublica homepage with featured stories?,propublica,playwright,1,https://www.propublica.org/about,0.6361858004052259,true,propublica.org/,https://www.propublica.org/about,1
propublica:5,What is the main ProPublica homepage with featured stories?,propublica,playwright,2,https://www.propublica.org/about,0.6216259080177572,true,propublica.org/,https://www.propublica.org/about,1
propublica:5,What is the main ProPublica homepage with featured stories?,propublica,playwright,3,https://www.propublica.org/steal-our-stories,0.612885748245933,true,propublica.org/,https://www.propublica.org/steal-our-stories,2
propublica:5,What is the main ProPublica homepage with featured stories?,propublica,playwright,4,https://www.propublica.org/local-initiatives,0.6123939958831681,true,propublica.org/,https://www.propublica.org/local-initiatives,3
propublica:5,What is the main ProPublica homepage with featured stories?,propublica,playwright,5,https://www.propublica.org/collaborate,0.6072950547872776,true,propublica.org/,https://www.propublica.org/collaborate,4
